case,pv01,dv01_01,dv01_02,pv04_01,pv27,pv05,pv06_01,pv07_01,pv32_01,pv09,pv09_01,pv09_02,sd37,sd37_01,sd37_02,pv10,pv31,pv26,pv17,pv24,pv30,pv11_01,pv12,pv13_01,pv35,pv34,pv28,sd01,sd25_01,sd09_01,sd10,sd10_09,sd12,sd12_01,sd12_02,sd12_03,sd12_04,sd12_05,sd12_06,sd12_07,sd12_08,sd12_09,sd12_14,sd12_13,sd12_13a,sd14,sd14_10,sd17_01,sd40_01,sd21,sd21_10,sd30,sd50,sd50_01,sd50_02,sd47,sd47_01,sd47_02,sd45,sd45_01,sd45_02,sd36,sd36_01,sd36_02,sd52,sd52_01,sd52_02,sd49,sd49_01,sd49_02,sd44,sd44_01,sd44_02,sd41_16_cn,sd41_16_1,sd41_16_2,sd41_16_3,sd41_16_4,sd41_16_5,sd41_17_cn,sd41_17_1,sd41_17_2,sd41_17_3,sd41_17_4,sd41_17_5,sd41_12_cn,sd41_12_1,sd41_12_2,sd41_12_3,sd41_12_4,sd41_12_5,sd41_13_cn,sd41_13_1,sd41_13_2,sd41_13_3,sd41_13_4,sd41_13_5,sd41_07_cn,sd41_07_1,sd41_07_2,sd41_07_3,sd41_07_4,sd41_07_5,sd41_18_cn,sd41_18_1,sd41_18_2,sd41_18_3,sd41_18_4,sd41_18_5,sd41_15_cn,sd41_15_1,sd41_15_2,sd41_15_3,sd41_15_4,sd41_15_5,sd41_06_cn,sd41_06_1,sd41_06_2,sd41_06_3,sd41_06_4,sd41_06_5,sd41_11_cn,sd41_11_1,sd41_11_2,sd41_11_3,sd41_11_4,sd41_11_5,sd41_04_cn,sd41_04_1,sd41_04_2,sd41_04_3,sd41_04_4,sd41_04_5,sd41_03_cn,sd41_03_1,sd41_03_2,sd41_03_3,sd41_03_4,sd41_03_5,sd41_05_cn,sd41_05_1,sd41_05_2,sd41_05_3,sd41_05_4,sd41_05_5,sd41_10_cn,sd41_10_1,sd41_10_2,sd41_10_3,sd41_10_4,sd41_10_5,sd41_09_cn,sd41_09_1,sd41_09_2,sd41_09_3,sd41_09_4,sd41_09_5,sd43_16_cn,sd43_16_1,sd43_16_2,sd43_16_3,sd43_17_cn,sd43_17_1,sd43_17_2,sd43_17_3,sd43_12_cn,sd43_12_1,sd43_12_2,sd43_12_3,sd43_13_cn,sd43_13_1,sd43_13_2,sd43_13_3,sd43_07_cn,sd43_07_1,sd43_07_2,sd43_07_3,sd43_18_cn,sd43_18_1,sd43_18_2,sd43_18_3,sd43_15_cn,sd43_15_1,sd43_15_2,sd43_15_3,sd43_06_cn,sd43_06_1,sd43_06_2,sd43_06_3,sd43_11_cn,sd43_11_1,sd43_11_2,sd43_11_3,sd43_04_cn,sd43_04_1,sd43_04_2,sd43_04_3,sd43_03_cn,sd43_03_1,sd43_03_2,sd43_03_3,sd43_05_cn,sd43_05_1,sd43_05_2,sd43_05_3,sd43_10_cn,sd43_10_1,sd43_10_2,sd43_10_3,sd43_09_cn,sd43_09_1,sd43_09_2,sd43_09_3,sd39,sd38,sd51,sd48,sd46,sd54_01,ta02,ta03_count,ta03_1,ta03_2,ta03_3,ta03_4,ta03_5,ta03_6,ta03_7,ta03_8,ta03_9,ta03_10,ta03_11,ta03_12,ta03_13,ta03_14,ta03_15,ta03_16,ta03_17,ta03_18,ta03_19,ta03_20,ta03_21,ta03_22,ta03_23,ta03_24,ta04_count,ta04_1,ta04_2,ta04_3,ta04_4,ta04_5,ta04_6,ta04_7,ta04_8,ta04_9,ta04_10,ta04_11,ta04_12,ta04_13,ta04_14,ta04_15,ta04_16,ta04_17,ta04_18,ta04_19,ta04_20,ta04_21,ta04_22,ta04_23,ta04_24,ta05_01,ta06_01,ta07_01,ta08_01,ta09_01,age,protrans_att,protrans_attex,pronuke_att,num_charg,sizeclas,school,isced11,nuts2,nuts3,flatsize,hh_size,num_chld,hh_inc,size_pp,pv_year,fit,pv_pow,pv_cost,pv_gen23,pv_fin23,pv_fin23eur,pv_gen22,pv_fin22,pv_fin22eur,pv_purc,pv_purceur,pvfi_23,pvfi_22,no_purc,no_purceur,elcpur23_pv,elcpur23_non,elcpur23,pvsc_23,pvsc_22,raus,outlier,filter,tv,dish,wash,dryer,pc,oven,freezer,heater,ebike,ecar,aircon,sauna,pool,fridge,,ta08_01_korr
2576,1,8,9,"3,6",2,25,3600,1000, ,2, ,200,1,2000, ,2,2,3, ,3,6, , , ,2, , ,2,1973,    9399,5, ,1,1,1,2,1,1,1,1,1,1,1,1, ,4, ,3800,150,3, ,1,2, ,1200, , , , , , , , , ,2, ,0, , , , , , ,1,1,1,1,2,1,1,1,1,1,1,2,1,1,1,1,2,1,1,1,1,1,1,2,1,1,1,1,1,2,1,1,1,1,1,2,1,1,1,1,2,1,1,1,1,1,2,1,1,1,1,1,2,1,1,1,1,1,2,1,1,1,1,2,1,1,1,1,1,1,2,1,1,1,1,1,2,1,1,1,1,1,2,1, , , , , , , , , , , , , , , , , , , , , , , , , , , , , , , , , , , , , , , , , , , , , , , , , , , , , , , , ,3, ,-8, , ,9,24,2,1,1,1,1,1,1,1,1,1,1,1,2,2,1,1,1,1,1,1,1,1,1,1,1,2,1,1,1,1,1,1,1,1,1,1,1,1,1,2,2,1,1,1,1,1,1,1,1,1,",3",3,60,35,10,50,"2,5","2,38461538461538",2,2,3,2,3,93,939,150,3,1,3800,50,2023,"8,2","3,6",3600,1000, ,200, , , ,2000, ,"2439,0243902439", , , ,2000, ,2000,"-1439,0243902439", ,0, , ,1,1,1,1,1,1,1,1,1,2,1,1,1,1,,34
2802,1,9,8,"1,22",2,20,9000,1900, ,1,1500, ,1,300, ,1,2,2,4,3,3,"1,1",8,400,2, ,2,2,1976,   86470,7, ,1,1,1,1,1,1,1,1,2,1,1,1, ,4, ,3300,143,4, ,2,1,340, , , , , , , , , , ,1,1000, , , , , , , ,1,1,1,1,2,1,1,1,1,2,1,1,1,1,2,1,1,1,1,2,1,1,1,1,1,1,2,1,1,1,1,1,1,2,1,1,1,1,1,1,2,1,1,1,1,1,1,2,1,1,1,1,2,1,1,1,1,2,1,1,1,1,1,2,1,1,1,1,1,2,1,1,1,1,1,1,2,1,1,1,1,1,1,2, , , , , , , , , , , , , , , , , , , , , , , , , , , , , , , , , , , , , , , , , , , , , , , , , , , , , , , , ,3, ,2, , ,8,2,2,1,1,1,1,1,2,1,1,1,1,1,1,1,1,1,1,1,1,1,2,1,1,1,1,2,1,1,1,1,1,1,1,2,1,1,1,1,1,1,1,1,1,2,1,1,1,1,1,1,"1,1",4,45,41,15,47,"2,9","2,84615384615385","2,5",5,1,5,7,86,864,143,4,2,3300,"35,75",2018,"12,05","1,22",9000,1900,1500, , , , ,300, ,1500, , , ,300, ,300,400, ,0, , ,2,2,2,2,2,1,1,1,2,2,2,1,1,1,,40
3473,1,4,4,"3,6",2,21,1500,2578, ,1,1658, ,1,438, ,2,2,5, ,22,22, , , ,2, , ,2,1969,   34454,4, ,1,1,1,2,1,1,1,1,1,1,1,1, ,4, ,3000,70,1, ,0,2, ,800, , , , , , ,2, ,85,2, ,580, , , , , , ,1,1,1,1,2,1,1,1,1,1,2,1,1,1,1,1,2,1,1,1,1,1,2,1,1,1,1,1,2,1,1,1,1,1,2,1,1,1,1,1,2,1,1,1,1,1,2,1,1,1,1,1,2,1,1,1,1,2,1,1,1,1,1,2,1,1,1,1,1,1,1,2,1,2,1,1,1,1,1,2,1,1,1,1, , , , , , , , , , , , , , , , , , , , , , , , , , , , , , , , , , , , , , , , , , , , , , , , , , , , , , , , ,2,1,2, , ,6,23,2,1,1,1,1,1,1,1,2,1,1,1,1,1,1,1,1,1,1,2,1,1,1,1,1,2,1,1,1,1,1,1,1,2,1,1,1,1,1,1,1,1,1,1,2,1,1,1,1,1,0,0,56,-1,5,54,3,3,3,1,3,2,3,34,344,70,1, ,3000,70,2019,"10,72","3,6",1500,2578,1658, , , , ,438, ,1658, , , ,438, ,438,920, ,0, , ,1,1,1,1,1,1,1,1,2,2,1,2,2,1,,
3695,1,8,6,"9,7",2,25, ,38, ,2, , ,2, ,1000,1,2,1,15,15,6,10,15,6700,3, ,1,2,1984,   65326,6, ,1,1,1,1,1,1,2,1,1,1,1,1, ,5, ,5500,146,4, ,2,2, ,2200, , , , , , ,2, ,380,2, ,350, , , , , , ,0,1,1,1,1,1,1,2,1,1,1,1,1,2,1,1,1,1,1,2,1,1,1,1,1,2,1,1,1,1,1,2,1,1,1,1,1,2,1,1,1,1,1,2,1,1,1,1,1,2,1,1,1,1,1,2,1,1,1,1,1,2,1,1,1,1,1,1,2,1,1,1,1,2,1,1,1,1,1,2,1,1,1,1, , , , , , , , , , , , , , , , , , , , , , , , , , , , , , , , , , , , , , , , , , , , , , , , , , , , , , , , ,2,1,1, , ,4,4,6,1,1,1,1,1,1,1,1,1,1,1,2,1,2,2,2,2,2,1,1,1,1,1,1,9,1,1,1,1,1,1,1,1,1,2,2,2,2,2,2,2,2,2,1,1,1,1,1,1, ,"3,5",11,51,50,39,"2,7","2,69230769230769",3,7,9,2,3,65,653,146,4,2,5500,"36,5",2023,"8,2","9,7", ,38, , , , , , ,1000, , , , ,"2161,22757726389", ,"2161,22757726389", , ,0, , ,2,2,2,2,2,2,2,2,2,2,2,2,2,1,,50
3754,1,7,5,"2,5",2,19,15000,2354, ,2, ,",19",1,1200, ,1,2,2,10,10,10,"2,5",9,1500,1, ,2,1,1971,   35460,4, ,1,1,2,1,1,1,1,1,1,1,1,1, ,4, ,4000,140,2, ,0,2, ,600, , , , , , , , , ,1,1000, , , , , , , ,1,1,1,1,2,1,1,1,1,2,1,1,1,1,1,2,1,1,1,1,1,2,1,1,1,1,1,2,1,1,1,1,1,2,1,1,1,1,1,1,1,2,1,1,1,1,1,2,1,1,1,2,1,1,1,1,2,1,1,1,1,1,1,2,1,1,1,1,1,1,2,1,0,1,1,1,1,1,0,1,1,1,1,1, , , , , , , , , , , , , , , , , , , , , , , , , , , , , , , , , , , , , , , , , , , , , , , , , , , , , , , , ,3, ,2, , ,8,-9,2,1,1,1,1,1,1,1,2,1,1,1,1,1,1,1,1,1,1,1,2,1,1,1,1,2,1,1,1,1,1,1,2,1,1,1,1,1,1,1,1,1,1,1,1,1,2,1,1,1, , , ,-9, ,52,"3,1",3,"3,5",-9,2,2,2,35,354,140,2, ,4000,70,2017,"12,2","2,5",15000,2354, , , , , ,1200, , , , , ,1200, ,1200, , ,0, , ,2,2,2,2,2,1,1,2,2,2,1,1,1,1,,
4319,1,9,7,"1,23",1,24,53278,3243, ,1,2234, ,1,1077, ,2,2,2, ,4,5, , , ,3, , ,1,1990,   67310,4, ,1,1,1,2,1,1,1,1,1,1,1,1, ,-9, ,3209,150,4, ,2,1,5555, , , , , , , , , , ,1,4225, , , , , , , ,1,1,1,1,2,1,1,1,1,2,1,1,1,1,2,1,1,1,1,1,1,1,2,1,1,1,2,1,1,1,1,1,1,1,2,1,1,1,2,1,1,1,1,1,1,1,1,2,1,2,1,1,1,1,1,1,1,2,1,1,1,1,2,1,1,1,1,1,1,2,1,1,1,1,1,2,1,1,1,1,1,1,2,1, , , , , , , , , , , , , , , , , , , , , , , , , , , , , , , , , , , , , , , , , , , , , , , , , , , , , , , , ,3, ,2, , ,1,23,2,1,1,1,1,1,2,1,1,1,1,1,1,1,1,1,1,1,1,1,1,2,1,1,1,2,1,1,1,1,1,2,1,1,1,1,1,1,1,1,1,1,1,1,1,1,1,2,1,1,"3,1","1,5",40,66,70,33,"2,7","2,76923076923077",3,1,1,2,3,67,673,150,4,2,3209,"37,5",2022,"7,23","1,23",53278,3243,2234, , , , ,1077, ,2234, , , ,1077, ,1077,1009, ,0, , ,2,2,1,2,1,2,1,2,2,2,2,2,1,1,,65
4904,1,8,6,"1,2",2,23,25000,2500, ,1,1500, ,1,500, ,1,2,2,10,15,6,5000,14,5000,1, ,1,2,1993,   90431,6, ,1,1,1,1,1,2,1,1,1,1,1,1, ,4, ,7000,147,4, ,2,1,20000, , , , , , , ,1,5000, ,1,500, , , , , , , ,1,1,1,1,2,1,1,1,1,2,1,1,1,1,1,2,1,1,1,1,2,1,1,1,2,2,2,1,1,1,1,2,1,1,1,1,1,2,1,1,1,1,1,2,1,1,1,1,1,2,1,1,1,1,1,2,1,1,1,1,1,2,1,1,1,1,1,2,1,1,1,1,1,1,1,2,1,1,1,1,1,1,2,1, , , , , , , , , , , , , , , , , , , , , , , , , , , , , , , , , , , , , , , , , , , , , , , , , , , , , , , , ,2,1,1, , ,8,1,2,1,1,1,2,1,1,1,1,1,1,1,1,1,1,1,1,1,1,1,1,1,2,1,1,2,1,1,1,1,1,1,1,1,1,2,1,1,1,1,1,1,2,1,1,1,1,1,1,1,",5",4,1000,36,12,30,"3,2","3,07692307692308","2,5",4,1,2,6,90,904,147,4,2,7000,"36,75",2021,"7,53","1,2",25000,2500,1500, , , , ,500, ,1500, , , ,500, ,500,1000, ,0, , ,2,2,2,2,2,2,2,2,2,2,2,2,1,1,,35
5879,1,9,10,10,2,24,30000,6000, ,1,2000, ,2, ,0,1,2,3,6,20,10,7000,14,2600,3, ,1,1,1967,   39218,6, ,1,1,1,1,1,1,1,2,1,1,1,1, ,4, ,5000,100,3, ,0,1,3500, , , , , , , , , , ,1,0, , , , , , , ,1,1,1,1,2,1,1,1,1,1,2,1,1,1,1,1,2,1,1,1,1,1,2,1,1,1,1,1,2,1,1,1,1,1,1,2,1,1,1,1,1,2,1,1,1,1,2,1,1,1,1,2,1,1,1,2,1,1,1,1,1,2,1,1,1,1,1,1,1,1,2,1,1,1,1,2,1,1,1,1,1,1,2,1, , , , , , , , , , , , , , , , , , , , , , , , , , , , , , , , , , , , , , , , , , , , , , , , , , , , , , , , ,3, ,2, , ,7,23,2,1,1,1,1,1,1,1,1,1,1,1,1,1,1,1,1,1,1,2,2,1,1,1,1,2,1,1,1,1,1,1,1,1,1,2,2,1,1,1,1,1,1,1,1,1,1,1,1,1,2,0,56,29,50,56,"2,3",2,3,1,10,4,6,39,392,100,3, ,5000,"33,3333333333333",2022,"7,23",10,30000,6000,2000, , , , , ,0,2000, , , ,0, ,0,4000, ,0, , ,1,1,1,1,1,1,1,2,2,2,1,2,1,1,,28
6425,1,6,7,"1,3",2,21,421,231, ,1,25, ,1,42, ,1,2,1,3,7,3,"1,5",12,26,3, ,1,2,2003,   25474,7, ,1,1,1,1,1,1,1,1,2,1,1,1, ,3, ,17,21,4, ,0,1,13, , , , , , , ,1,24, ,2, ,235, , , , , , ,1,1,1,1,2,1,1,1,1,2,1,1,1,1,2,1,1,1,1,1,1,1,1,2,1,2,1,1,1,1,2,1,2,2,1,1,2,1,1,2,2,1,1,1,1,1,1,2,1,2,1,1,1,1,2,1,2,2,1,1,2,1,1,2,2,1,1,1,1,1,1,2,1,2,1,1,1,1,3,1,2,2,2,1, , , , , , , , , , , , , , , , , , , , , , , , , , , , , , , , , , , , , , , , , , , , , , , , , , , , , , , , ,2,2,2, , ,3,4,2,1,1,1,1,2,1,1,1,1,1,1,1,1,1,1,1,1,1,2,1,1,1,1,1,2,1,1,1,1,1,1,1,1,1,1,2,1,1,1,1,1,1,1,1,1,1,1,2,1,"1,3","1,1",23,30,13,20,"3,5","3,07692307692308","1,5",7,1,5,7,25,254,21,4, ,17,"5,25",2019,"10,72","1,3",421,231,25, , , , ,42, ,25, , , ,42, ,42,206, ,0, , ,2,2,1,2,2,2,1,2,2,2,1,2,2,1,,29
1710,1,6,6,10,1,25,26000,10, ,2, ,0,2, ,600,1,2,2,7,22,4,5,15,5000,1, ,1,1,1973,   85435,4, ,1,1,1,1,1,1,2,1,1,1,1,1, ,5, ,2500,150,3, ,0,2, ,600, , , , , , , , , ,2, ,0, , , , , , ,1,1,1,2,1,1,1,1,1,2,1,1,2,1,2,2,1,1,1,1,1,2,1,1,1,1,1,2,1,1,1,1,1,2,1,1,1,1,1,2,1,1,1,1,1,2,1,1,1,1,1,2,1,1,1,1,1,2,1,1,1,1,1,2,1,1,1,1,1,2,1,1,1,1,2,1,1,1,1,1,1,2,1,1, , , , , , , , , , , , , , , , , , , , , , , , , , , , , , , , , , , , , , , , , , , , , , , , , , , , , , , , ,3, ,2, , ,6,23,1,1,2,1,1,1,1,1,1,1,1,1,1,1,1,1,1,1,1,1,1,1,1,1,1,1,1,1,2,1,1,1,1,1,1,1,1,1,1,1,1,1,1,1,1,1,1,1,1,1,0,0,30,31,10,50,3,"2,92307692307692","2,5",1,10,2,3,85,854,150,3, ,2500,50,2023,"8,2",10,26000,10, ,0, , , , ,600,0, , , ,"1296,73654635833", ,"1296,73654635833",10, ,0, , ,2,2,2,2,2,2,2,2,2,2,2,2,2,2,,30
1807,1,5,6,"1,5",2,24,8500,1500, ,2, ,20,2, ,350,2,2,2, ,8,3, , , ,2, , ,2,1964,   75179,7, ,1,1,1,1,1,1,1,1,2,1,1,1, ,4, ,3500,120,2, ,0,2, ,750, , , , , , ,2, ,800,2, ,1350, , , , , , ,1,2,1,1,1,1,1,2,1,1,1,1,1,2,1,1,1,1,1,2,1,1,1,1,1,2,1,1,1,1,1,2,1,1,1,1,1,2,1,1,1,1,1,2,1,1,1,1,2,2,2,1,1,1,1,2,1,1,1,1,1,2,1,1,1,1,1,2,1,1,1,1,0,1,1,1,1,1,0,1,1,1,1,1, , , , , , , , , , , , , , , , , , , , , , , , , , , , , , , , , , , , , , , , , , , , , , , , , , , , , , , , ,2,1,2, , ,8,4,2,1,1,1,1,1,1,1,1,1,1,1,1,1,1,1,1,1,1,1,1,2,2,1,1,2,1,1,1,1,1,1,1,1,1,1,1,1,1,1,1,1,1,1,1,1,1,2,2,1,2,2,120,69,10,59,"2,5","2,38461538461538",2,7,1,5,7,75,751,120,2, ,3500,60,2022,"7,23","1,5",8500,1500, ,20, , , , ,350,"276,625172890733", , , ,"756,42965204236", ,"756,42965204236","1223,37482710927", ,0, , ,2,2,2,2,2,2,2,2,2,2,2,1,1,2,,68
1906,1,7,7,"1,5",1,19, ,2500, ,2, ,400,2, ,444,2,2,1, ,8,22, , , ,1, , ,2,1986,   22309,7, ,1,1,1,1,1,1,1,2,1,1,1,1, ,6, ,74512,150,2, ,0,2, ,44, , , , , , , , , ,2, ,44, , , , , , ,1,1,2,1,1,1,1,1,2,1,1,1,1,1,2,1,1,1,1,1,2,1,1,1,1,1,2,1,1,1,1,1,2,1,1,1,1,1,2,1,1,1,1,1,2,1,1,1,1,1,2,1,1,1,1,1,2,1,1,1,1,1,2,1,1,1,1,1,2,1,1,1,1,1,2,1,1,1,1,1,2,1,1,1, , , , , , , , , , , , , , , , , , , , , , , , , , , , , , , , , , , , , , , , , , , , , , , , , , , , , , , , ,3, ,2, , ,6,23,1,1,1,1,2,1,1,1,1,1,1,1,1,1,1,1,1,1,1,1,1,1,1,1,1,1,1,1,1,2,1,1,1,1,1,1,1,1,1,1,1,1,1,1,1,1,1,1,1,1,1,1,44,49,0,37,3,3,3,1,1,4,6,22,223,150,2, ,74512,75,2017,"12,2","1,5", ,2500, ,400, , , , ,444,"3278,68852459016", , , ,"959,585044305165", ,"959,585044305165","-778,688524590164", ,0, , ,2,2,2,2,2,2,2,2,2,2,2,2,2,2,,48
1977,1,8,9,"1,2",2,25,20500,1234, ,1,2341, ,1,1243, ,1,2,2,5,11,4,"2,3",15,5432,2, ,2,1,2001,    1069,7, ,1,1,2,1,1,1,1,1,1,1,1,1, ,3, ,3000,550,4, ,0,1,3113, , , , , , , ,1,2221, ,1,2312, , , , , , , ,1,1,1,2,1,1,1,1,1,1,2,1,1,1,2,1,1,1,1,1,1,2,1,1,1,1,1,2,1,1,1,1,2,1,1,1,1,1,2,1,1,1,1,1,1,1,2,1,1,1,2,1,1,1,1,1,2,1,1,1,1,2,1,1,1,1,1,1,2,1,1,1,1,2,1,1,1,1,1,1,2,1,1,1, , , , , , , , , , , , , , , , , , , , , , , , , , , , , , , , , , , , , , , , , , , , , , , , , , , , , , , , ,2,1,1, , ,6,5,3,1,1,1,1,1,1,1,2,1,1,1,1,1,1,1,1,2,1,1,1,2,1,1,1,3,1,1,1,1,1,1,1,2,1,1,1,1,1,1,1,1,1,2,1,1,2,1,1,1,5,3,35,64,50,22,"3,2","3,07692307692308","3,5",8,1,3,3,10,106,550,4, ,3000,"137,5",2023,"8,2","1,2",20500,1234,2341, , , , ,1243, ,2341, , , ,1243, ,1243,-1107, ,0, , ,1,2,2,2,2,2,1,2,2,2,2,2,2,2,,63
2027,1,6,6,1200,2,24,30000,1100, ,1,0, ,2, ,1500,1,2,2,10,22,8, ,13, ,3, ,1,2,1973,   99089,7, ,2,1,1,1,1,1,1,1,2,2,1,1, ,4, ,15000,180,2, ,0,2, ,1800, , , , , , , , , ,2, ,1000, , , , , , ,1,2,1,1,1,1,1,2,1,1,1,1,1,2,1,1,1,1,1,2,1,1,1,1,1,2,1,1,1,1,1,2,1,1,1,1,1,2,1,1,1,1,1,2,1,1,1,1,0,1,1,1,1,1,1,2,1,1,1,1,1,2,1,1,1,1,1,2,1,1,1,1,1,2,1,1,1,1,1,2,1,1,1,1, , , , , , , , , , , , , , , , , , , , , , , , , , , , , , , , , , , , , , , , , , , , , , , , , , , , , , , , ,3, ,2, , ,1,2,0,1,1,1,1,1,1,1,1,1,1,1,1,1,1,1,1,1,1,1,1,1,1,1,1,0,1,1,1,1,1,1,1,1,1,1,1,1,1,1,1,1,1,1,1,1,1,1,1,1, , , ,-9, ,50,3,3,3,5,1200,6,8,99,990,180,2, ,15000,90,2022,"7,23","1,2",30000,1100,0, , , , , ,1500,0, , , ,"3241,84136589583", ,"3241,84136589583",1100, ,0, , ,2,2,2,2,2,2,2,1,2,2,2,2,2,2,,
2079,1,1,1,"1,2",2,24,5500,10200, ,2, ,250,2, ,350,2,2,3, ,10,6, , , ,2, , ,2,1977,   74348,4, ,1,1,1,1,1,2,1,1,1,1,1,1, ,4, ,5000,500,5, ,3,2, ,550, , , , , , , , , ,2, ,0, , , , , , ,1,2,1,1,1,1,1,2,1,1,1,1,1,2,1,1,1,1,1,2,1,1,1,1,1,2,1,1,1,1,1,2,1,1,1,1,1,2,1,1,1,1,1,2,1,1,1,1,0,1,1,1,1,1,0,1,1,1,1,1,1,1,2,1,1,1,0,1,1,1,1,1,0,1,1,1,1,1,1,2,1,1,1,1, , , , , , , , , , , , , , , , , , , , , , , , , , , , , , , , , , , , , , , , , , , , , , , , , , , , , , , , ,3, ,2, , ,6,3,3,1,1,1,1,1,1,1,1,1,1,1,1,1,1,1,1,1,2,2,2,1,1,1,1,3,1,1,1,1,1,1,1,1,1,1,1,1,1,1,1,1,1,1,1,2,2,2,1,1,2,3,60,-1,0,46,"4,1","3,84615384615385",4,6,1,2,6,74,743,500,5,3,5000,100,2022,"7,23","1,2",5500,10200, ,250, , , , ,350,"3457,81466113416", , , ,"756,42965204236", ,"756,42965204236","6742,18533886584", ,0, , ,2,2,2,2,2,2,2,1,1,2,1,1,2,2,,
2188,1,7,4,10,2,23,13000,1150, ,1,300, ,1,500, ,2,2,3, ,12,10, , , ,2, , ,2,2003,   63454,7, ,1,2,1,1,1,1,1,1,1,1,1,1, ,3, ,5000,140,4, ,1,1,1400, , , , , , , ,2, , ,1,1400, , , , , , , ,1,1,1,2,1,1,1,1,1,2,1,1,1,2,1,1,1,1,1,1,1,1,1,2,1,1,1,1,1,2,1,1,1,1,2,1,1,2,1,1,1,1,1,2,1,1,1,1,1,1,1,1,1,2,1,2,1,1,1,1,1,1,1,2,1,1,1,1,1,1,2,1,1,2,1,1,1,1,0,1,1,1,1,1, , , , , , , , , , , , , , , , , , , , , , , , , , , , , , , , , , , , , , , , , , , , , , , , , , , , , , , , ,2,1,-8, , ,6,24,1,1,1,1,1,1,1,1,1,1,1,2,1,1,1,1,1,1,1,1,1,1,1,1,1,1,1,1,1,1,1,1,1,1,1,1,1,1,1,1,1,2,1,1,1,1,1,1,1,1,1,1,62,16,30,20,"2,6","2,61538461538462",2,2,10,3,3,63,634,140,4,1,5000,35,2021,"7,53",10,13000,1150,300, , , , ,500, ,300, , , ,500, ,500,850, ,0, , ,2,2,1,1,1,2,2,1,2,2,1,2,1,2,,15
2208,1,8,6,"1,8",2,22,35000,1000, ,2, ,200,1,4000, ,1,2,3,11,11,8,2,12,10000,2, ,2,2,1968,   40699,7, ,1,1,1,1,1,1,1,1,2,1,1,1, ,4, ,6000,120,4, ,3,1,4500, , , , , , , ,2, ,1000,2, ,4000, , , , , , ,1,1,1,1,1,2,1,2,1,1,1,1,1,2,1,1,1,1,1,2,1,1,1,1,0,1,1,1,1,1,1,1,1,1,2,1,1,1,1,2,1,1,1,1,1,2,1,1,1,1,1,1,2,1,1,1,1,1,2,1,1,1,1,2,1,1,1,1,1,1,2,1,0,1,1,1,1,1,0,1,1,1,1,1, , , , , , , , , , , , , , , , , , , , , , , , , , , , , , , , , , , , , , , , , , , , , , , , , , , , , , , , ,2,1,-8, , ,9,2,3,1,1,1,1,1,1,1,1,1,1,1,2,2,2,1,1,1,1,1,1,1,1,1,1,3,1,1,1,1,1,1,1,1,1,1,1,1,1,1,1,2,2,2,1,1,1,1,1,1,1,2,60,19,15,55,"3,1",3,3,5,1,5,7,40,406,120,4,3,6000,30,2020,"9,1","1,8",35000,1000, ,200, , , ,4000, ,"2197,8021978022", , , ,4000, ,4000,"-1197,8021978022", ,0, , ,2,2,2,1,1,2,2,1,1,2,1,1,1,1,,18
2222,1,6,7,2,2,23,10000,2000, ,2, ,300,1,2000, ,1,2,2,5,5,6,10,13,900,3, ,1,2,1984,     227,6, ,1,1,1,1,1,1,1,1,2,1,1,1, ,4, ,60000,200,4, ,2,1,4500, , , , , , , , , , ,2, ,300, , , , , , ,1,2,1,1,1,1,1,2,1,1,1,1,1,2,1,1,1,1,1,2,1,1,1,1,1,2,1,1,1,1,1,2,1,1,1,1,1,2,1,1,1,1,1,2,1,1,1,1,1,2,1,1,1,1,1,2,1,1,1,1,1,2,1,1,1,1,1,2,1,1,1,1,0,1,1,1,1,1,0,1,1,1,1,1, , , , , , , , , , , , , , , , , , , , , , , , , , , , , , , , , , , , , , , , , , , , , , , , , , , , , , , , ,3, ,2, , ,5,2,3,1,1,1,1,1,1,1,1,1,1,1,1,1,1,2,2,2,1,1,1,1,1,1,1,2,1,1,1,1,1,1,1,1,1,1,1,1,1,1,1,2,2,1,1,1,1,1,1,1,2,4,50,91,0,39,"3,7","3,61538461538462",3,5,2,5,7,22,227,200,4,2,60000,50,2021,"7,53",2,10000,2000, ,300, , , ,2000, ,"3984,06374501992", , , ,2000, ,2000,"-1984,06374501992", ,0, , ,2,2,2,2,2,2,2,2,2,2,2,1,1,2,,90
2223,1,8,8,"1,25",2,25,2000,5000, ,2, ,130,2, ,150,1,2,5,9,9,6,"1,5",15,2000,2, ,2,2,1998,   35315,7, ,1,1,1,1,1,1,1,2,1,1,1,1, ,6, ,15000,370,3, ,0,2, ,100, , , , , , , , , ,2, ,100, , , , , , ,1,2,1,1,1,1,1,2,1,1,1,1,1,2,1,1,1,1,1,2,1,1,1,1,1,2,1,1,1,1,1,2,1,1,1,1,0,1,1,1,1,1,1,2,1,1,1,1,1,2,1,1,1,1,1,2,1,1,1,1,1,2,1,1,1,1,0,1,1,1,1,1,0,1,1,1,1,1,0,1,1,1,1,1, , , , , , , , , , , , , , , , , , , , , , , , , , , , , , , , , , , , , , , , , , , , , , , , , , , , , , , , ,3, ,-8, , ,6,4,2,1,1,1,1,1,1,1,1,1,1,1,1,1,1,1,2,1,1,1,2,1,1,1,1,3,1,1,1,1,1,1,1,1,1,1,1,1,1,1,1,1,2,1,1,2,2,1,1,1,2,2,65,23,25,25,"3,5","3,38461538461538","3,5",7,1,4,6,35,353,370,3, ,15000,"123,333333333333",2023,"8,2","1,25",2000,5000, ,130, , , , ,150,"1585,36585365854", , , ,"324,184136589583", ,"324,184136589583","3414,63414634146", ,0, , ,2,2,2,2,2,1,2,2,2,2,1,1,1,2,,22
2234,1,7,8, ,1,25,20000, , ,-9, , ,-9, , ,1,2,3,10,20,1, ,15, ,1, ,1,1,1975,   69168,7, ,1,1,1,1,2,1,1,1,1,1,1,1, ,4, , ,140,3, ,1,-9, , , , , , , , , , , ,-9, , , , , , , , ,1,2,1,1,1,1,1,2,1,1,1,1,1,2,1,1,1,1,1,2,1,1,1,1,1,2,1,1,1,1,1,2,1,1,1,1,2,1,1,2,1,2,1,2,1,1,1,1,1,2,1,1,1,1,1,2,1,1,1,1,1,2,1,1,1,1,0,1,1,1,1,1,0,1,1,1,1,1,0,1,1,1,1,1, , , , , , , , , , , , , , , , , , , , , , , , , , , , , , , , , , , , , , , , , , , , , , , , , , , , , , , , ,3, ,-8, , ,5,5,13,2,2,2,2,2,2,2,1,1,1,1,1,1,1,1,1,1,1,2,2,2,2,2,2,24,2,2,2,2,2,2,2,2,2,2,2,2,2,2,2,2,2,2,2,2,2,2,2,2,",01",1, ,52,100,48,"4,1","4,07692307692308","4,5",8, ,3,4,69,691,140,3,1, ,"46,6666666666667",2023,"8,2", ,20000, , , , , , , , , , , , , , , , , ,0, , ,2,2,2,2,2,2,2,2,2,2,1,1,1,2,,51
2258,1,6,6,"1,2",2,22,10000,1000, ,1,1000, ,1,1000, ,1,2,1,3,10,10,"1,2",14,1000,2, ,1,1,1996,    7122,7, ,1,1,1,1,1,1,1,1,2,1,1,1, ,4, ,2000,100,1, ,0,1,1000, , , , , , , ,1,1000, ,1,1000, , , , , , , ,1,1,1,2,1,1,1,1,1,1,1,2,1,1,1,2,1,1,1,1,2,1,1,1,1,1,1,2,1,1,1,1,2,1,1,1,1,1,1,2,1,1,1,1,1,2,1,1,1,1,1,2,1,1,1,1,1,2,1,1,1,1,1,2,1,1,1,1,1,2,1,1,1,1,1,2,1,1,1,1,1,2,1,1, , , , , , , , , , , , , , , , , , , , , , , , , , , , , , , , , , , , , , , , , , , , , , , , , , , , , , , , ,2,1,1, , ,6,25,2,1,1,1,1,1,2,1,1,1,1,1,1,1,1,1,1,1,2,1,1,1,1,1,1,2,1,1,1,1,1,2,1,1,1,1,1,1,1,1,1,1,1,2,1,1,1,1,1,1,"1,2","1,2",50,28,12,27,3,3,3,3,1,5,7,71,712,100,1, ,2000,100,2020,"9,1","1,2",10000,1000,1000, , , , ,1000, ,1000, , , ,1000, ,1000,0, ,0, , ,1,2,2,2,2,2,2,2,2,2,2,2,2,2,,27
2283,1,4,5,"2,2",1,13,10000,800, ,2, ,46,2, ,22,2,2,2, ,10,2, , , ,1, , ,1,1983,     241,6, ,1,1,1,2,1,1,1,1,1,1,1,1, ,6, ,8000,178,4, ,2,2, ,0, , , , , , ,2, ,0,2, ,460, , , , , , ,1,1,2,1,1,1,1,1,2,1,1,1,1,1,2,1,1,1,1,1,2,1,1,1,1,1,2,1,1,1,1,1,1,2,1,1,1,1,2,1,1,1,2,1,2,2,1,1,0,1,1,1,1,1,0,1,1,1,1,1,1,1,1,2,1,1,1,1,1,2,1,1,0,1,1,1,1,1,1,1,2,1,1,1, , , , , , , , , , , , , , , , , , , , , , , , , , , , , , , , , , , , , , , , , , , , , , , , , , , , , , , , ,2,1,-8, , ,5,2,5,1,1,1,1,1,1,1,1,2,2,2,2,2,1,1,1,1,1,1,1,1,1,1,1,4,1,1,1,1,1,1,1,1,1,1,2,2,2,2,1,1,1,1,1,1,1,1,1,1,3,5,60,62,65,40,"2,9","2,84615384615385",2,5,2,2,3,24,241,178,4,2,8000,"44,5",2011,"28,74","2,2",10000,800, ,46, , , , ,22,"160,055671537926", , , ,"47,5470066998055", ,"47,5470066998055","639,944328462074", ,0, , ,2,2,2,2,2,2,2,1,1,2,2,1,2,2,,61
2334,1,8,8,8,2,24,20000,10000, ,1,4000, ,1,2500, ,1,2,1,15,15,3,5,14,4000,2, ,1,2,1985,   96472,6, ,2,1,1,2,1,1,1,1,2,1,1,1, ,4, ,5500,140,4, ,2,1,4500, , , , , , , ,1,2000, ,1,4000, , , , , , , ,1,2,1,1,1,1,1,2,1,1,1,1,1,2,1,1,1,1,1,2,1,1,1,1,1,2,1,1,1,1,1,2,1,1,1,1,1,2,1,1,1,1,1,2,1,1,1,1,1,2,1,1,1,1,1,2,1,1,1,1,1,1,1,2,1,1,1,1,1,2,1,1,1,1,1,1,1,2,1,1,1,1,1,2, , , , , , , , , , , , , , , , , , , , , , , , , , , , , , , , , , , , , , , , , , , , , , , , , , , , , , , , ,2,1,1, , ,6,24,2,1,1,1,1,1,1,1,1,1,1,1,1,1,1,1,2,2,1,1,1,1,1,1,1,5,1,1,1,1,1,1,1,1,1,1,2,2,2,2,2,1,1,1,1,1,1,1,1,1,1,2,32,29,10,38,3,"2,92307692307692","3,5",2,8,5,7,96,964,140,4,2,5500,35,2022,"7,23",8,20000,10000,4000, , , , ,2500, ,4000, , , ,2500, ,2500,6000, ,0, , ,2,2,2,2,2,2,2,2,2,2,2,1,1,2,,28
2373,1,10,9,18000,2,20,34000,7000, ,1,4000, ,1,4000, ,2,2,1, ,10,20, , , ,3, , ,2,1974,   79790,6, ,1,1,1,2,1,1,1,1,1,1,1,1, ,4, ,5300,150,2, ,0,1,3000, , , , , , , ,1,5000, ,1,4000, , , , , , , ,1,1,1,1,1,2,1,1,1,1,1,2,1,1,1,1,1,2,1,1,1,1,1,2,1,1,1,1,1,2,1,1,1,1,1,2,1,1,1,2,1,1,1,1,1,2,1,1,1,1,1,2,1,1,1,1,1,2,1,1,1,1,1,2,1,1,2,1,1,2,1,2,1,1,1,1,2,1,1,1,1,2,1,1, , , , , , , , , , , , , , , , , , , , , , , , , , , , , , , , , , , , , , , , , , , , , , , , , , , , , , , , ,2,2,1, , ,8,5,4,1,1,1,1,2,2,1,1,1,1,1,1,1,1,1,1,1,1,2,2,1,1,1,1,2,1,1,1,1,1,1,1,2,1,1,1,1,1,1,1,1,2,1,1,1,1,1,1,1,8,2,400,79,70,49,"3,2",3,"3,5",8,18000,2,3,79,797,150,2, ,5300,75,2018,"12,05",18,34000,7000,4000, , , , ,4000, ,4000, , , ,4000, ,4000,3000, ,0, , ,1,1,1,1,1,2,2,2,2,2,2,1,2,1,,78
2426,1,3,1,"13,5",2,25, ,4000, ,2, ,",37",2, ,90,1,2,2,5,10,10,1000,15,8000,1, ,1,1,1965,   24790,4, ,1,1,1,1,1,2,1,1,1,1,1,1, ,9, ,3000,150,3, ,0,2, ,150, , , , , , , , , ,2, ,224, , , , , , ,1,2,1,1,1,1,1,2,1,1,1,1,1,2,1,1,1,1,1,2,1,1,1,1,1,2,1,1,1,1,1,2,1,1,1,1,1,2,1,1,1,1,1,2,1,1,1,1,1,2,1,1,1,1,1,2,1,1,1,1,1,2,1,1,1,1,1,2,1,1,1,1,1,2,1,1,1,1,1,2,1,1,1,1, , , , , , , , , , , , , , , , , , , , , , , , , , , , , , , , , , , , , , , , , , , , , , , , , , , , , , , , ,3, ,2, , ,1,14,1,1,1,1,1,1,1,1,1,1,1,1,1,1,1,1,1,1,1,1,1,2,1,1,1,1,1,1,1,1,1,1,1,1,1,1,1,1,1,1,1,1,2,1,1,1,1,1,1,1,6,12,80,78,80,58,"1,9","1,84615384615385",3,17,13,2,6,24,247,150,3, ,3000,50,2023,"8,2","13,5", ,4000, , , , , , ,90, , , , ,"194,51048195375", ,"194,51048195375", , ,0, , ,2,2,2,2,2,2,2,2,2,2,2,2,2,2,,77
2440,1,3,1,",6",2,24,2000,60, ,2, ,0,1,4000, ,2,2,3, ,8,12, , , ,2, , ,2,1961,   51645,3, ,1,1,1,2,1,1,1,1,1,1,1,1, ,4, ,3500,220,3, ,1,1,4000, , , , , , , , , , ,1,0, , , , , , , ,1,2,1,1,1,1,1,2,1,1,1,1,1,2,1,1,1,1,1,2,1,1,1,1,0,1,1,1,1,1,1,2,1,1,1,1,1,2,1,1,1,1,1,2,1,1,1,1,1,2,1,1,1,1,1,2,1,1,1,1,1,2,1,1,1,1,0,1,1,1,1,1,0,1,1,1,1,1,0,1,1,1,1,1, , , , , , , , , , , , , , , , , , , , , , , , , , , , , , , , , , , , , , , , , , , , , , , , , , , , , , , , ,3, ,1, , ,6,4,2,1,1,1,1,1,1,1,1,1,1,1,1,1,1,1,1,1,2,1,1,2,1,1,1,2,1,1,1,1,1,1,1,1,1,1,1,1,1,2,2,1,1,1,1,1,1,1,1,1,3,3,50,101,100,62,"3,2","3,07692307692308","3,5",7,0,1,3,51,516,220,3,1,3500,"73,3333333333333",2022,"7,23",",6",2000,60, ,0, , , ,4000, ,0, , , ,4000, ,4000,60, ,0, , ,2,2,2,1,2,2,2,2,2,2,1,1,1,2,,100
2584,1,8,4,2000,2,25,15000,4563, ,2, ,500,1,8648, ,1,2,2,8,8,7,2,15,4000,2, ,2,1,1989,   97896,4, ,1,1,1,2,1,1,1,1,1,1,1,1, ,4, ,20000,110,4, ,2,2, ,1000, , , , , , ,2, ,400,1,5727, , , , , , , ,1,2,1,1,1,1,1,2,1,1,1,1,1,2,1,1,1,1,1,2,1,1,1,1,1,2,1,1,1,1,1,1,2,1,1,1,1,2,1,1,1,1,1,2,1,1,1,1,1,2,1,1,1,1,1,2,1,1,1,1,1,2,1,1,1,1,1,1,2,1,1,1,1,1,2,1,1,1,1,1,2,1,1,1, , , , , , , , , , , , , , , , , , , , , , , , , , , , , , , , , , , , , , , , , , , , , , , , , , , , , , , , ,2,1,1, , ,11,2,2,1,1,1,1,1,1,2,1,1,1,1,1,1,1,1,1,1,1,1,1,2,1,1,1,2,1,1,1,1,1,1,2,1,1,1,1,1,1,1,2,1,1,1,1,1,1,1,1,1,1,2,80,50,14,34,"2,7","2,84615384615385","3,5",5,2000,2,3,97,978,110,4,2,20000,"27,5",2023,"8,2",2,15000,4563, ,500, , , ,8648, ,"6097,56097560976", , , ,8648, ,8648,"-1534,56097560976", ,0, , ,2,2,2,2,2,2,2,2,2,2,2,2,2,2,,49
2595,1,10,11,30,1,25,30000,3500, ,2, ,220,2, ,300,1,2,3,10,15,6,"13,5",15,8500,1, ,2,2,1992,     763,7, ,1,1,1,1,1,1,1,1,2,1,1,1, ,4, ,5000,280,5, ,1,1,4200, , , , , , , ,2, ,100,2, ,0, , , , , , ,1,2,1,1,1,1,1,2,1,1,1,1,1,2,1,1,1,1,1,2,1,1,1,1,1,2,1,1,1,1,1,2,1,1,1,1,1,2,1,1,1,1,1,2,1,1,1,1,1,2,1,1,1,1,1,2,1,1,1,1,1,2,1,1,1,1,1,2,1,1,1,1,1,2,1,1,1,1,1,2,1,1,1,1, , , , , , , , , , , , , , , , , , , , , , , , , , , , , , , , , , , , , , , , , , , , , , , , , , , , , , , , ,2,1,1, , ,9,25,3,1,1,1,1,1,1,1,1,1,2,2,2,1,1,1,1,1,1,1,1,1,1,1,1,3,1,1,1,1,1,1,1,1,1,1,1,1,1,1,1,1,2,2,2,1,1,1,1,1,",5",0,15,30,50,31,"3,5","3,38461538461538",3,3,30,5,7,76,763,280,5,1,5000,56,2023,"8,2",30,30000,3500, ,220, , , , ,300,"2682,92682926829", , , ,"648,368273179166", ,"648,368273179166","817,073170731707", ,0, , ,2,2,2,2,2,2,2,2,2,2,2,2,2,2,,29
2679,1,5,3,"1,3",2,21,2600,1540, ,2, ,230,2, , ,2,2,2, ,2,4, , , ,2, , ,1,1996,   24637,6, ,1,1,1,2,1,1,1,1,1,1,1,1, ,4, ,4000,100,2, ,0,2, ,170, , , , , , ,2, ,130,2, , , , , , , , ,1,1,1,2,1,1,1,1,1,1,2,1,1,1,1,2,1,1,1,1,2,1,1,1,1,1,2,1,1,1,1,1,1,2,1,1,1,1,2,1,1,1,1,1,2,1,1,1,1,1,1,2,1,1,1,1,1,2,1,1,1,1,2,1,1,1,1,1,1,1,2,1,1,2,1,1,1,1,1,1,1,2,1,1, , , , , , , , , , , , , , , , , , , , , , , , , , , , , , , , , , , , , , , , , , , , , , , , , , , , , , , , ,2,1,-8, , ,5,2,4,2,2,2,2,1,1,1,1,1,1,1,1,1,1,1,1,1,1,1,1,1,1,1,1,4,1,1,1,1,1,1,2,2,2,2,1,1,1,1,1,1,1,1,1,1,1,1,1,1,2,2,60,69,11,27,"3,2","3,15384615384615","3,5",5,1,2,3,24,246,100,2, ,4000,50,2019,"10,72","1,3",2600,1540, ,230, , , , , ,"2145,5223880597", , , , , , ,"-605,522388059701", ,0, , ,1,2,2,2,2,2,2,2,2,2,1,2,2,2,,68
2892,1,3,2,"6,7",2,25,6000,300, ,1,189, ,1,490, ,2,2,3, ,10,3, , , ,3, , ,1,1993,   53557,7, ,1,1,1,1,1,1,1,1,2,1,1,1, ,4, ,4500,120,2, ,0,2, ,80, , , , , , ,1,200, ,1,80, , , , , , , ,1,2,1,1,1,1,1,2,1,1,1,1,1,1,2,1,1,1,1,2,1,1,1,1,1,2,1,1,1,1,1,2,1,1,1,1,1,2,1,1,1,1,1,2,1,1,1,1,1,2,1,1,1,1,1,2,1,1,1,1,1,2,1,1,1,1,1,2,1,1,1,1,1,2,1,1,1,1,1,2,1,1,1,1, , , , , , , , , , , , , , , , , , , , , , , , , , , , , , , , , , , , , , , , , , , , , , , , , , , , , , , , ,2,1,2, , ,2,5,0,1,1,1,1,1,1,1,1,1,1,1,1,1,1,1,1,1,1,1,1,1,1,1,1,0,1,1,1,1,1,1,1,1,1,1,1,1,1,1,1,1,1,1,1,1,1,1,1,1, , , ,-9, ,30,"2,9","2,69230769230769",4,8,6,5,7,53,535,120,2, ,4500,60,2023,"8,2","6,7",6000,300,189, , , , ,490, ,189, , , ,490, ,490,111, ,0, , ,2,2,2,2,2,2,2,2,2,2,2,2,2,2,,
2905,1,5,6,2000,2,24,45000,2000, ,1,1000, ,1,1000, ,2,2,2, ,15,6, , , ,2, , ,2,1988,   80331,7, ,1,1,1,1,1,1,1,1,2,1,1,1, ,4, ,4000,140,3, ,1,1,2000, , , , , , , , , , ,1,1000, , , , , , , ,1,1,1,1,1,2,1,1,1,1,1,2,1,1,1,1,1,2,1,1,1,1,1,2,0,1,1,1,1,1,1,1,1,2,1,1,1,1,2,1,1,1,1,1,1,2,1,1,1,1,2,1,1,1,1,1,2,1,1,1,1,1,2,1,1,1,1,1,2,1,1,1,1,1,1,2,1,1,2,1,2,1,2,1, , , , , , , , , , , , , , , , , , , , , , , , , , , , , , , , , , , , , , , , , , , , , , , , , , , , , , , , ,3, ,-8, , ,6,3,2,1,1,1,1,1,1,1,1,2,1,1,1,1,1,1,1,1,1,1,2,1,1,1,1,2,1,1,1,1,1,1,2,1,1,1,1,1,1,1,1,1,1,1,1,1,2,1,1,1,1,5,75,5,5,35,"3,1",3,"3,5",6,2000,5,7,80,803,140,3,1,4000,"46,6666666666667",2022,"7,23",2,45000,2000,1000, , , , ,1000, ,1000, , , ,1000, ,1000,1000, ,0, , ,1,1,1,1,2,2,2,2,2,2,2,2,2,1,,4
3042,1,6,6,"1,3",2,25,5000,5000, ,1,2053, ,1,2000, ,1,2,2,2,2,5,"1,5",15,5000,2, ,1,1,2000,   63607,7, ,1,1,1,1,2,1,1,1,1,1,1,1, ,4, ,3000,150,6, ,2,1,7000, , , , , , , ,1,2000, ,1,5000, , , , , , , ,1,2,1,1,1,1,1,2,1,1,1,1,1,2,1,1,1,1,1,2,1,1,1,1,1,2,1,1,1,1,1,2,1,1,1,1,1,2,1,1,1,1,1,2,1,1,1,1,1,2,1,1,1,1,1,2,1,1,1,1,1,2,1,1,1,1,1,2,1,1,1,1,0,1,1,1,1,1,1,2,1,1,1,1, , , , , , , , , , , , , , , , , , , , , , , , , , , , , , , , , , , , , , , , , , , , , , , , , , , , , , , , ,2,1,1, , ,4,2,6,1,1,1,1,1,1,1,1,1,1,1,1,1,1,1,2,2,2,2,2,2,1,1,1,5,1,1,1,1,1,1,1,2,2,2,2,2,1,1,1,1,1,1,1,1,1,1,1,1,3,5,200,49,25,23,"3,8","3,84615384615385","4,5",5,1,3,4,63,636,150,6,2,3000,25,2023,"8,2","1,3",5000,5000,2053, , , , ,2000, ,2053, , , ,2000, ,2000,2947, ,0, , ,2,2,2,2,2,2,2,2,2,2,2,1,2,2,,48
3063,1,5,5,"2,1",2,22,32000,1000,1450,2, ,",3",2, ,690,1,1,2,15,10,15,1500,13,6500,3,3,1,2,1979,   22880,7, ,1,1,1,1,1,1,1,1,2,1,1,1, ,4, ,2500,70,1, ,1,2, ,360, , , ,2, ,98, , , ,2, ,0, , , , , , ,1,2,1,1,1,1,1,2,1,1,1,1,1,2,1,1,1,1,1,2,1,1,1,1,1,1,1,1,1,2,1,2,1,1,1,1,1,2,1,1,1,1,1,2,1,1,1,1,1,2,1,1,1,1,1,2,1,1,1,1,1,2,1,1,1,1,1,1,2,1,1,1,0,1,1,1,1,1,0,1,1,1,1,1, , , , , , , , , , , , , , , , , , , , , , , , , , , , , , , , , , , , , , , , , , , , , , , , , , , , , , , , ,3, ,2, , ,4,2,2,1,1,1,1,1,1,1,1,1,1,1,1,1,1,1,1,1,1,1,1,2,2,1,1,2,1,1,1,1,1,1,1,1,1,1,1,1,1,1,1,1,1,1,1,1,2,2,1,1,"1,2",1,54,101,1,44,5,5,5,5,2,5,7,22,228,70,1,1,2500,70,2020,"9,1","2,1",32000,1000, , ,1450,890, , ,690, ,890, , ,"1491,24702831208", ,"1491,24702831208", ,560,0, , ,2,2,2,1,2,2,2,2,2,2,2,1,1,2,,100
3084,1,10,10,"1,2",2,23,1300,1200,1200,1,1200, ,1,1200, ,1,1,2,19,20,18,1200,13,20000,2,2,1,2,1990,   13505,7, ,1,1,2,1,1,1,1,1,1,1,1,1, ,4, ,4500,100,3, ,1,1,1300, , , , ,1,1300, ,1,2300, ,1,1300, , , , ,1,1300, ,1,2,1,1,1,1,1,2,1,1,1,1,1,2,1,1,1,1,1,2,1,1,1,1,1,2,1,1,1,1,1,1,2,1,1,1,1,1,2,1,1,1,1,2,1,1,1,1,1,2,1,1,1,1,1,1,2,1,1,1,1,2,1,1,1,1,1,1,2,1,1,1,1,2,1,1,1,1,1,1,2,1,1,1, , , , , , , , , , , , , , , , , , , , , , , , , , , , , , , , , , , , , , , , , , , , , , , , , , , , , , , , ,2,1,1, ,1,7,1,2,1,1,1,1,1,1,1,1,1,1,1,1,1,1,1,1,1,2,1,1,1,1,1,2,2,1,1,1,1,1,1,2,2,1,1,1,1,1,1,1,1,1,1,1,1,1,1,1,1,10,2,150,22,50,33,3,"3,23076923076923",3,4,1,3,3,13,135,100,3,1,4500,"33,3333333333333",2021,"7,53","1,2",1300,1200,1200, ,1200,1200, ,1200, ,1200,1200, , ,1200, ,1200,0,0,0, , ,2,2,2,2,2,2,2,2,2,2,2,2,2,2,,21
3171,1,6,3,"1,6",2,25,2000,"1,4", ,1,1, ,1,3500, ,2,2,2, ,5,10, , , ,2, , ,1,1978,    8525,5, ,1,1,1,1,2,1,1,1,1,1,1,1, ,-9, ,3900,180,5, ,2,1,4800, , , , , , , , , , ,1,4800, , , , , , , ,1,2,1,1,1,1,1,2,1,1,1,1,1,2,1,1,1,1,1,2,1,1,1,1,1,2,1,1,1,1,1,2,1,1,1,1,1,1,1,2,1,1,1,2,1,1,1,1,1,2,1,1,1,1,1,2,1,1,1,1,1,2,1,1,1,1,1,2,1,1,1,1,1,2,1,1,1,1,1,2,1,1,1,1, , , , , , , , , , , , , , , , , , , , , , , , , , , , , , , , , , , , , , , , , , , , , , , , , , , , , , , , ,3, ,2, , ,6,24,2,1,1,2,1,2,1,1,1,1,1,1,1,1,1,1,1,1,1,1,1,1,1,1,1,2,1,1,1,1,1,1,1,1,1,1,2,2,1,1,1,1,1,1,1,1,1,1,1,1,1,1,35,26,20,45,"2,9","2,83333333333333","3,5",2,1,2,4,85,852,180,5,2,3900,36,2023,"8,2","1,6",2000,"1,4",1, , , , ,3500, ,1, , , ,3500, ,3500,",4", ,0, , ,2,2,2,2,2,2,2,2,2,2,2,2,2,2,,25
3264,1,8,6,6,2,6,45000,800, ,1,800, ,1,800, ,2,2,3, ,20,22, , , ,2, , ,2,1998,   48727,6, ,2,1,1,2,1,1,1,2,1,1,1,1, ,3, ,3500,120,4, ,0,1,1000, , , , , , , , , , ,1,0, , , , , , , ,1,2,1,1,1,1,1,2,1,1,1,1,1,2,1,1,1,1,1,2,1,1,1,1,1,2,1,1,1,1,1,2,1,1,1,1,1,2,1,1,1,1,1,2,1,1,1,1,1,1,1,1,1,2,1,1,1,2,1,1,1,1,1,2,1,1,1,1,1,1,1,2,1,1,1,2,1,1,0,1,1,1,1,1, , , , , , , , , , , , , , , , , , , , , , , , , , , , , , , , , , , , , , , , , , , , , , , , , , , , , , , , ,3, ,1, , ,5,9,13,1,1,1,1,1,1,1,1,1,2,2,2,2,2,2,2,2,2,2,2,2,2,1,1,14,1,1,1,1,1,1,1,1,2,2,2,2,2,2,2,2,2,2,2,2,2,2,1,1,1,4,12,11,50,25,"2,5","2,23076923076923","1,5",12,6,4,6,48,487,120,4, ,3500,30,2004,"57,4",6,45000,800,800, , , , ,800, ,800, , , ,800, ,800,0, ,0, , ,2,2,2,2,2,2,2,1,2,2,1,2,1,2,,10
3339,1,3,3,10000,2,24,18000,10000, ,1,5000, ,1,1000, ,2,2,2, ,8,9, , , ,2, , ,2,1984,   89150,7, ,1,1,1,1,1,1,1,1,2,1,1,1, ,5, ,5500,150,4, ,2,1,5000, , , , , , , , , , ,1,4000, , , , , , , ,1,2,1,1,1,1,1,2,1,1,1,1,1,2,1,1,1,1,1,2,1,1,1,1,1,2,1,1,1,1,1,2,1,1,1,1,1,2,1,1,1,1,1,2,1,1,1,1,1,2,1,1,1,1,1,2,1,1,1,1,1,2,1,1,1,1,0,1,1,1,1,1,1,2,1,1,1,1,0,1,1,1,1,1, , , , , , , , , , , , , , , , , , , , , , , , , , , , , , , , , , , , , , , , , , , , , , , , , , , , , , , , ,3, ,2, , ,7,2,3,1,1,1,1,1,1,1,1,1,1,1,1,1,1,1,1,1,1,2,2,2,1,1,1,3,1,1,1,1,1,1,1,1,1,1,1,1,1,1,1,1,1,1,2,2,2,1,1,1,1,3,100,4,50,39,"2,1","1,92307692307692","1,5",5,10000,5,7,89,891,150,4,2,5500,"37,5",2022,"7,23",10,18000,10000,5000, , , , ,1000, ,5000, , , ,1000, ,1000,5000, ,0, , ,2,2,2,2,2,2,2,2,2,2,1,2,1,2,,3
3455,1,6,4,10,2,24,12000,500, ,2, ,100,1,2000, ,1,2,5,20,20,1,5,15,5000,2, ,2,1,1966,     796,7, ,1,1,1,1,1,1,1,1,1,2,1,1, ,9, ,3000,200,3, ,0,1,4000, , , , , , , ,2, ,0,2, ,0, , , , , , ,1,2,1,1,1,1,1,2,1,1,1,1,1,2,1,1,1,1,1,2,1,1,1,1,1,2,1,1,1,1,1,2,1,1,1,1,1,2,1,1,1,1,1,2,1,1,1,1,1,2,1,1,1,1,1,2,1,1,1,1,1,2,1,1,1,1,1,1,1,2,1,1,1,1,1,2,1,1,1,1,1,1,2,1, , , , , , , , , , , , , , , , , , , , , , , , , , , , , , , , , , , , , , , , , , , , , , , , , , , , , , , , ,2,-8,2, , ,6,7,1,1,1,1,1,1,1,1,1,1,1,2,1,1,1,1,1,1,1,1,1,1,1,1,1,1,1,1,1,1,1,1,1,1,1,1,1,1,1,1,1,2,1,1,1,1,1,1,1,1,1,1,5,52,50,57,"1,6","1,76923076923077",5,10,10,6,8,79,796,200,3, ,3000,"66,6666666666667",2022,"7,23",10,12000,500, ,100, , , ,2000, ,"1383,12586445367", , , ,2000, ,2000,"-883,125864453665", ,0, , ,2,2,2,2,2,2,2,2,2,2,2,2,1,2,,51
3525,1,10,10,10,2,22,20000,900, ,1,300, ,1,2000, ,2,2,2, ,10,13, , , ,3, , ,2,1977,     235,5, ,2,1,1,2,1,1,1,1,2,1,1,1, ,4, ,5100,144,4, ,2,1,3300, , , , , , , , , , ,1,0, , , , , , , ,1,2,1,1,1,1,1,2,1,1,1,1,1,2,1,1,1,1,1,2,1,1,1,1,1,2,1,1,1,1,1,2,1,1,1,1,1,2,1,1,1,1,1,1,1,1,2,1,1,1,1,1,2,1,1,1,1,1,2,1,1,1,1,2,1,1,1,1,1,1,2,1,1,1,1,1,2,1,1,1,1,1,2,1, , , , , , , , , , , , , , , , , , , , , , , , , , , , , , , , , , , , , , , , , , , , , , , , , , , , , , , , ,3, ,-8, , ,11,5,11,2,2,2,2,2,1,1,1,1,1,1,1,1,1,1,1,1,1,2,2,2,2,2,2,24,2,2,2,2,2,2,2,2,2,2,2,2,2,2,2,2,2,2,2,2,2,2,2,2,1,8,35,34,10,46,"3,4","3,15384615384615",3,8,10,5,7,23,235,144,4,2,5100,36,2020,"9,1",10,20000,900,300, , , , ,2000, ,300, , , ,2000, ,2000,600, ,0, , ,2,2,2,2,2,2,1,1,1,2,1,1,1,2,,33
3714,1,10,7,40,1,12,75,546,40,2, ,100,2, ,100,1,1,1,2,1,2,220,2,200,1,1,1,2,1990,   30177,7, ,1,1,1,1,1,1,1,1,2,1,1,1, ,4, ,3500,130,4, ,2,2, ,50, , , ,2, ,50,2, ,50,2, ,50, , , ,2, ,50,1,1,1,2,1,1,1,2,1,1,1,1,1,2,1,1,1,1,1,2,1,1,1,1,1,2,1,1,1,1,1,2,1,1,1,1,1,2,1,1,1,1,1,2,1,1,1,1,1,2,1,1,1,1,1,2,1,1,1,1,1,2,1,1,1,1,1,2,1,1,1,1,1,2,1,1,1,1,1,2,1,1,1,1, , , , , , , , , , , , , , , , , , , , , , , , , , , , , , , , , , , , , , , , , , , , , , , , , , , , , , , , ,2,1,1, ,1,11,3,1,1,1,1,1,1,2,1,1,1,1,1,1,1,1,1,1,1,1,1,1,1,1,1,1,1,1,1,1,1,1,1,2,1,1,1,1,1,1,1,1,1,1,1,1,1,1,1,1,1,3,1,40,55,65,33,"3,7","3,23076923076923",2,6,40,5,7,30,301,130,4,2,3500,"32,5",2010,"39,14",40,75,546, ,100,40, ,50, ,100,"255,493101686254","127,746550843127", , ,"216,122757726389", ,"216,122757726389","290,506898313746","-87,7465508431272",0, , ,2,2,2,2,2,2,2,2,2,2,2,2,2,2,,54
3725,1,6,6,"8,5",1,22,20000,4000, ,2, ,20,1,2000, ,1,2,2,14,20,10,100,14,5000,1, ,1,1,1980,   38100,6, ,1,1,1,2,1,1,1,1,1,1,1,1, ,4, ,6000,200,3, ,1,1,10000, , , , , , , ,1,2000, ,1,5000, , , , , , , ,1,1,1,2,1,1,1,1,1,2,1,1,1,1,1,1,1,2,1,1,1,1,1,2,1,1,2,1,1,1,1,1,2,1,1,1,1,1,1,1,2,1,1,1,1,1,2,1,1,1,1,2,1,1,1,1,1,1,2,1,1,2,1,1,1,1,1,2,1,1,1,1,1,1,1,2,1,1,1,2,1,1,1,1, , , , , , , , , , , , , , , , , , , , , , , , , , , , , , , , , , , , , , , , , , , , , , , , , , , , , , , , ,2,2,1, , ,4,7,2,1,1,1,1,1,2,1,1,1,1,1,1,1,1,1,1,1,1,1,1,2,1,1,1,2,1,1,1,1,1,2,1,1,1,1,1,1,1,1,1,1,1,1,1,1,2,1,1,1,4,1,60,52,20,43,3,"2,84615384615385","2,5",10,8,2,3,38,381,200,3,1,6000,"66,6666666666667",2020,"9,1","8,5",20000,4000, ,20, , , ,2000, ,"219,78021978022", , , ,2000, ,2000,"3780,21978021978", ,0, , ,2,1,1,2,2,1,1,2,1,2,2,2,2,2,,51
3833,1,8,7,6,2,25,15000,20, ,2, , ,1,2500, ,1,2,3,10,18,3,10,15,5000,2, ,1,1,1983,   53567,7, ,1,1,1,1,1,1,2,1,1,1,1,1, ,5, ,8000,200,5, ,3,1,3500, , , , , , , , , , ,1,2500, , , , , , , ,1,1,1,2,1,1,1,1,1,2,1,1,1,1,1,1,1,2,1,1,1,2,1,1,1,1,2,1,1,1,1,1,1,1,2,1,1,1,1,2,1,1,1,1,2,1,1,1,1,1,1,2,1,1,1,1,1,2,1,1,1,1,1,2,1,1,1,1,1,2,1,1,1,1,1,2,1,1,1,1,1,2,1,1, , , , , , , , , , , , , , , , , , , , , , , , , , , , , , , , , , , , , , , , , , , , , , , , , , , , , , , , ,3, ,-8, , ,4,3,2,1,1,1,1,1,1,1,1,2,1,1,1,1,1,1,1,1,1,2,1,1,1,1,1,2,1,1,1,1,1,1,1,2,1,1,1,1,1,1,1,1,1,1,2,1,1,1,1,1,2,1,56,73,0,40,3,"2,92307692307692","2,5",6,6,3,3,53,535,200,5,3,8000,40,2023,"8,2",6,15000,20, , , , , ,2500, , , , , ,2500, ,2500, , ,0, , ,2,1,2,2,1,2,2,2,2,2,2,2,2,2,,72
3885,1,8,5,7500,2,24,22000,6800, ,1,680, ,1,2000, ,1,2,3,10,15,6,"2,5",15,7500,2, ,1,2,1980,   66640,4, ,1,1,1,1,1,2,1,1,1,1,1,1, ,4, ,4000,150,4, ,2,1,5000, , , , , , , , , , ,1,1500, , , , , , , ,1,2,1,1,1,1,1,2,1,1,1,1,1,2,1,1,1,1,1,2,1,1,1,1,1,2,1,1,1,1,1,2,1,1,1,1,1,2,1,1,1,1,1,2,1,1,1,1,1,1,1,1,1,2,1,1,1,1,2,1,1,2,1,1,1,1,1,1,1,1,2,1,1,2,1,1,1,1,1,2,1,1,1,1, , , , , , , , , , , , , , , , , , , , , , , , , , , , , , , , , , , , , , , , , , , , , , , , , , , , , , , , ,3, ,1, , ,1,2,2,1,1,1,1,1,2,1,1,1,1,1,1,1,1,1,1,1,1,1,1,2,1,1,1,2,1,1,1,1,1,2,1,1,1,1,1,1,1,1,1,1,1,1,1,1,2,1,1,1,1,4,45,15,50,43,"4,2","4,38461538461539",5,5,7500,2,6,66,666,150,4,2,4000,"37,5",2022,"7,23","7,5",22000,6800,680, , , , ,2000, ,680, , , ,2000, ,2000,6120, ,0, , ,2,2,2,2,2,2,2,1,1,2,1,2,2,2,,14
3921,1,8,7,"1,2",1,25,235,132, ,1,464, ,2, ,200,2,2,1, ,3,1, , , ,1, , ,2,2000,    6385,6, ,1,1,1,2,1,1,1,1,1,1,1,1, ,4, ,3000,124,5, ,0,1,24, , , , , , , , , , ,1,33, , , , , , , ,1,2,1,1,1,1,1,2,1,1,1,1,1,2,1,1,1,1,1,2,1,1,1,1,1,2,1,1,1,1,1,2,1,1,1,1,1,2,1,1,1,1,1,2,1,1,1,1,1,2,1,1,1,1,1,2,1,1,1,1,1,2,1,1,1,1,1,2,1,1,1,1,1,2,1,1,1,1,1,2,1,1,1,1, , , , , , , , , , , , , , , , , , , , , , , , , , , , , , , , , , , , , , , , , , , , , , , , , , , , , , , , ,3, ,2, , ,6,6,1,1,1,1,1,1,1,1,2,1,1,1,1,1,1,1,1,1,1,1,1,1,1,1,1,1,1,1,1,1,1,1,1,2,1,1,1,1,1,1,1,1,1,1,1,1,1,1,1,1,0,0,35,11,34,23,"1,5","1,38461538461538",1,9,1,2,3,63,638,124,5, ,3000,"24,8",2023,"8,2","1,2",235,132,464, , , , , ,200,464, , , ,"432,245515452777", ,"432,245515452777",-332, ,0, , ,2,2,2,2,2,2,2,2,2,2,2,2,2,2,,10
4119,1,8,-9,"9,9",2,22,17000,10000, ,1,7000, ,1,0, ,1,2,3,8,10,5,"5,5",12,5000,2, ,1,1,1987,   84149,6, ,1,1,1,1,1,1,1,1,2,1,1,1, ,4, ,3000,140,4, ,2,1,2500, , , , , , , , , , ,1,0, , , , , , , ,1,2,1,1,1,1,1,2,1,1,1,1,1,2,1,1,1,1,1,2,1,1,1,1,1,2,1,1,1,1,1,2,1,1,1,1,1,2,1,1,1,1,1,2,1,1,1,1,0,1,1,1,1,1,0,1,1,1,1,1,1,1,1,2,1,1,0,1,1,1,1,1,0,1,1,1,1,1,0,1,1,1,1,1, , , , , , , , , , , , , , , , , , , , , , , , , , , , , , , , , , , , , , , , , , , , , , , , , , , , , , , , ,3, ,1, , ,6,5,2,1,1,1,1,1,1,1,1,1,1,1,1,1,1,2,1,1,2,1,1,1,1,1,1,2,1,1,1,1,1,1,2,1,1,1,1,1,1,1,1,1,1,1,1,2,1,1,1,1,1,1,80,12,30,36,"3,4","3,23076923076923","2,5",8,9,5,7,84,841,140,4,2,3000,35,2020,"9,1","9,9",17000,10000,7000, , , , ,0, ,7000, , , ,0, ,0,3000, ,0, , ,2,2,2,2,2,2,2,1,1,2,1,1,1,2,,11
4181,1,8,7,"3,14",1,18,7000,2000, ,2, ,200,1,2000, ,2,2,3, ,8,2, , , ,1, , ,2,1967,   15345,5, ,2,1,1,2,1,1,1,1,2,1,1,1, ,4, ,5000,112,2, ,0,2, ,500, , , , , , , , , ,2, ,400, , , , , , ,1,2,1,1,1,1,1,1,2,1,1,1,1,2,1,1,1,1,1,2,1,1,1,1,1,2,1,1,1,1,1,2,1,1,1,1,1,2,1,1,1,1,1,2,1,1,1,1,1,2,1,1,1,1,1,2,1,1,1,1,1,2,1,1,1,1,1,2,1,1,1,1,1,2,1,1,1,1,1,2,1,1,1,1, , , , , , , , , , , , , , , , , , , , , , , , , , , , , , , , , , , , , , , , , , , , , , , , , , , , , , , , ,3, ,2, , ,7,23,2,1,1,1,1,1,1,1,1,1,1,1,2,1,1,1,1,1,1,1,1,1,1,2,1,2,1,1,1,1,1,1,1,2,1,1,1,1,1,1,1,1,1,2,1,1,1,1,1,1,0,0,0,50,0,56,3,3,3,1,3,5,7,15,153,112,2, ,5000,56,2016,"12,31","3,14",7000,2000, ,200, , , ,2000, ,"1624,6953696182", , , ,2000, ,2000,"375,304630381803", ,0, , ,2,2,2,2,2,2,2,2,2,2,2,2,2,2,,49
4207,1,8,8, ,2,24,30000,1000, ,1,540, ,1,500, ,1,2,2,3,3,3,1,14,30000,2, ,1,1,1990,     720,10, ,1,1,1,1,1,1,1,1,1,2,1,1, ,4, ,6000,110,5, ,1,1,750, , , , , , , ,1,300, ,1,300, , , , , , , ,1,1,2,1,1,1,1,1,2,1,1,1,1,1,2,1,1,1,1,1,2,1,1,1,1,1,2,1,1,1,1,1,2,1,1,1,1,1,2,1,1,1,1,1,2,1,1,1,1,1,2,1,1,1,1,1,2,1,1,1,1,1,2,1,1,1,1,1,2,1,1,1,0,1,1,1,1,1,1,1,2,1,1,1, , , , , , , , , , , , , , , , , , , , , , , , , , , , , , , , , , , , , , , , , , , , , , , , , , , , , , , , ,2,-8,1, , ,11,25,2,1,1,1,1,1,1,1,1,1,1,1,2,1,1,1,1,1,2,1,1,1,1,1,1,2,1,1,1,1,1,1,1,2,1,1,1,1,1,1,1,1,1,2,1,1,1,1,1,1,1,2,56,56,12,33,3,"2,76923076923077",3,3, ,6,8,72,720,110,5,1,6000,22,2022,"7,23", ,30000,1000,540, , , , ,500, ,540, , , ,500, ,500,460, ,0, , ,2,2,2,2,2,2,2,2,2,2,2,1,2,2,,55
4217,1,7,6,"7,5",2,24,22000,6300, ,1,3900, ,1,3300, ,1,2,3,10,10,8,5,14,9000,2, ,1,2,1977,   53945,7, ,2,1,1,1,1,1,2,1,2,1,1,1, ,5, ,3600,120,1, ,0,1,5500, , , , , , , ,1,2000, ,1,3300, , , , , , , ,1,2,1,1,1,1,1,2,1,1,1,1,1,2,1,1,1,1,1,2,1,1,1,1,1,2,1,1,1,1,0,1,1,1,1,1,0,1,1,1,1,1,1,2,1,1,1,1,0,1,1,1,1,1,0,1,1,1,1,1,1,2,1,1,1,1,0,1,1,1,1,1,0,1,1,1,1,1,0,1,1,1,1,1, , , , , , , , , , , , , , , , , , , , , , , , , , , , , , , , , , , , , , , , , , , , , , , , , , , , , , , , ,2,1,1, , ,8,5,0,1,1,1,1,1,1,1,1,1,1,1,1,1,1,1,1,1,1,1,1,1,1,1,1,0,1,1,1,1,1,1,1,1,1,1,1,1,1,1,1,1,1,1,1,1,1,1,1,1,1,6,11,54,40,46,"1,5","1,46153846153846","1,5",8,7,5,7,53,539,120,1, ,3600,120,2022,"7,23","7,5",22000,6300,3900, , , , ,3300, ,3900, , , ,3300, ,3300,2400, ,0, , ,2,2,2,2,1,1,2,1,1,2,1,1,1,2,,53
4347,1,7,6,"1,2",1,20,2000,2, ,1,122, ,1,223, ,1,2,3,5,9,5,37,10,3800,1, ,1,1,1984,    5708,3, ,1,1,1,1,2,1,1,1,1,1,1,1, ,6, ,2700,130,3, ,0,1,352, , , , , , , , , , ,2, ,640, , , , , , ,1,1,1,1,1,2,1,1,2,1,1,1,1,1,1,1,1,2,1,1,1,1,2,1,1,1,1,2,1,1,1,1,1,2,1,1,1,1,2,1,1,1,1,1,1,1,2,1,1,1,1,1,1,2,1,1,1,1,2,1,1,2,1,1,1,1,1,1,1,1,1,2,1,1,1,1,2,1,1,1,1,1,2,1, , , , , , , , , , , , , , , , , , , , , , , , , , , , , , , , , , , , , , , , , , , , , , , , , , , , , , , , ,3, ,-8, , ,5,2,4,1,1,1,1,1,1,1,1,1,1,1,1,1,1,1,1,1,2,2,2,2,1,1,1,6,1,1,1,1,1,1,1,1,1,2,2,2,2,2,1,2,1,1,1,1,1,1,1,1,2,3,58,41,50,39,"4,2","4,15384615384615",5,5,1,1,4,57,570,130,3, ,2700,"43,3333333333333",2018,"12,05","1,2",2000,2,122, , , , ,223, ,122, , , ,223, ,223,-120, ,0, , ,2,1,1,2,2,2,1,1,1,2,1,1,1,1,,40
4354,1,4,6,"12,3",2,7,25000,1300, ,2, ,2300,1,3000, ,2,2,3, ,15,6, , , ,3, , ,2,1978,   42929,4, ,1,1,1,2,1,1,1,1,1,1,1,1, ,4, ,35000,180,5, ,3,1,5200, , , , , , , , , , ,2, ,1200, , , , , , ,1,1,1,1,1,2,1,1,1,2,1,1,1,1,1,2,1,1,2,2,1,2,1,1,1,1,1,2,1,1,1,1,1,2,1,1,1,1,1,2,1,1,1,1,1,2,1,1,1,1,1,2,1,1,1,1,1,2,1,1,1,1,1,2,1,1,1,1,1,1,2,1,0,1,1,1,1,1,0,1,1,1,1,1, , , , , , , , , , , , , , , , , , , , , , , , , , , , , , , , , , , , , , , , , , , , , , , , , , , , , , , , ,3, ,2, , ,6,23,2,1,1,1,1,1,1,1,2,1,1,1,1,1,1,1,1,1,1,1,1,1,1,2,1,3,1,1,1,1,1,1,1,1,1,2,1,1,1,1,1,1,1,1,1,2,1,2,1,1,1,3,55,54,11,45,"3,3",3,"3,5",1,12,2,3,42,429,180,5,3,35000,36,2005,"54,53","12,3",25000,1300, ,2300, , , ,3000, ,"4217,86172748946", , , ,3000, ,3000,"-2917,86172748946", ,0, , ,2,2,2,2,2,2,2,2,2,2,1,1,1,1,,53
4412,1,9,10,400,1,12,200,400,200,2, ,50,2, ,50,1,1,1,2,1,2,220,7,1500,1,1,1,2,1987,   30625,7, ,1,1,1,1,1,1,1,1,2,1,1,1, ,4, ,3500,130,4, ,2,2, ,50, , , ,2, ,50,2, ,50,2, ,50, , , ,2, ,50,1,2,1,1,1,1,1,2,1,1,1,1,1,2,1,1,1,1,1,2,1,1,1,1,1,2,1,1,1,1,1,2,1,1,1,1,1,2,1,1,1,1,1,2,1,1,1,1,1,2,1,1,1,1,1,2,1,1,1,1,1,2,1,1,1,1,1,2,1,1,1,1,1,2,1,1,1,1,1,2,1,1,1,1, , , , , , , , , , , , , , , , , , , , , , , , , , , , , , , , , , , , , , , , , , , , , , , , , , , , , , , , ,2,1,1, ,1,11,23,1,1,1,1,1,1,1,1,1,1,2,1,1,1,1,1,1,1,1,1,1,1,1,1,1,1,1,1,1,1,1,1,1,2,1,1,1,1,1,1,1,1,1,1,1,1,1,1,1,1,3,2,100,59,65,36,"3,6","3,15384615384615",3,1,400,5,7,30,306,130,4,2,3500,"32,5",2010,"39,14",",4",200,400, ,50,200, ,50, ,50,"127,746550843127","127,746550843127", , ,"108,061378863194", ,"108,061378863194","272,253449156873","72,2534491568728",0, , ,2,2,2,2,2,2,2,2,2,2,2,2,2,2,,58
4469,1,8,10,2,2,25,12987,2000, ,1,190, ,1,2000, ,1,2,3,10,10,13,260,15,5000,3, ,1,1,1992,     666,7, ,1,1,1,1,1,1,1,1,2,1,1,1, ,4, ,6000,160,2, ,0,1,4000, , , , , , , , , , ,1,0, , , , , , , ,1,2,1,1,1,1,1,2,1,1,1,1,1,2,1,1,1,1,1,2,1,1,1,1,1,2,1,1,1,1,1,2,1,1,1,1,1,2,1,1,1,1,1,2,1,1,1,1,0,1,1,1,1,1,0,1,1,1,1,1,1,1,1,2,1,1,0,1,1,1,1,1,0,1,1,1,1,1,0,1,1,1,1,1, , , , , , , , , , , , , , , , , , , , , , , , , , , , , , , , , , , , , , , , , , , , , , , , , , , , , , , , ,3, ,2, , ,9,7,9,1,1,1,1,1,1,1,1,1,1,1,1,1,1,2,2,2,2,2,2,2,2,2,1,5,1,1,1,1,1,1,1,1,1,1,2,2,2,2,2,1,1,1,1,1,1,1,1,1,2,0,60,65,34,31,"2,8","2,61538461538462","2,5",10,2,5,7,66,666,160,2, ,6000,80,2023,"8,2",2,12987,2000,190, , , , ,2000, ,190, , , ,2000, ,2000,1810, ,0, , ,2,2,2,2,2,2,2,1,1,2,1,1,1,2,,64
4478,1,4,1,"9,88",2,24,30000,7500, ,2, ,",06",2, ,500,1,2,3,21,21,12,"10,2",14,9000,2, ,1,2,1980,   33659,4, ,1,1,1,2,1,1,1,1,1,1,1,1, ,4, ,3200,120,4, ,2,1,3000, , , , , , , , , , ,1,2000, , , , , , , ,1,2,1,1,1,1,1,2,1,1,1,1,1,2,1,1,1,1,1,2,1,1,1,1,1,2,1,1,1,1,1,2,1,1,1,1,1,2,1,1,1,1,1,2,1,1,1,1,1,1,1,1,2,1,1,2,1,1,1,1,1,1,1,2,1,1,1,1,1,2,1,1,1,1,1,1,2,1,1,1,1,1,2,1, , , , , , , , , , , , , , , , , , , , , , , , , , , , , , , , , , , , , , , , , , , , , , , , , , , , , , , , ,3, ,2, , ,8,4,11,1,1,1,1,1,2,2,2,2,2,2,2,2,2,2,2,1,1,1,1,1,1,1,1,3,1,1,1,1,1,1,1,1,1,2,2,2,1,1,1,1,1,1,1,1,1,1,1,1,1,8,52,31,100,43,"2,9","2,84615384615385",4,7,9,2,3,33,336,120,4,2,3200,30,2022,"7,23","9,88",30000,7500, , , , , , ,500, , , , ,"1080,61378863194", ,"1080,61378863194", , ,0, , ,2,2,2,2,2,2,2,1,2,2,2,1,1,2,,30
4562,1,11,10, ,2,24,2063,1737,639,1,1838, ,1,1943, ,1,1,1,1,1,1, ,14,1828,1,1,1,1,1988,   10115,7, ,1,1,1,1,1,2,1,1,1,1,1,1, ,6, ,7000,130,4, ,2,1,954, , , , ,1,952, ,1,1837, ,1,838, , , , ,1,1846, ,1,2,1,1,1,1,1,2,1,1,1,1,1,1,2,1,1,1,1,2,1,1,1,1,1,2,1,1,1,1,1,2,1,1,1,1,1,1,1,1,2,1,1,1,1,2,1,1,1,1,1,2,1,1,1,1,1,2,1,1,1,1,1,2,1,1,1,1,1,2,1,1,1,1,1,2,1,1,1,1,1,2,1,1, , , , , , , , , , , , , , , , , , , , , , , , , , , , , , , , , , , , , , , , , , , , , , , , , , , , , , , , ,2,1,1, ,1,9,23,2,1,1,1,1,1,1,1,1,1,1,2,1,1,1,1,1,1,1,1,1,2,1,1,1,2,1,1,1,1,1,1,1,2,1,1,1,1,1,1,1,1,1,1,1,1,1,2,1,1, , ,67,75,13,35,"2,9","2,61538461538462",2,1, ,3,6,10,101,130,4,2,7000,"32,5",2022,"7,23", ,2063,1737,1838, ,639,837, ,1943, ,1838,837, , ,1943, ,1943,-101,-198,0, , ,2,2,2,2,2,1,2,2,2,2,2,2,2,2,,74
4613,1,9,8,400,1,12,100,300,400,2, ,50,2, ,50,1,1,1,1,2,2,220,7,300,1,1,1,2,1988,   30173,7, ,1,1,1,1,1,1,1,1,1,2,1,1, ,4, ,3500,130,4, ,2,2, ,50, , , ,2, ,50,2, ,50,2, ,50, , , ,2, ,50,1,2,1,1,1,1,1,2,1,1,1,1,1,2,1,1,1,1,1,2,1,1,1,1,1,2,1,1,1,1,1,2,1,1,1,1,1,2,1,1,1,1,1,2,1,1,1,1,1,2,1,1,1,1,1,2,1,1,1,1,1,2,1,1,1,1,1,2,1,1,1,1,1,2,1,1,1,1,1,2,1,1,1,1, , , , , , , , , , , , , , , , , , , , , , , , , , , , , , , , , , , , , , , , , , , , , , , , , , , , , , , , ,2,1,1, ,1,11,25,1,1,1,1,1,1,1,1,2,1,1,1,1,1,1,1,1,1,1,1,1,1,1,1,1,1,1,1,1,1,1,1,1,1,2,1,1,1,1,1,1,1,1,1,1,1,1,1,1,1,3,2,200,52,65,35,"3,7","3,23076923076923","2,5",3,400,6,8,30,301,130,4,2,3500,"32,5",2010,"39,14",",4",100,300, ,50,400, ,50, ,50,"127,746550843127","127,746550843127", , ,"108,061378863194", ,"108,061378863194","172,253449156873","272,253449156873",0, , ,2,2,2,2,2,2,2,2,2,2,2,2,2,2,,51
4635,1,9,8,400,1,12,100,400,400,2, ,50,2, ,50,1,1,1,2,2,2,220,7,300,1,1,1,2,1986,   30449,7, ,1,1,1,1,1,1,1,1,1,2,1,1, ,4, ,3500,130,4, ,2,2, ,50, , , ,2, ,50,2, ,50,2, ,50, , , ,2, ,50,1,2,1,1,1,1,1,2,1,1,1,1,1,2,1,1,1,1,1,2,1,1,1,1,1,2,1,1,1,1,1,2,1,1,1,1,1,2,1,1,1,1,1,2,1,1,1,1,1,2,1,1,1,1,1,2,1,1,1,1,1,2,1,1,1,1,1,2,1,1,1,1,1,2,1,1,1,1,1,2,1,1,1,1, , , , , , , , , , , , , , , , , , , , , , , , , , , , , , , , , , , , , , , , , , , , , , , , , , , , , , , , ,2,1,1, ,1,11,24,1,1,1,1,1,1,1,1,1,2,1,1,1,1,1,1,1,1,1,1,1,1,1,1,1,1,1,1,1,1,1,1,1,1,2,1,1,1,1,1,1,1,1,1,1,1,1,1,1,1,3,2,200,57,75,37,"3,4","3,07692307692308",3,2,400,6,8,30,304,130,4,2,3500,"32,5",2010,"39,14",",4",100,400, ,50,400, ,50, ,50,"127,746550843127","127,746550843127", , ,"108,061378863194", ,"108,061378863194","272,253449156873","272,253449156873",0, , ,2,2,2,2,2,2,2,2,2,2,2,2,2,2,,56
4637,1,8,4,1000,1,25,45000,1000, ,2, ,"7,2",2, ,250,1,2,2,11,10,3,"1,1",15,30000,2, ,1,1,1990,   38315,7, ,1,1,1,1,2,1,1,1,1,1,1,1, ,4, ,3500,110,4, ,2,2, ,700, , , , , , ,2, ,150,2, ,500, , , , , , ,1,2,1,1,1,1,1,2,1,1,1,1,1,2,1,1,1,1,1,2,1,1,1,1,1,2,1,1,1,1,1,2,1,1,1,1,1,1,1,1,2,1,1,1,1,1,2,1,1,2,1,1,1,1,1,2,1,1,1,1,1,2,1,1,1,1,1,2,1,1,1,1,1,2,1,1,1,1,1,2,1,1,1,1, , , , , , , , , , , , , , , , , , , , , , , , , , , , , , , , , , , , , , , , , , , , , , , , , , , , , , , , ,2,1,-8, , ,4,2,2,1,1,1,2,1,1,1,1,1,1,1,1,1,1,1,1,1,1,1,1,2,1,1,1,2,1,1,1,1,1,1,1,1,1,1,1,1,1,1,2,1,1,1,1,1,1,1,1,2,2,8,50,41,50,33,"3,3","3,30769230769231","4,5",5,1000,3,4,38,383,110,4,2,3500,"27,5",2023,"8,2",1,45000,1000, , , , , , ,250, , , , ,"540,306894315971", ,"540,306894315971", , ,0, , ,2,2,2,2,2,1,1,2,2,2,2,2,2,2,,40
4638,1,11,9, ,1,25,1728,1727,1847,1,1009, ,1,1425, ,1,1,1,1,1,2, ,15,1942,1,1,1,1,1988,   10115,7, ,1,1,1,1,1,2,1,1,1,1,1,1, ,-9, ,8000,120,4, ,2,1,962, , , , ,1,728, ,1,953, ,1,962, , , , ,1,953, ,1,1,1,2,1,1,1,1,1,2,1,1,1,1,1,2,1,1,1,1,1,2,1,1,1,1,1,2,1,1,1,1,1,2,1,1,1,1,1,2,1,1,1,1,1,2,1,1,1,1,1,2,1,1,1,1,1,2,1,1,1,1,1,2,1,1,1,1,1,2,1,1,1,1,1,2,1,1,1,1,1,2,1,1, , , , , , , , , , , , , , , , , , , , , , , , , , , , , , , , , , , , , , , , , , , , , , , , , , , , , , , , ,2,1,1, ,1,10,23,2,1,2,1,1,1,1,1,1,1,1,1,1,1,1,1,1,1,2,1,1,1,1,1,1,2,1,1,2,1,1,1,1,1,1,1,1,1,1,1,1,1,1,2,1,1,1,1,1,1, , ,77,73,14,35,3,"2,69230769230769","2,5",1, ,3,6,10,101,120,4,2,8000,30,2023,"8,2", ,1728,1727,1009, ,1847,952, ,1425, ,1009,952, , ,1425, ,1425,718,895,0, , ,2,2,2,2,2,2,2,2,2,2,2,2,2,2,,72
4729,1,6,5,67,1,25,9807,489, ,-9, , ,-9, , ,1,2,2,-9,1,1, ,15, ,1, ,1,1,2003,   79807,3, ,1,1,1,2,1,1,1,1,1,1,1,1, ,3, , , ,-9, , ,-9, , , , , , , , , , , ,-9, , , , , , , , ,1,1,1,1,1,2,1,1,1,1,2,1,0,1,1,1,1,1,0,1,1,1,1,1,0,1,1,1,1,1,1,1,1,2,1,1,1,1,1,2,1,1,1,1,1,1,2,1,0,1,1,1,1,1,2,1,1,1,2,2,1,1,1,2,1,1,0,1,1,1,1,1,1,1,1,2,1,1,1,1,1,1,2,1, , , , , , , , , , , , , , , , , , , , , , , , , , , , , , , , , , , , , , , , , , , , , , , , , , , , , , , , ,3, ,-8, , ,6,-9,0,1,1,1,1,1,1,1,1,1,1,1,1,1,1,1,1,1,1,1,1,1,1,1,1,0,1,1,1,1,1,1,1,1,1,1,1,1,1,1,1,1,1,1,1,1,1,1,1,1, , , ,-9, ,20,"3,6","3,53846153846154","4,5",-9,67,1,3,79,798, , , , , ,2023,"8,2",67,9807,489, , , , , , , , , , , , , , , , ,0, , ,1,1,1,1,2,2,1,1,1,2,1,2,1,1,,
4735,1,5,6,"2,5",2,22,45000,1400, ,1,600, ,1,900, ,2,2,3, ,15,10, , , ,2, , ,1,1995,   44135,7, ,1,1,1,1,1,1,1,1,2,1,1,1, ,5, ,4500,120,3, ,1,1,2300, , , , , , , ,1,900, ,1,900, , , , , , , ,3,2,2,2,1,1,3,2,2,2,1,1,3,2,2,2,1,1,3,2,2,2,1,1,0,1,1,1,1,1,3,2,2,2,1,1,0,1,1,1,1,1,0,1,1,1,1,1,0,1,1,1,1,1,1,1,1,2,1,1,1,1,1,2,1,1,0,1,1,1,1,1,0,1,1,1,1,1,0,1,1,1,1,1, , , , , , , , , , , , , , , , , , , , , , , , , , , , , , , , , , , , , , , , , , , , , , , , , , , , , , , , ,2,2,2, , ,3,3,2,1,1,1,1,1,1,1,1,1,1,1,1,1,1,1,1,1,1,1,1,2,2,1,1,2,1,1,1,1,1,1,1,1,1,1,1,1,1,1,1,1,1,1,1,1,2,2,1,1,1,2,55,1,0,28,"4,1","4,23076923076923",4,6,2,5,7,44,441,120,3,1,4500,40,2020,"9,1","2,5",45000,1400,600, , , , ,900, ,600, , , ,900, ,900,800, ,0, , ,2,2,2,1,2,1,1,1,2,2,1,1,1,2,,0
4853,1,11,8, ,1,25,1734,633,963,1,842, ,1,834, ,1,1,1,1,1,1, ,15,1832,1,1,1,2,1988,   10115,7, ,1,1,1,1,1,2,1,1,1,1,1,1, ,6, ,7000,173,4, ,2,1,742, , , , ,1,852, ,1,952, ,1,941, , , , ,1,963, ,1,1,1,2,1,1,1,1,1,2,1,1,1,1,1,2,1,1,1,1,1,2,1,1,1,1,1,2,1,1,1,1,1,2,1,1,1,1,1,2,1,1,1,1,1,2,1,1,1,1,1,2,1,1,1,1,1,2,1,1,1,1,1,2,1,1,1,1,1,2,1,1,1,1,1,2,1,1,1,1,1,2,1,1, , , , , , , , , , , , , , , , , , , , , , , , , , , , , , , , , , , , , , , , , , , , , , , , , , , , , , , , ,2,1,1, ,1,10,23,2,1,1,2,1,1,1,1,1,1,1,1,1,1,1,1,1,2,1,1,1,1,1,1,1,2,1,1,2,1,1,1,1,1,1,1,1,1,1,1,1,1,2,1,1,1,1,1,1,1, , ,80,94,15,35,"2,8","2,53846153846154",3,1, ,3,6,10,101,173,4,2,7000,"43,25",2023,"8,2", ,1734,633,842, ,963,952, ,834, ,842,952, , ,834, ,834,-209,11,0, , ,2,2,2,2,2,2,2,2,2,2,2,2,2,2,,93
5174,1,-9,7,"1,2",2,22,14500,1234,40,1,10, ,1,10, ,1,1,1,4,3,5,"1,6",12,6000,2,2,1,1,1995,     701,7, ,1,1,1,1,1,1,1,1,2,1,1,1, ,6, ,4500,500,4, ,1,1,12, , , , ,1,40, ,1,10, ,1,12, , , , ,1,40, ,1,2,1,1,1,1,1,2,1,1,1,1,1,2,1,1,1,1,1,2,1,1,1,1,1,1,1,2,1,1,1,2,1,1,1,1,1,1,1,2,1,1,1,2,1,1,1,1,1,2,1,1,1,1,1,1,1,2,1,1,1,2,1,1,1,1,1,1,1,2,1,1,1,1,1,1,2,1,1,2,1,1,1,1, , , , , , , , , , , , , , , , , , , , , , , , , , , , , , , , , , , , , , , , , , , , , , , , , , , , , , , , ,2,1,1, ,1,5,2,1,1,1,1,1,1,1,1,1,1,2,1,1,1,1,1,1,1,1,1,1,1,1,1,1,1,1,1,1,1,1,1,1,1,2,1,1,1,1,1,1,1,1,1,1,1,1,1,1,1,4,8,56,8,7,28,"3,5","3,30769230769231","3,5",5,1,5,7,70,701,500,4,1,4500,125,2020,"9,1","1,2",14500,1234,10, ,40,40, ,10, ,10,40, , ,10, ,10,1224,0,0, , ,2,2,2,2,2,2,2,2,2,2,2,1,2,2,,7
5222,1,1,9,"5,5",2,15,15000,5000, ,2, ,",32",2, ,800,2,2,3, ,10,2, , , ,2, , ,2,1975,     892,10, ,1,1,1,1,1,1,1,1,1,1,2,1, ,4, ,0,125,3, ,0,1,3500, , , , , , , , , , ,1,2800, , , , , , , ,1,2,1,1,1,1,1,2,1,1,1,1,1,2,1,1,1,1,1,2,1,1,1,1,1,2,1,1,1,1,1,2,1,1,1,1,1,2,1,1,1,1,1,2,1,1,1,1,1,2,1,1,1,1,1,1,1,2,1,1,1,2,1,1,1,1,1,2,1,1,1,1,1,2,1,1,1,1,1,1,2,1,1,1, , , , , , , , , , , , , , , , , , , , , , , , , , , , , , , , , , , , , , , , , , , , , , , , , , , , , , , , ,3, ,2, , ,7,23,0,1,1,1,1,1,1,1,1,1,1,1,1,1,1,1,1,1,1,1,1,1,1,1,1,0,1,1,1,1,1,1,1,1,1,1,1,1,1,1,1,1,1,1,1,1,1,1,1,1,0,0,0,-9,0,48,"2,8","2,53846153846154","2,5",1,5, , ,89,892,125,3, , ,"41,6666666666667",2013,"15,29","5,5",15000,5000, , , , , , ,800, , , , ,"1728,98206181111", ,"1728,98206181111", , ,0, , ,2,2,2,2,2,2,2,2,2,2,2,2,2,2,,
5249,1,8,7,"1,5",2,24,15000,1567, ,1,500, ,1,1000, ,1,2,1,2,4,4,"1,7",15,3000,2, ,2,1,2001,   50667,7, ,1,1,1,1,1,1,2,1,1,1,1,1, ,5, ,5000,150,4, ,2,2, , , , , , , , ,1,600, ,1,0, , , , , , , ,1,1,2,1,1,1,1,1,2,1,1,1,1,1,2,1,1,1,1,1,2,1,1,1,1,1,2,1,1,1,1,1,1,2,1,1,1,1,2,1,1,1,1,1,2,1,1,1,1,1,2,1,1,1,1,1,1,1,2,1,1,1,1,2,1,1,1,1,2,1,1,1,1,1,1,2,1,1,1,1,1,1,2,1, , , , , , , , , , , , , , , , , , , , , , , , , , , , , , , , , , , , , , , , , , , , , , , , , , , , , , , , ,2,-8,2, , ,8,24,7,2,2,2,1,1,1,1,1,1,1,1,1,1,1,1,1,1,1,1,1,2,2,2,2,3,2,2,2,1,1,1,1,1,1,1,1,1,1,1,1,1,1,1,1,1,1,1,1,1,1,0,60,55,4,22,"3,1","2,92307692307692","3,5",2,1,3,3,50,506,150,4,2,5000,"37,5",2022,"7,23","1,5",15000,1567,500, , , , ,1000, ,500, , , ,1000, ,1000,1067, ,0, , ,2,2,2,2,2,2,2,2,1,2,2,2,1,2,,54
5489,1,6,7,"1,4",2,25,20000,800, ,1,200, ,2, ,1800,1,2,2,10,10,12,4000,15,12000,2, ,2,2,1988,   53113,7, ,1,1,1,1,1,1,1,2,1,1,1,1, ,4, ,6000,180,4, ,2,2, ,2300, , , , , , ,2, ,2400,2, ,2400, , , , , , ,1,2,1,1,1,1,1,2,1,1,1,1,1,2,1,1,1,1,1,2,1,1,1,1,1,2,1,1,1,1,1,2,1,1,1,1,1,2,1,1,1,1,1,2,1,1,1,1,1,2,1,1,1,1,1,2,1,1,1,1,1,2,1,1,1,1,0,1,1,1,1,1,0,1,1,1,1,1,0,1,1,1,1,1, , , , , , , , , , , , , , , , , , , , , , , , , , , , , , , , , , , , , , , , , , , , , , , , , , , , , , , , ,2,1,2, , ,8,7,4,1,1,1,1,1,1,1,1,1,1,1,1,1,1,1,1,1,2,2,2,2,1,1,1,5,1,1,1,1,1,1,1,1,1,1,1,1,1,1,1,1,1,2,2,2,2,2,1,1,2,6,60,51,100,35,"2,8","2,69230769230769",2,10,1,4,6,53,531,180,4,2,6000,45,2023,"8,2","1,4",20000,800,200, , , , , ,1800,200, , , ,"3890,20963907499", ,"3890,20963907499",600, ,0, , ,2,2,2,2,2,2,2,2,2,2,1,1,1,2,,50
5529,1,8,5,12,1,22,29000,67, ,2, ,210,1,2445, ,1,2,2,9,10,2,25,12,12000,1, ,1,2,1975,   63450,6, ,1,1,1,1,1,2,1,1,1,1,1,1, ,4, ,7500,350,4, ,1,1,2378, , , , , , , , , , ,2, ,876, , , , , , ,1,2,1,1,1,1,2,2,2,1,1,1,1,1,2,1,1,1,1,1,1,2,1,1,2,1,1,2,2,1,1,1,1,1,1,2,1,1,1,1,1,2,1,1,1,1,2,1,1,1,1,2,1,1,1,1,2,1,1,1,2,2,2,1,1,1,1,1,1,2,1,1,1,1,1,1,2,1,1,1,1,1,1,2, , , , , , , , , , , , , , , , , , , , , , , , , , , , , , , , , , , , , , , , , , , , , , , , , , , , , , , , ,3, ,1, , ,7,7,2,1,1,1,1,1,2,1,1,1,1,1,1,1,1,1,1,1,1,1,2,1,1,1,1,2,1,1,1,1,2,1,1,1,1,1,1,1,1,1,1,1,1,1,1,1,2,1,1,1,5,1,66,34,6,48,"3,3",3,"2,5",10,12,2,6,63,634,350,4,1,7500,"87,5",2020,"9,1",12,29000,67, ,210, , , ,2445, ,"2307,69230769231", , , ,2445, ,2445,"-2240,69230769231", ,0, , ,2,2,2,2,1,1,1,2,2,2,2,1,1,2,,33
5601,1,1,1,8,2,25,5000,800, ,2, ,0,1,3500, ,2,2,3, ,5,1, , , ,2, , ,1,1979,   33332,4, ,2,1,1,2,2,1,1,1,1,1,1,1, ,6, ,3000,156,4, ,2,1,5200, , , , , , , , , , ,2, ,0, , , , , , ,1,2,1,1,1,1,1,2,1,1,1,1,1,2,1,1,1,1,1,2,1,1,1,1,1,2,1,1,1,1,1,2,1,1,1,1,1,2,1,1,1,1,1,2,1,1,1,1,0,1,1,1,1,1,0,1,1,1,1,1,1,2,1,1,1,1,0,1,1,1,1,1,0,1,1,1,1,1,0,1,1,1,1,1, , , , , , , , , , , , , , , , , , , , , , , , , , , , , , , , , , , , , , , , , , , , , , , , , , , , , , , , ,3, ,2, , ,7,3,1,1,1,1,1,1,1,1,1,1,1,1,1,2,1,1,1,1,1,1,1,1,1,1,1,1,1,1,1,1,1,1,1,1,1,1,1,1,1,1,1,1,1,1,1,1,1,1,1,2,3,3,56,47,10,44,"3,7","3,30769230769231",4,6,8,2,4,33,333,156,4,2,3000,39,2023,"8,2",8,5000,800, ,0, , , ,3500, ,0, , , ,3500, ,3500,800, ,0, , ,2,2,2,2,2,2,2,1,1,2,1,1,1,2,,46
5709,1,8,7,1400,2,24,2000,1250, ,2, ,0,2, ,1860,2,2,5, ,3,2, , , ,2, , ,2,1970,   92224,7, ,1,1,1,1,1,1,1,2,1,1,1,1, ,4, ,95000,230,2, ,0,2, ,3000, , , , , , , , , ,2, ,0, , , , , , ,1,2,1,1,1,1,1,2,1,1,1,1,1,2,1,1,1,1,1,2,1,1,1,1,1,2,1,1,1,1,1,2,1,1,1,1,1,2,1,1,1,1,1,2,1,1,1,1,0,1,1,1,1,1,1,2,1,1,1,1,1,1,1,2,1,1,0,1,1,1,1,1,0,1,1,1,1,1,0,1,1,1,1,1, , , , , , , , , , , , , , , , , , , , , , , , , , , , , , , , , , , , , , , , , , , , , , , , , , , , , , , , ,3, ,2, , ,6,5,2,2,1,1,1,1,1,1,1,1,1,1,1,1,1,1,1,1,1,1,2,1,1,1,1,2,2,1,1,1,1,1,1,1,1,1,1,1,1,1,1,1,1,1,1,2,1,1,1,1,1,5,76,-1,0,53,"1,9","1,84615384615385","1,5",8,1400,4,6,92,922,230,2, ,95000,115,2022,"7,23","1,4",2000,1250, ,0, , , , ,1860,0, , , ,"4019,88329371083", ,"4019,88329371083",1250, ,0, , ,2,2,2,2,2,2,2,1,2,2,1,1,1,2,,
5731,1,7,9,"3,5",2,25,25000,5000, ,2, ,80,2, ,500,1,2,1,10,18,7,10,15,10000,2, ,2,2,1979,   70794,7, ,1,1,1,1,1,1,1,1,2,1,1,1, ,4, ,5500,150,4, ,2,2, ,2000, , , , , , ,2, ,300,2, ,0, , , , , , ,1,2,1,1,1,1,1,2,1,1,1,1,1,2,1,1,1,1,1,2,1,1,1,1,1,2,1,1,1,1,0,1,1,1,1,1,1,2,1,1,1,1,1,2,1,1,1,1,0,1,1,1,1,1,0,1,1,1,1,1,1,2,1,1,1,1,0,1,1,1,1,1,0,1,1,1,1,1,0,1,1,1,1,1, , , , , , , , , , , , , , , , , , , , , , , , , , , , , , , , , , , , , , , , , , , , , , , , , , , , , , , , ,2,2,2, , ,5,2,2,1,1,1,1,1,1,1,1,1,1,1,1,1,1,1,1,1,2,2,1,1,1,1,1,2,1,1,1,1,1,1,1,1,1,2,2,1,1,1,1,1,1,1,1,1,1,1,1,1,2,1,60,83,50,44,"2,7","2,69230769230769","2,5",5,3,5,7,70,707,150,4,2,5500,"37,5",2023,"8,2","3,5",25000,5000, ,80, , , , ,500,"975,609756097561", , , ,"1080,61378863194", ,"1080,61378863194","4024,39024390244", ,0, , ,2,2,2,2,1,2,2,1,1,2,1,1,1,2,,82
6165,1,8,7,",6",2,25,500,600, ,1,100, ,1,2000, ,2,2,3, ,3,4, , , ,3, , ,2,1978,   59872,4, ,1,1,1,2,1,1,1,1,1,1,1,1, ,4, ,4000,100,3, ,1,1,3000, , , , , , , , , , ,1,0, , , , , , , ,1,2,1,1,1,1,1,2,1,1,1,1,1,2,1,1,1,1,1,2,1,1,1,1,1,2,1,1,1,1,1,2,1,1,1,1,1,2,1,1,1,1,1,2,1,1,1,1,1,2,1,1,1,1,1,2,1,1,1,1,1,2,1,1,1,1,1,2,1,1,1,1,1,2,1,1,1,1,1,2,1,1,1,1, , , , , , , , , , , , , , , , , , , , , , , , , , , , , , , , , , , , , , , , , , , , , , , , , , , , , , , , ,3, ,-8, , ,8,4,4,1,1,2,1,1,1,1,1,2,1,1,1,1,1,1,1,1,2,1,1,2,1,1,1,4,1,1,1,1,1,1,2,1,1,2,1,1,1,1,1,1,1,1,2,1,1,1,2,1,1,2,100,7,20,45,"2,3","2,30769230769231","1,5",7,0,2,3,59,598,100,3,1,4000,"33,3333333333333",2023,"8,2",",6",500,600,100, , , , ,2000, ,100, , , ,2000, ,2000,500, ,0, , ,2,2,2,2,2,2,2,2,2,2,2,2,2,2,,6
6211,1,3,3,"16,4",2,25,32000,250, ,2, ,75,1,7000, ,1,2,3,10,20,2,"9,6",15,0,3, ,1,2,1968,   59269,6, ,1,1,1,1,1,2,1,1,1,1,1,1, ,4, ,1,165,2, ,0,1,8000, , , , , , , , , , ,1,16000, , , , , , , ,1,2,1,1,1,1,1,2,1,1,1,1,1,2,1,1,1,1,1,2,1,1,1,1,1,2,1,1,1,1,1,2,1,1,1,1,1,2,1,1,1,1,1,2,1,1,1,1,0,1,1,1,1,1,1,2,1,1,1,1,1,2,1,1,1,1,0,1,1,1,1,1,0,1,1,1,1,1,1,2,1,1,1,1, , , , , , , , , , , , , , , , , , , , , , , , , , , , , , , , , , , , , , , , , , , , , , , , , , , , , , , , ,3, ,2, , ,6,3,2,1,1,1,1,1,1,1,1,1,1,1,1,1,2,1,2,1,1,1,1,1,1,1,1,1,1,1,1,1,1,1,1,1,1,1,1,2,1,1,1,1,1,1,1,1,1,1,1,1,2,2,52,25,50,55,"3,3","2,92307692307692","2,5",6,16,2,6,59,592,165,2, ,1,"82,5",2023,"8,2","16,4",32000,250, ,75, , , ,7000, ,"914,634146341464", , , ,7000, ,7000,"-664,634146341464", ,0, , ,2,2,2,2,2,2,2,1,2,2,1,1,2,2,,24
6243,1,4,3, ,1,25,600, , , , , ,-9, , ,2,2,2, ,4,3, , , ,1, , ,1,1991,    8315,4, ,1,1,1,1,2,1,1,1,1,1,1,1, ,4, ,5000,150,3, ,1,1,200, , , , , , , , , , ,1,200, , , , , , , ,1,2,1,1,1,1,1,2,1,1,1,1,1,2,1,1,1,1,1,2,1,1,1,1,1,2,1,1,1,1,1,2,1,1,1,1,1,2,1,1,1,1,1,2,1,1,1,1,1,2,1,1,1,1,1,2,1,1,1,1,1,2,1,1,1,1,1,2,1,1,1,1,1,2,1,1,1,1,1,2,1,1,1,1, , , , , , , , , , , , , , , , , , , , , , , , , , , , , , , , , , , , , , , , , , , , , , , , , , , , , , , , ,3, ,2, , ,10,23,1,1,1,1,1,1,1,1,1,1,1,1,2,1,1,1,1,1,1,1,1,1,1,1,1,1,1,1,1,1,2,1,1,1,1,1,1,1,1,1,1,1,1,1,1,1,1,1,1,1,3,1,45,12,100,32,3,3,3,1, ,2,4,83,831,150,3,1,5000,50,2023,"8,2", ,600, , , , , , , , , , , , , , , , , ,0, , ,2,2,2,2,2,2,2,2,2,2,2,2,2,2,,11
6277,1,8,9,1,1,25,800,1, ,2, ,0,2, ,100,2,2,3, ,4,1, , , ,1, , ,2,1987,   28876,7, ,1,1,1,1,2,1,1,1,1,1,1,1, ,4, ,5000,180,5, ,2,2, ,0, , , , , , , , , ,2, ,0, , , , , , ,1,1,1,1,1,2,1,1,1,2,1,1,2,1,1,2,1,2,2,1,2,1,1,2,1,1,1,1,1,2,1,1,1,1,1,2,1,1,2,1,1,1,2,2,1,1,1,2,0,1,1,1,1,1,1,1,1,2,1,1,1,1,1,2,1,1,1,1,1,2,1,1,2,1,1,1,2,2,1,1,2,1,1,1, , , , , , , , , , , , , , , , , , , , , , , , , , , , , , , , , , , , , , , , , , , , , , , , , , , , , , , , ,3, ,2, , ,9,23,1,1,1,1,1,1,1,1,1,1,1,1,1,1,1,1,1,1,1,1,1,1,1,1,2,1,1,1,1,1,1,1,1,1,1,1,1,1,1,1,1,1,1,1,1,1,1,1,1,2,0,0,0,1,0,36,3,3,3,1,1,3,4,28,288,180,5,2,5000,36,2023,"8,2",1,800,1, ,0, , , , ,100,0, , , ,"216,122757726389", ,"216,122757726389",1, ,0, , ,2,2,2,1,1,2,2,1,2,2,2,1,2,1,,0
6314,1,8,8,5,2,24,12000,55, ,1,250, ,1,500, ,2,2,3, ,10,6, , , ,2, , ,2,1997,   34326,7, ,1,1,1,1,1,1,1,2,1,1,1,1, ,-9, ,2650,140,3, ,2,1,2800, , , , , , , ,1,500, ,1,1500, , , , , , , ,1,1,1,1,1,2,1,2,1,1,1,1,1,2,1,1,1,1,1,2,1,1,1,1,1,2,1,1,1,1,1,2,1,1,1,1,1,2,1,1,1,1,1,2,1,1,1,1,1,2,1,1,1,1,1,2,1,1,1,1,1,2,1,1,1,1,1,2,1,1,1,1,0,1,1,1,1,1,0,1,1,1,1,1, , , , , , , , , , , , , , , , , , , , , , , , , , , , , , , , , , , , , , , , , , , , , , , , , , , , , , , , ,2,1,2, , ,6,4,8,2,2,2,2,2,1,1,1,1,1,1,1,1,1,1,1,1,1,1,1,1,2,2,2,10,2,2,2,2,2,2,2,2,1,1,1,1,1,1,1,1,1,1,1,1,1,1,2,2,3,2,60,61,10,26,"2,9","2,76923076923077","2,5",7,5,4,6,34,343,140,3,2,2650,"46,6666666666667",2022,"7,23",5,12000,55,250, , , , ,500, ,250, , , ,500, ,500,-195, ,0, , ,2,2,2,2,2,2,2,2,2,2,2,1,1,1,,60
6338,1,2,2,12,2,12,60000,12000, ,2, ,5000,2, ,3000,2,2,3, ,12,1, , , ,3, , ,1,1973,   37345,4, ,1,1,1,2,1,1,1,1,1,1,1,1, ,4, ,3000,100,4, ,0,-9, , , , , , , , , , , ,-9, , , , , , , , ,1,2,1,1,1,1,1,2,1,1,1,1,1,2,1,1,1,1,1,2,1,1,1,1,1,2,1,1,1,1,1,2,1,1,1,1,1,2,1,1,1,1,1,2,1,1,1,1,1,2,1,1,1,1,1,2,1,1,1,1,1,2,1,1,1,1,1,2,1,1,1,1,1,2,1,1,1,1,1,2,1,1,1,1, , , , , , , , , , , , , , , , , , , , , , , , , , , , , , , , , , , , , , , , , , , , , , , , , , , , , , , , ,3, ,2, , ,6,-9,0,1,1,1,1,1,1,1,1,1,1,1,1,1,1,1,1,1,1,1,1,1,1,1,1,0,1,1,1,1,1,1,1,1,1,1,1,1,1,1,1,1,1,1,1,1,1,1,1,1, , , ,-9, ,50,3,3,3,-9,12,2,3,37,373,100,4, ,3000,25,2010,"39,14",12,60000,12000, ,5000, , , , ,3000,"12774,6550843127", , , ,"6483,68273179166", ,"6483,68273179166","-774,655084312722", ,0, , ,2,2,2,2,2,2,2,2,2,2,2,2,2,2,,
6504,1,9,9,"1,22",2,22,12000,1250, ,1,1200, ,1,1200, ,1,2,2,3,1,3,"1,5",12,1200,2, ,1,1,1986,   55481,7, ,1,1,1,1,1,1,1,1,2,1,1,1, ,4, ,20000,150,4, ,2,1,1200, , , , , , , ,1,1200, ,1,1200, , , , , , , ,1,2,1,1,1,1,2,2,1,2,1,1,1,2,1,1,1,1,2,2,1,2,1,1,1,1,1,1,2,1,1,1,1,2,1,1,1,1,1,1,1,2,1,1,1,2,1,1,1,1,1,2,1,1,1,2,1,1,1,1,1,2,1,1,1,1,1,2,1,1,1,1,1,1,1,1,1,2,1,1,1,1,1,2, , , , , , , , , , , , , , , , , , , , , , , , , , , , , , , , , , , , , , , , , , , , , , , , , , , , , , , , ,2,-8,1, , ,6,2,1,1,1,1,1,1,1,1,1,1,1,1,1,1,1,1,1,1,1,1,1,1,2,1,1,1,1,1,1,1,1,1,1,1,1,1,1,1,1,1,1,1,1,1,1,1,1,2,1,1,"1,5",1,60,51,10,37,"3,1","2,92307692307692",3,5,1,5,7,55,554,150,4,2,20000,"37,5",2020,"9,1","1,22",12000,1250,1200, , , , ,1200, ,1200, , , ,1200, ,1200,50, ,0, , ,2,2,2,1,2,1,2,2,2,2,2,1,1,2,,50
6680,1,7,7,500,2,25,33000,500, ,2, ,20,2, ,20,2,2,3, ,19,13, , , ,2, , ,1,1974,   23818,4, ,1,1,1,1,1,1,1,1,1,1,2,1, ,4, ,3500,160,6, ,3,2, ,500, , , , , , , , , ,2, ,500, , , , , , ,1,2,1,1,1,1,1,2,1,1,1,1,1,2,1,1,1,1,1,2,1,1,1,1,1,2,1,1,1,1,1,2,1,1,1,1,1,2,1,1,1,1,1,2,1,1,1,1,1,2,1,1,1,1,1,2,1,1,1,1,1,1,2,1,1,1,1,2,1,1,1,1,1,1,2,1,1,1,1,1,2,1,1,1, , , , , , , , , , , , , , , , , , , , , , , , , , , , , , , , , , , , , , , , , , , , , , , , , , , , , , , , ,3, ,1, , ,5,24,9,2,2,2,2,1,1,1,1,1,1,1,1,1,1,1,1,1,1,1,2,2,2,2,2,9,2,2,2,2,1,1,1,1,1,1,1,1,1,1,1,1,1,1,1,2,2,2,2,2,2,2,1000,50,12,49,"3,1","3,30769230769231",3,2,500,2,2,23,238,160,6,3,3500,"26,6666666666667",2023,"8,2",",5",33000,500, ,20, , , , ,20,"243,90243902439", , , ,"43,2245515452777", ,"43,2245515452777","256,09756097561", ,0, , ,2,2,2,2,2,2,2,2,2,2,2,2,2,2,,49
6911,1,1,1,600,1,25,1600,2625, ,1,6, ,1,1400, ,2,2,2, ,10,1, , , ,1, , ,1,1961,    6333,5, ,1,1,1,2,1,1,1,1,1,1,1,1, ,4, ,2000,80,2, ,0,1,2600, , , , , , , , , , ,1,1600, , , , , , , ,1,2,1,1,1,1,1,2,1,1,1,1,1,2,1,1,1,1,1,2,1,1,1,1,1,2,1,1,1,1,1,2,1,1,1,1,1,2,1,1,1,1,0,1,1,1,1,1,0,1,1,1,1,1,0,1,1,1,1,1,1,1,1,2,1,1,0,1,1,1,1,1,1,2,1,1,1,1,1,2,1,1,1,1, , , , , , , , , , , , , , , , , , , , , , , , , , , , , , , , , , , , , , , , , , , , , , , , , , , , , , , , ,3, ,2, , ,7,23,1,1,1,1,1,1,1,1,1,1,1,2,1,1,1,1,1,1,1,1,1,1,1,1,1,1,1,1,1,1,1,1,1,1,1,1,2,1,1,1,1,1,1,1,1,1,1,1,1,1,2,2, ,71,60,62,"2,9","2,53846153846154","3,5",1,600,2,3,63,633,80,2, ,2000,40,2023,"8,2",",6",1600,2625,6, , , , ,1400, ,6, , , ,1400, ,1400,2619, ,0, , ,2,2,2,2,2,2,1,1,1,2,1,2,2,2,,70
6983,1,1,1, ,2,24,2800, , ,2, ,800,2, ,200,2,2,3, ,3,5, , , ,2, , ,1,1962,   22609,6, ,1,1,1,1,1,1,1,1,2,1,1,1, ,6, ,17000,250,2, ,0,1,1200, , , , , , , , , , ,2, ,500, , , , , , ,1,2,1,1,1,1,1,2,1,1,1,1,1,2,1,1,1,1,1,2,1,1,1,1,1,2,1,1,1,1,1,1,1,2,1,1,1,2,1,1,1,1,1,2,1,1,1,1,1,1,1,1,2,1,0,1,1,1,1,1,1,2,1,1,1,1,1,2,1,1,1,1,1,2,1,1,1,1,1,2,1,1,1,1, , , , , , , , , , , , , , , , , , , , , , , , , , , , , , , , , , , , , , , , , , , , , , , , , , , , , , , , ,3, ,2, , ,6,24,1,1,1,1,1,1,1,1,1,1,1,1,1,1,1,1,1,1,1,1,2,1,1,1,1,1,1,1,1,1,1,1,1,1,1,1,1,1,1,1,1,1,2,1,1,1,1,1,1,1,2,1,56,68,0,61,"4,8","4,69230769230769",5,2, ,5,7,22,226,250,2, ,17000,125,2022,"7,23", ,2800, , ,800, , , , ,200,"11065,0069156293", , , ,"432,245515452777", ,"432,245515452777", , ,0, , ,2,2,2,2,2,2,2,1,1,2,2,2,2,2,,67
7057,1,8,6, ,2,24,20000,400, ,1,400, ,1,50, ,1,2,3,7,8,5,8,14,2000,3, ,1,2,2004,    4610,5, ,1,1,1,1,1,2,1,1,1,1,1,1, ,5, ,6000,170,4, ,2,1,700, , , , , , , , , , ,1,400, , , , , , , ,1,1,1,1,1,2,1,1,1,2,1,1,1,1,2,1,1,1,1,1,1,1,1,2,1,1,2,1,1,1,1,1,1,1,1,2,1,1,2,1,1,1,1,1,1,1,2,1,1,1,1,1,2,1,1,1,1,1,2,1,1,1,2,1,1,1,1,1,1,1,1,2,1,1,2,1,1,1,1,1,1,1,1,2, , , , , , , , , , , , , , , , , , , , , , , , , , , , , , , , , , , , , , , , , , , , , , , , , , , , , , , , ,3, ,1, , ,9,4,2,1,1,1,1,1,2,1,1,1,1,1,1,1,1,1,1,1,1,1,1,1,2,1,1,2,1,1,1,1,1,1,1,1,1,2,1,1,1,1,1,1,1,1,1,1,1,1,2,1,2,3,600,59,30,19,"2,6","2,53846153846154","3,5",7, ,2,6,46,461,170,4,2,6000,"42,5",2022,"7,23", ,20000,400,400, , , , ,50, ,400, , , ,50, ,50,0, ,0, , ,2,2,1,2,1,2,1,1,1,2,1,2,1,1,,58
7091,1,8,8, ,1,25,14000, , ,1, , ,1, , ,1,2,2,6,6,8, ,15,?,1, ,1,1,1992,   21683,4, ,1,1,1,2,1,1,1,1,1,1,1,1, ,4, ,5500,125,2, ,0,1, , , , , , , , , , , ,1, , , , , , , , ,1,2,1,1,1,1,1,2,1,1,1,1,1,2,1,1,1,1,1,2,1,1,1,1,1,2,1,1,1,1,0,1,1,1,1,1,1,2,1,1,1,1,0,1,1,1,1,1,0,1,1,1,1,1,0,1,1,1,1,1,1,1,2,1,1,1,0,1,1,1,1,1,0,1,1,1,1,1,0,1,1,1,1,1, , , , , , , , , , , , , , , , , , , , , , , , , , , , , , , , , , , , , , , , , , , , , , , , , , , , , , , , ,3, ,2, , ,7,1,10,2,2,2,2,2,2,1,1,1,1,1,1,1,1,1,1,1,1,1,1,2,2,2,2,10,2,2,2,2,2,2,1,1,1,1,1,1,1,1,1,1,1,1,1,1,2,2,2,2,1,1,50,71, ,31,"2,9","2,84615384615385",3,4, ,2,3,21,216,125,2, ,5500,"62,5",2023,"8,2", ,14000, , , , , , , , , , , , , , , , , ,0, , ,2,2,2,2,1,2,1,1,1,2,1,1,1,2,,70
7153,1,8,7, ,1,24, , , ,-9, , ,-9, , ,2,2,3, ,5,8, , , ,2, , ,1,2004,   72631,7, ,1,2,1,1,1,1,1,1,1,1,1,1, ,3, , ,125,4, ,0,-9, , , , , , , , , , , ,-9, , , , , , , , ,1,2,1,1,1,1,1,2,1,1,1,1,1,2,1,1,1,1,1,2,1,1,1,1,1,2,1,1,1,1,1,2,1,1,1,1,1,2,1,1,1,1,1,2,1,1,1,1,1,2,1,1,1,1,1,2,1,1,1,1,1,1,2,1,1,1,1,1,1,1,2,1,0,1,1,1,1,1,0,1,1,1,1,1, , , , , , , , , , , , , , , , , , , , , , , , , , , , , , , , , , , , , , , , , , , , , , , , , , , , , , , , ,3, ,2, , ,4,10,2,1,1,1,1,1,1,1,2,2,1,1,1,1,1,1,1,1,1,1,1,1,1,1,1,0,1,1,1,1,1,1,1,1,1,1,1,1,1,1,1,1,1,1,1,1,1,1,1,1,3,2, ,-9, ,19,"3,3",3,"2,5",13, ,3,3,72,726,125,4, , ,"31,25",2022,"7,23", , , , , , , , , , , , , , , , , , , ,0, , ,2,2,2,2,2,2,2,2,2,2,1,1,1,2,,
2594,2,10,9, , , , , , , , , , , , , , , , , , , , , , , , ,2, ,    4103,7, ,1,1,1,2,1,1,1,1,1,1,1,1, ,5, ,73828,435,1, ,0, , , ,1,8282, , , , , , , , , , ,2, ,18393, , , , , , , , , , , , , , , , , , , , , , , , , , , , , , , , , , , , , , , , , , , , , , , , , , , , , , , , , , , , , , , , , , , , , , , , , , , , , , , , , , , , , , , ,1,1,2,1,0,1,1,1,1,2,1,1,1,2,1,1,1,2,1,1,1,1,1,2,1,2,1,1,1,2,1,1,1,2,1,1,1,1,2,1,1,2,1,1,1,2,1,1,1,2,1,1,1,2,1,1,2, , ,1, ,3,9,2,1,2,1,1,1,1,1,1,1,1,1,1,1,1,1,1,2,1,1,1,1,1,1,1,2,1,1,1,1,1,1,1,1,2,1,1,1,1,2,1,1,1,1,1,1,1,1,1,1,7,"1,2",63,65,100, ,"2,6","2,69230769230769",4,12, ,3,3,41,410,435,1, ,73828,435, , , , , , , , , , , , , , ,8282, , ,8282,8282, , ,0, , ,1,2,2,2,1,2,2,2,1,2,2,2,2,1,,64
1670,2,8,9, , , , , , , , , , , , , , , , , , , , , , , , ,2,1962,   16540,5, ,1,1,1,1,1,1,2,1,1,1,1,1, ,5, ,8700,139,2, ,0, , , ,1,4200, , , , , , , , , , ,1,2100, , , , , , , , , , , , , , , , , , , , , , , , , , , , , , , , , , , , , , , , , , , , , , , , , , , , , , , , , , , , , , , , , , , , , , , , , , , , , , , , , , , , , , , , ,1,2,1,1,1,2,1,1,1,2,1,1,1,2,1,1,1,2,1,1,1,2,1,1,1,2,1,1,1,2,1,1,0,1,1,1,0,1,1,1,1,2,1,1,1,2,1,1,0,1,1,1,1,2,1,1,2, , ,2, ,8,4,2,1,1,1,1,1,1,1,1,1,1,1,1,1,1,1,1,1,1,2,2,1,1,1,1,1,1,1,1,1,1,1,1,1,1,1,1,1,1,1,1,1,1,1,1,1,1,1,1,2,"1,4",2,46,1,0,61,"1,9","1,92307692307692","2,5",7, ,2,3,16,165,139,2, ,8700,"69,5", , , , , , , , , , , , , , ,4200, , ,4200,4200, , ,0, , ,2,2,2,2,2,2,2,1,1,2,2,1,2,2,,0
1671,2,8,11, , , , , , , , , , , , , , , , , , , , , , , , ,2,1969,   90765,7, ,1,1,1,1,1,1,1,1,2,1,1,1, ,6, ,4000,78,1, ,0, , , ,1,1900, , , , , , , , , , , , , , , , , , , , , , , , , , , , , , , , , , , , , , , , , , , , , , , , , , , , , , , , , , , , , , , , , , , , , , , , , , , , , , , , , , , , , , , , , , , , , , , , , , , , ,1,2,1,1,1,2,1,1,1,2,1,1,1,2,1,1,0,1,1,1,1,2,1,1,1,2,1,1,0,1,1,1,0,1,1,1,0,1,1,1,1,2,1,1,0,1,1,1,0,1,1,1,0,1,1,1,3, , , , ,8,4,12,2,2,2,2,2,2,1,1,1,1,1,1,1,1,1,1,1,1,2,2,2,2,2,2,11,2,2,2,2,2,2,2,1,1,1,1,1,1,1,1,1,1,1,1,1,2,2,2,2,1,10,12,82,100,54,"1,9","1,76923076923077","1,5",7, ,5,7,90,907,78,1, ,4000,78, , , , , , , , , , , , , , ,1900, , ,1900,1900, , ,0, , ,2,2,2,1,2,2,1,1,1,2,1,1,1,2,,81
1673,2,4,4, , , , , , , , , , , , , , , , , , , , , , , , ,1,1986,   10115,7, ,1,1,1,1,1,1,1,1,2,1,1,1, ,4, ,2000,100,3, ,1, , , ,1,3000, , , , , , , , , , , , , , , , , , , , , , , , , , , , , , , , , , , , , , , , , , , , , , , , , , , , , , , , , , , , , , , , , , , , , , , , , , , , , , , , , , , , , , , , , , , , , , , , , , , , ,1,2,1,1,1,2,1,1,1,2,1,1,1,2,1,1,1,2,1,1,1,2,1,1,1,2,1,1,1,2,1,1,1,1,1,2,1,2,1,1,1,2,1,1,2,2,2,1,1,1,1,2,1,1,1,2,3, , , , ,6,2,1,1,1,1,1,1,1,1,1,1,1,1,1,1,1,2,1,1,1,1,1,1,1,1,1,1,1,1,1,1,1,1,1,1,1,1,1,1,1,1,2,1,1,1,1,1,1,1,1,1,2,"1,5",18,10,25,37,"2,9","2,84615384615385","2,5",5, ,5,7,10,101,100,3,1,2000,"33,3333333333333", , , , , , , , , , , , , , ,3000, , ,3000,3000, , ,0, , ,2,2,2,2,2,2,2,1,2,2,2,1,1,2,,9
1697,2,6,5, , , , , , , , , , , , , , , , , , , , , , , , ,2,1968,   21255,7, ,2,1,1,1,1,1,1,2,2,1,1,1, ,8, ,3000,140,2, ,0, , , ,1,2300, , , , , , , , , , , , , , , , , , , , , , , , , , , , , , , , , , , , , , , , , , , , , , , , , , , , , , , , , , , , , , , , , , , , , , , , , , , , , , , , , , , , , , , , , , , , , , , , , , , , ,1,2,1,1,1,2,1,1,1,2,1,1,1,2,1,1,1,2,1,1,1,2,1,1,1,2,1,1,1,2,1,1,1,1,2,1,2,2,2,1,1,2,1,1,1,1,2,1,1,1,2,1,1,2,1,1,3, , , , ,6,1,1,1,1,1,1,1,1,1,1,1,1,1,1,1,1,1,1,1,1,1,1,1,1,1,2,1,1,1,1,1,1,1,1,1,1,1,1,1,1,1,1,1,1,1,1,1,1,1,1,2,1,1,120,71,20,55,"2,2","2,07692307692308",2,4, ,5,7,21,212,140,2, ,3000,70, , , , , , , , , , , , , , ,2300, , ,2300,2300, , ,0, , ,2,2,2,2,2,2,2,1,2,2,1,1,2,2,,70
1722,2,6,3, , , , , , , , , , , , , , , , , , , , , , , , ,2,1965,   34320,7, ,1,1,1,1,1,1,1,1,2,1,1,1, ,4, ,4600,145,3, ,0, , , ,2, ,2050, , , , , , , , , , , , , , , , , , , , , , , , , , , , , , , , , , , , , , , , , , , , , , , , , , , , , , , , , , , , , , , , , , , , , , , , , , , , , , , , , , , , , , , , , , , , , , , , , , , ,1,2,1,1,1,2,1,1,1,2,1,1,1,2,1,1,1,2,1,1,1,2,1,1,0,1,1,1,1,2,1,1,0,1,1,1,0,1,1,1,1,2,1,1,0,1,1,1,0,1,1,1,0,1,1,1,3, , , , ,3,7,6,1,1,1,1,1,1,1,1,1,1,1,1,1,1,1,1,1,2,2,2,2,2,2,1,6,1,1,1,1,1,1,1,1,1,1,1,1,1,1,1,1,1,2,2,2,2,2,2,1,2,6,14,21,50,58,"3,9",4,5,10, ,5,7,34,343,145,3, ,4600,"48,3333333333333", , , , , , , , , , , , , , , ,2050, ,"4430,51653339097","4430,51653339097", , ,0, , ,2,2,2,2,2,1,2,1,1,2,1,1,1,2,,20
1729,2,5,5, , , , , , , , , , , , , , , , , , , , , , , , ,2,1971,     671,7, ,1,1,1,1,2,1,1,1,1,1,1,1, ,4, ,5000,130,4, ,0, , , ,1,4000, , , , , , , , , , , , , , , , , , , , , , , , , , , , , , , , , , , , , , , , , , , , , , , , , , , , , , , , , , , , , , , , , , , , , , , , , , , , , , , , , , , , , , , , , , , , , , , , , , , , ,1,2,1,1,1,2,1,1,1,2,1,1,1,2,1,1,1,2,1,1,1,2,1,1,1,2,1,1,1,2,1,1,1,2,1,1,0,1,1,1,1,2,1,1,1,1,2,1,1,1,2,1,0,1,1,1,3, , , , ,5,4,2,1,1,1,1,1,1,1,1,1,1,2,1,2,1,1,1,1,1,1,1,1,1,1,1,2,1,1,1,1,1,1,1,1,1,1,2,1,2,1,1,1,1,1,1,1,1,1,1,1,"1,5",2,40,17,5,52,"3,7","3,69230769230769","4,5",7, ,3,4,67,671,130,4, ,5000,"32,5", , , , , , , , , , , , , , ,4000, , ,4000,4000, , ,0, , ,2,2,2,2,2,2,2,2,1,2,1,1,1,2,,16
1743,2,9,10, , , , , , , , , , , , , , , , , , , , , , , , ,1,1993,   47798,4, ,1,1,1,2,1,1,1,1,1,1,1,1, ,4, ,3500,63,3, ,1, , , ,1,4200, , , , , , , , , , ,2, ,300, , , , , , , , , , , , , , , , , , , , , , , , , , , , , , , , , , , , , , , , , , , , , , , , , , , , , , , , , , , , , , , , , , , , , , , , , , , , , , , , , , , , , , , ,1,2,1,1,1,2,1,1,1,2,1,1,1,2,1,1,1,2,1,1,1,2,1,1,1,2,1,1,1,2,1,1,1,2,1,1,1,2,1,1,1,2,1,1,1,2,1,1,2,1,2,2,1,1,2,1,2, , ,2, ,6,2,2,1,1,1,1,1,1,1,2,1,1,1,1,1,1,1,1,1,1,1,2,1,1,1,1,2,1,1,1,1,1,1,1,1,2,1,1,1,1,1,1,1,1,1,2,1,1,1,1,1,5,5,60,67,30,30,"2,8","2,69230769230769","2,5",5, ,2,3,47,477,63,3,1,3500,21, , , , , , , , , , , , , , ,4200, , ,4200,4200, , ,0, , ,2,2,2,2,2,2,2,2,2,2,2,1,1,2,,66
1747,2,6,2, , , , , , , , , , , , , , , , , , , , , , , , ,1,1968,    6847,5, ,1,1,1,2,1,1,1,1,1,1,1,1, ,9, ,2000,120,2, ,0, , , ,2, ,960, , , , , , , , , , , , , , , , , , , , , , , , , , , , , , , , , , , , , , , , , , , , , , , , , , , , , , , , , , , , , , , , , , , , , , , , , , , , , , , , , , , , , , , , , , , , , , , , , , , ,1,2,1,1,1,2,1,1,1,2,1,1,1,2,1,1,0,1,1,1,1,2,1,1,1,2,1,1,1,2,1,1,0,1,1,1,1,2,1,1,1,2,1,1,0,1,1,1,0,1,1,1,0,1,1,1,3, , , , ,3,-9,0,1,1,1,1,1,1,1,1,1,1,1,1,1,1,1,1,1,1,1,1,1,1,1,1,0,1,1,1,1,1,1,1,1,1,1,1,1,1,1,1,1,1,1,1,1,1,1,1,1, , , ,-9, ,55,"3,8","3,92307692307692",5,-9, ,2,3,68,684,120,2, ,2000,60, , , , , , , , , , , , , , , ,960, ,"2074,77847417333","2074,77847417333", , ,0, , ,2,2,2,1,2,2,2,1,2,2,1,1,1,2,,
1787,2,4,3, , , , , , , , , , , , , , , , , , , , , , , , ,2,1990,   85241,4, ,1,1,1,2,1,1,1,1,1,1,1,1, ,4, ,5000,120,2, ,0, , , ,2, ,1000, , , , , , , , , , , , , , , , , , , , , , , , , , , , , , , , , , , , , , , , , , , , , , , , , , , , , , , , , , , , , , , , , , , , , , , , , , , , , , , , , , , , , , , , , , , , , , , , , , , ,1,2,1,1,1,2,1,1,1,2,1,1,1,2,1,1,1,1,1,2,1,2,1,1,1,2,1,1,1,2,1,1,0,1,1,1,1,1,2,1,1,2,1,1,1,2,1,1,0,1,1,1,1,1,2,1,3, , , , ,6,1,2,1,1,1,1,1,2,1,1,1,1,1,1,1,1,1,1,1,1,2,1,1,1,1,1,2,1,1,1,1,1,1,1,1,1,2,1,1,1,1,1,1,1,1,1,2,1,1,1,1,2,1, ,21,50,33,"2,9","2,69230769230769",2,4, ,2,3,85,852,120,2, ,5000,60, , , , , , , , , , , , , , , ,1000, ,"2161,22757726389","2161,22757726389", , ,0, , ,2,2,2,1,2,2,2,1,1,2,2,1,1,2,,20
1796,2,6,6, , , , , , , , , , , , , , , , , , , , , , , , ,2,1977,   14167,4, ,1,1,1,2,1,1,1,1,1,1,1,1, ,4, ,7500,80,1, ,0, , , ,2, ,1200, , , , , , , , , , , , , , , , , , , , , , , , , , , , , , , , , , , , , , , , , , , , , , , , , , , , , , , , , , , , , , , , , , , , , , , , , , , , , , , , , , , , , , , , , , , , , , , , , , , ,1,2,1,1,1,2,1,1,1,2,1,1,1,2,1,1,1,2,1,1,1,2,1,1,1,2,1,1,1,2,1,1,1,1,1,2,1,1,1,2,1,2,1,1,1,2,1,1,1,1,1,2,1,1,1,2,3, , , , ,5,23,5,2,2,2,2,2,1,1,1,1,1,1,1,1,1,1,1,1,1,1,1,1,1,1,1,5,2,2,2,2,2,1,1,1,1,1,1,1,1,1,1,1,1,1,1,1,1,1,1,1,1,5,90,21,10,46,"2,8","2,84615384615385",3,1, ,2,3,14,141,80,1, ,7500,80, , , , , , , , , , , , , , , ,1200, ,"2593,47309271666","2593,47309271666", , ,0, , ,2,2,2,2,2,2,2,1,1,2,2,1,1,2,,20
1860,2,9,9, , , , , , , , , , , , , , , , , , , , , , , , ,2,1960,   37235,4, ,1,1,1,1,1,2,1,1,1,1,1,1, ,4, ,2500,110,2, ,0, , , ,1,2500, , , , , , , , , , , , , , , , , , , , , , , , , , , , , , , , , , , , , , , , , , , , , , , , , , , , , , , , , , , , , , , , , , , , , , , , , , , , , , , , , , , , , , , , , , , , , , , , , , , , ,1,2,1,1,1,2,1,1,1,2,1,1,1,2,1,1,1,2,1,1,0,1,1,1,1,2,1,1,1,2,1,1,1,1,1,2,1,1,2,1,1,2,1,1,1,1,2,1,0,1,1,1,0,1,1,1,3, , , , ,9,23,10,2,2,2,2,2,2,2,1,1,1,1,1,1,1,1,1,1,1,1,1,1,2,2,2,10,2,2,2,2,2,2,2,1,1,1,1,1,1,1,1,1,1,1,1,1,1,2,2,2,2,1,50,100,40,63,"1,8","1,69230769230769",2,1, ,2,6,37,372,110,2, ,2500,55, , , , , , , , , , , , , , ,2500, , ,2500,2500, , ,0, , ,2,2,2,2,1,2,2,1,1,2,1,1,1,2,,99
1888,2,9,4, , , , , , , , , , , , , , , , , , , , , , , , ,1,1986,   97947,7, ,1,1,1,1,1,1,1,1,2,1,1,1, ,4, ,85000,250,3, ,0, , , ,1,350, , , , , , , , , , ,2, ,1000, , , , , , , , , , , , , , , , , , , , , , , , , , , , , , , , , , , , , , , , , , , , , , , , , , , , , , , , , , , , , , , , , , , , , , , , , , , , , , , , , , , , , , , ,1,2,1,1,1,2,1,1,1,2,1,1,1,2,1,1,1,2,1,1,1,2,1,1,0,1,1,1,1,2,1,1,1,2,1,1,1,2,1,1,1,2,1,1,1,1,2,1,0,1,1,1,0,1,1,1,2, , ,1, ,4,3,1,1,1,1,1,1,1,1,1,1,1,1,1,1,1,1,1,1,1,1,1,1,2,1,1,1,1,1,1,1,1,1,1,1,1,1,1,1,1,1,1,1,1,1,1,1,1,2,1,1,2,8,75,55,15,37,"3,4","3,38461538461538",2,6, ,5,7,97,979,250,3, ,85000,"83,3333333333333", , , , , , , , , , , , , , ,350, , ,350,350, , ,0, , ,2,2,2,2,2,1,2,2,2,2,1,1,1,2,,54
1903,2,11,11, , , , , , , , , , , , , , , , , , , , , , , , ,1,1984,   10551,7, ,1,1,1,1,1,1,1,1,2,1,1,1, ,4, ,5000,20,4, ,2, , , ,2, ,500, , , , , , , , , ,2, ,200, , , , , , , , , , , , , , , , , , , , , , , , , , , , , , , , , , , , , , , , , , , , , , , , , , , , , , , , , , , , , , , , , , , , , , , , , , , , , , , , , , , , , , , ,1,2,1,1,1,2,1,1,1,2,1,1,1,2,1,1,1,2,1,1,1,2,1,1,1,2,1,1,1,2,1,1,1,2,1,1,1,2,1,1,1,2,1,1,1,2,1,1,1,1,2,1,1,1,2,1,2, , ,1, ,11,24,1,1,1,2,1,1,1,1,1,1,1,1,1,1,1,1,1,1,1,1,1,1,1,1,1,1,1,1,2,1,1,1,1,1,1,1,1,1,1,1,1,1,1,1,1,1,1,1,1,1,2,2,100,75,90,39,3,"2,53846153846154",3,2, ,5,7,10,105,20,4,2,5000,5, , , , , , , , , , , , , , , ,500, ,"1080,61378863194","1080,61378863194", , ,0, , ,2,2,2,2,2,2,2,2,2,2,2,1,1,2,,74
1941,2,8,9, , , , , , , , , , , , , , , , , , , , , , , , ,1,1962,     509,7, ,1,1,1,1,1,1,1,1,2,1,1,1, ,4, ,7860,118,2, ,0, , , ,1,2400, , , , , , , , , , , , , , , , , , , , , , , , , , , , , , , , , , , , , , , , , , , , , , , , , , , , , , , , , , , , , , , , , , , , , , , , , , , , , , , , , , , , , , , , , , , , , , , , , , , , ,1,2,1,1,1,2,1,1,1,2,1,1,1,2,1,1,0,1,1,1,1,2,1,1,1,2,1,1,1,2,1,1,0,1,1,1,0,1,1,1,1,2,1,1,1,2,1,1,0,1,1,1,0,1,1,1,3, , , , ,3,2,4,1,2,2,2,2,1,1,1,1,1,1,1,1,1,1,1,1,1,1,1,1,1,1,1,4,1,2,2,2,2,1,1,1,1,1,1,1,1,1,1,1,1,1,1,1,1,1,1,1,1,1,80,50,0,61,5,5,5,5, ,5,7,50,509,118,2, ,7860,59, , , , , , , , , , , , , , ,2400, , ,2400,2400, , ,0, , ,2,2,2,1,2,2,2,1,1,2,2,1,1,2,,49
1967,2,8,7, , , , , , , , , , , , , , , , , , , , , , , , ,2, ,   79576,7, ,1,1,1,1,1,1,1,1,2,1,1,1, ,4, ,8600,115,3, , , , , ,2, ,435, , , , , , , , , ,2, ,899, , , , , , , , , , , , , , , , , , , , , , , , , , , , , , , , , , , , , , , , , , , , , , , , , , , , , , , , , , , , , , , , , , , , , , , , , , , , , , , , , , , , , , , ,1,2,1,1,1,2,1,1,1,2,1,1,1,2,1,1,0,1,1,1,1,2,1,1,1,2,1,1,1,2,1,1,0,1,1,1,0,1,1,1,1,2,1,1,0,1,1,1,0,1,1,1,0,1,1,1,2, , ,2, ,5,25,1,1,1,1,1,1,1,1,1,2,1,1,1,1,1,1,1,1,1,1,1,1,1,1,1,1,1,1,1,1,1,1,1,1,1,2,1,1,1,1,1,1,1,1,1,1,1,1,1,1,5,1,500,84, , ,"2,8","2,84615384615385","3,5",3, ,5,7,79,795,115,3, ,8600,"38,3333333333333", , , , , , , , , , , , , , , ,435, ,"940,13399610979","940,13399610979", , ,0, , ,2,2,2,1,2,2,2,1,1,2,1,1,1,2,,83
1972,2,9,10, , , , , , , , , , , , , , , , , , , , , , , , ,1,1990,   10178,6, ,1,1,1,1,1,1,1,1,2,1,1,1, ,4, ,8000,100,4, ,2, , , ,2, ,100, , , , , , , , , ,2, ,100, , , , , , , , , , , , , , , , , , , , , , , , , , , , , , , , , , , , , , , , , , , , , , , , , , , , , , , , , , , , , , , , , , , , , , , , , , , , , , , , , , , , , , , ,1,2,1,1,1,2,1,1,1,2,1,1,1,1,2,1,1,1,2,1,1,2,1,1,1,2,1,1,1,2,1,1,1,2,1,1,1,1,2,1,1,2,1,1,1,2,1,1,1,1,2,1,1,2,1,1,2, , ,1, ,6,4,2,1,1,1,1,1,1,1,1,2,1,1,1,1,1,1,1,1,1,1,2,1,1,1,1,2,1,1,1,1,1,1,1,2,1,1,1,1,1,1,1,1,1,1,2,1,1,1,1,1,5,5,50,76,50,33,"2,9","2,92307692307692",3,7, ,5,7,10,101,100,4,2,8000,25, , , , , , , , , , , , , , , ,100, ,"216,122757726389","216,122757726389", , ,0, , ,2,2,1,1,2,2,2,2,1,2,2,1,2,2,,75
1980,2,1,1, , , , , , , , , , , , , , , , , , , , , , , , ,1,1965,    8541,5, ,1,1,1,2,1,1,1,1,1,1,1,1, ,4, ,5000,150,2, ,0, , , ,1,3000, , , , , , , , , , , , , , , , , , , , , , , , , , , , , , , , , , , , , , , , , , , , , , , , , , , , , , , , , , , , , , , , , , , , , , , , , , , , , , , , , , , , , , , , , , , , , , , , , , , , ,1,2,1,1,1,2,1,1,1,2,1,1,1,2,1,1,0,1,1,1,1,2,1,1,1,2,1,1,0,1,1,1,0,1,1,1,0,1,1,1,1,2,1,1,0,1,1,1,1,2,1,1,1,2,1,1,3, , , , ,6,1,7,1,1,1,1,1,1,1,1,1,1,1,1,1,1,1,1,1,2,2,2,2,2,2,2,4,1,1,1,1,1,1,1,1,1,1,1,1,1,1,1,1,1,1,1,1,2,2,2,2,2,2,0,23,10,58,"1,3","1,53846153846154",3,4, ,2,3,85,854,150,2, ,5000,75, , , , , , , , , , , , , , ,3000, , ,3000,3000, , ,0, , ,2,2,2,1,2,2,1,1,1,2,1,2,2,2,,22
2026,2,6,8, , , , , , , , , , , , , , , , , , , , , , , , ,1,1968,   67067,4, ,1,1,1,2,1,1,1,1,1,1,1,1, ,4, ,5000,120,3, ,0, , , ,1,1200, , , , , , , , , , , , , , , , , , , , , , , , , , , , , , , , , , , , , , , , , , , , , , , , , , , , , , , , , , , , , , , , , , , , , , , , , , , , , , , , , , , , , , , , , , , , , , , , , , , , ,1,2,1,1,1,2,1,1,1,2,1,1,1,2,1,1,1,2,1,1,1,2,1,1,1,2,1,1,1,2,1,1,1,1,2,1,1,2,1,1,1,2,1,1,1,1,2,1,2,2,2,1,1,1,1,2,3, , , , ,6,24,2,1,1,1,1,1,1,1,1,1,1,2,1,1,1,1,1,1,1,1,2,1,1,1,1,2,1,1,1,1,1,2,1,1,1,1,1,1,1,1,1,1,1,1,1,1,1,1,2,1,2,1,50,67,12,55,"3,2","2,76923076923077","2,5",2, ,2,3,67,670,120,3, ,5000,40, , , , , , , , , , , , , , ,1200, , ,1200,1200, , ,0, , ,2,2,2,2,2,2,2,1,2,2,1,2,1,2,,66
2029,2,9,9, , , , , , , , , , , , , , , , , , , , , , , , ,2,1984,   14641,4, ,2,1,2,1,1,1,2,1,1,1,1,1, ,-9, ,5000, ,2, ,0, , , ,2, ,145, , , , , , , , , ,2, ,130, , , , , , , , , , , , , , , , , , , , , , , , , , , , , , , , , , , , , , , , , , , , , , , , , , , , , , , , , , , , , , , , , , , , , , , , , , , , , , , , , , , , , , , ,1,2,1,1,1,1,2,1,1,1,1,2,1,2,1,1,1,1,2,1,1,1,1,2,1,2,1,1,1,1,1,2,1,2,1,1,1,1,1,2,1,2,1,1,1,2,1,1,1,2,1,1,1,1,1,2,2, , ,1, ,4,1,2,1,1,2,1,1,1,1,1,1,1,1,1,1,1,1,2,1,1,1,1,1,1,1,1,2,1,1,2,1,1,1,1,1,1,1,1,1,1,1,1,1,1,2,1,1,1,1,1,1,2,3,2000,28,20,39,"3,11111111111111","3,08333333333333",3,4, ,2,3,14,146, ,2, ,5000, , , , , , , , , , , , , , , , ,145, ,"313,377998703263","313,377998703263", , ,0, , ,1,1,2,1,1,2,1,2,1,2,2,2,1,2,,27
2154,2,7,7, , , , , , , , , , , , , , , , , , , , , , , , ,1,1993,   38102,7, ,1,1,1,1,1,1,1,1,2,1,1,1, ,4, ,88000,120,4, ,1, , , ,1,4000, , , , , , , , , , , , , , , , , , , , , , , , , , , , , , , , , , , , , , , , , , , , , , , , , , , , , , , , , , , , , , , , , , , , , , , , , , , , , , , , , , , , , , , , , , , , , , , , , , , , ,1,2,1,1,1,2,1,1,1,2,1,1,1,2,1,1,1,2,1,1,1,2,1,1,1,2,1,1,1,2,1,1,1,2,1,1,1,2,1,1,1,2,1,1,1,2,1,1,0,1,1,1,0,1,1,1,3, , , , ,6,3,1,1,1,1,1,1,1,1,1,1,2,1,1,1,1,1,1,1,1,1,1,1,1,1,1,1,1,1,1,1,1,1,1,1,1,2,1,1,1,1,1,1,1,1,1,1,1,1,1,1,1,1,300,57,50,30,"3,1","2,84615384615385",3,6, ,5,7,38,381,120,4,1,88000,30, , , , , , , , , , , , , , ,4000, , ,4000,4000, , ,0, , ,2,2,2,2,2,2,2,2,2,2,2,1,1,2,,56
2173,2,3,3, , , , , , , , , , , , , , , , , , , , , , , , ,1,1974,   56812,4, ,1,1,1,2,1,1,1,1,1,1,1,1, ,4, ,5800,120,4, ,2, , , ,2, ,2000, , , , , , , , , , , , , , , , , , , , , , , , , , , , , , , , , , , , , , , , , , , , , , , , , , , , , , , , , , , , , , , , , , , , , , , , , , , , , , , , , , , , , , , , , , , , , , , , , , , ,1,2,1,1,1,2,1,1,0,1,1,1,1,2,1,1,0,1,1,1,1,2,1,1,1,2,1,1,1,2,1,1,1,2,1,1,1,2,1,1,1,2,1,1,1,2,1,1,0,1,1,1,0,1,1,1,3, , , , ,9,4,4,1,1,1,1,1,1,1,1,1,1,1,1,1,1,1,1,1,2,2,2,2,1,1,1,4,1,1,1,1,1,1,1,1,1,1,1,1,1,1,1,1,1,2,2,2,2,1,1,1,3,4,56,71,10,49,3,"2,53846153846154",3,7, ,2,3,56,568,120,4,2,5800,30, , , , , , , , , , , , , , , ,2000, ,"4322,45515452777","4322,45515452777", , ,0, , ,2,1,2,1,2,2,2,2,2,2,2,1,1,2,,70
2176,2,7,8, , , , , , , , , , , , , , , , , , , , , , , , ,1,1968,   73732,7, ,1,1,1,1,1,1,1,2,1,1,1,1, ,4, ,10000,300,6, ,1, , , ,1,4500, , , , , , , , , , ,1,5700, , , , , , , , , , , , , , , , , , , , , , , , , , , , , , , , , , , , , , , , , , , , , , , , , , , , , , , , , , , , , , , , , , , , , , , , , , , , , , , , , , , , , , , , ,1,2,1,1,1,2,1,1,1,2,1,1,1,2,1,1,1,2,1,1,1,2,1,1,1,2,1,1,1,2,1,1,0,1,1,1,1,2,1,1,1,2,1,1,0,1,1,1,1,2,1,1,0,1,1,1,2, , ,2, ,6,2,2,1,1,1,1,1,1,1,1,1,1,1,1,1,1,1,1,2,2,1,1,1,1,1,1,0,1,1,1,1,1,1,1,1,1,1,1,1,1,1,1,1,1,1,1,1,1,1,1,1,1,2, ,-1,0,55,"3,7","3,76923076923077","3,5",5, ,4,6,73,737,300,6,1,10000,50, , , , , , , , , , , , , , ,4500, , ,4500,4500, , ,0, , ,2,2,2,2,2,2,2,1,2,2,1,2,1,2,,
2179,2,8,8, , , , , , , , , , , , , , , , , , , , , , , , ,2,1989,   20099,7, ,2,1,1,2,1,1,1,1,2,1,1,1, ,4, ,4500,100,4, ,2, , , ,1,2200, , , , , , , , , , , , , , , , , , , , , , , , , , , , , , , , , , , , , , , , , , , , , , , , , , , , , , , , , , , , , , , , , , , , , , , , , , , , , , , , , , , , , , , , , , , , , , , , , , , , ,1,2,1,1,1,2,1,1,1,2,1,1,1,2,1,1,1,2,1,1,1,1,2,1,1,2,1,1,1,2,1,1,1,2,1,1,1,1,1,2,1,2,1,1,1,1,1,2,1,1,1,2,1,1,1,2,3, , , , ,8,4,5,1,1,1,1,1,1,1,1,1,1,1,1,1,1,1,1,1,1,1,2,2,2,2,2,5,1,1,1,1,1,1,1,1,1,1,1,1,1,1,1,1,2,2,2,2,2,1,1,1,1,2,13,11,20,34,"1,7","1,69230769230769",1,7, ,5,7,20,200,100,4,2,4500,25, , , , , , , , , , , , , , ,2200, , ,2200,2200, , ,0, , ,2,2,2,2,1,2,2,2,1,2,1,1,1,2,,10
2185,2,7,5, , , , , , , , , , , , , , , , , , , , , , , , ,2,2004,   40668,7, ,1,1,1,1,2,1,1,1,1,1,1,1, ,2, ,5000,180,5, ,0, , , ,2, ,2000, , , , , , , , , , , , , , , , , , , , , , , , , , , , , , , , , , , , , , , , , , , , , , , , , , , , , , , , , , , , , , , , , , , , , , , , , , , , , , , , , , , , , , , , , , , , , , , , , , , ,1,2,1,1,1,2,1,1,1,2,1,1,1,2,1,1,2,1,2,2,1,2,1,1,1,2,1,1,1,2,1,1,1,1,1,2,1,1,1,2,1,2,1,1,1,1,2,1,1,1,1,2,1,1,1,2,3, , , , ,7,7,2,1,1,1,1,1,2,1,1,1,1,1,1,1,1,1,1,1,1,2,1,1,1,1,1,2,2,1,1,1,1,1,1,1,1,1,1,1,1,1,1,1,1,1,1,1,1,1,1,2,2,8,40,101,0,19,"3,2","3,15384615384615","3,5",10, ,3,4,40,406,180,5, ,5000,36, , , , , , , , , , , , , , , ,2000, ,"4322,45515452777","4322,45515452777", , ,0, , ,2,2,2,1,2,2,2,1,1,2,1,1,1,2,,100
2305,2,8,7,1,-9, , ,123, ,2, ,123,-9, , ,-9,-9, , , , , , , , , , ,2,1977,     457,7, ,1,1,1,1,1,1,1,1,2,1,1,1, ,-9, ,4300,140,5, ,1, , , ,1,2300, , , , ,-9, , , , , , , , , , , , , , , , , , , , , , , , , , , , , , , , , , , , , , , , , , , , , , , , , , , , , , , , , , , , , , , , , , , , , , , , , , , , , , , , , , , , , , , , , , , , , , , ,1,2,1,1,1,2,1,1,1,2,1,1,1,2,1,1,1,1,2,1,1,2,1,1,1,2,1,1,1,2,1,1,1,2,1,1,1,1,2,1,1,2,1,1,1,2,1,1,0,1,1,1,0,1,1,1,3,-9, , , ,6,7,2,1,1,1,1,1,1,1,1,1,1,1,1,1,1,1,1,1,1,1,1,1,2,2,1,2,1,1,1,1,1,1,1,1,1,1,1,1,1,1,1,1,1,1,1,2,2,1,1,1,3,1,55,60,65,46,"4,5","4,53846153846154","4,5",10,1,5,7,45,457,140,5,1,4300,28, , ,1, ,123, ,123, , , , , , , ,2300, , ,2300,2300, , ,0, , ,2,2,2,1,2,2,2,2,1,2,2,1,1,2,,59
2315,2,7,8, , , , , , , , , , , , , , , , , , , , , , , , ,1,1992,   66663,7, ,1,1,1,1,1,1,1,2,1,1,1,1, ,4, ,7200,150,3, , , , , ,2, ,185, , , , , , , , , , , , , , , , , , , , , , , , , , , , , , , , , , , , , , , , , , , , , , , , , , , , , , , , , , , , , , , , , , , , , , , , , , , , , , , , , , , , , , , , , , , , , , , , , , , ,1,2,1,1,1,2,1,1,1,2,1,1,1,2,1,1,1,2,1,1,1,2,1,1,1,2,1,1,1,2,1,1,1,2,1,1,1,2,1,1,1,2,1,1,1,1,2,1,1,1,1,2,1,1,2,1,3, , , , ,6,4,2,1,1,1,1,1,1,2,1,1,1,1,1,1,1,1,1,1,1,1,1,1,1,1,2,2,1,1,1,1,1,1,1,2,1,1,1,1,1,1,1,1,1,1,1,1,1,1,1,2,2,4,70,12,100,31,"2,5","2,30769230769231","1,5",7, ,4,6,66,666,150,3, ,7200,50, , , , , , , , , , , , , , , ,185, ,"399,827101793819","399,827101793819", , ,0, , ,2,2,2,2,2,2,2,2,2,2,1,1,1,2,,11
2323,2,2,2, , , , , , , , , , , , , , , , , , , , , , , , ,1,1972,   53489,7, ,1,1,1,2,1,1,1,1,1,1,1,1, ,8, ,4200,86,2, ,0, , , ,1,8000, , , , , , , , , , ,1,150, , , , , , , , , , , , , , , , , , , , , , , , , , , , , , , , , , , , , , , , , , , , , , , , , , , , , , , , , , , , , , , , , , , , , , , , , , , , , , , , , , , , , , , , ,1,2,1,1,1,2,1,1,1,2,1,1,1,2,1,1,1,2,1,1,1,2,1,1,1,2,1,1,1,2,1,1,1,2,1,1,0,1,1,1,1,2,1,1,1,2,1,1,0,1,1,1,1,2,1,1,2, , ,1, ,6,24,3,1,1,1,1,1,1,1,1,1,1,1,1,1,1,1,1,2,1,1,1,1,1,2,2,2,1,1,1,1,1,1,1,1,1,1,1,1,1,1,1,1,2,1,1,1,1,1,2,1, ,1,66,26,100,51,"2,5","2,46153846153846",3,2, ,3,3,53,534,86,2, ,4200,43, , , , , , , , , , , , , , ,8000, , ,8000,8000, , ,0, , ,2,2,2,2,2,2,2,2,1,2,2,1,2,2,,25
2335,2,6,3, , , , , , , , , , , , , , , , , , , , , , , , ,1,1970,   65329,3, ,1,1,1,2,1,1,1,1,1,1,1,1, ,4, ,4000,85,2, ,0, , , ,1,4000, , , , , , , , , , , , , , , , , , , , , , , , , , , , , , , , , , , , , , , , , , , , , , , , , , , , , , , , , , , , , , , , , , , , , , , , , , , , , , , , , , , , , , , , , , , , , , , , , , , , ,1,2,1,1,1,2,1,1,1,2,1,1,1,2,1,1,1,2,1,1,1,2,1,1,0,1,1,1,1,2,1,1,0,1,1,1,1,2,1,1,1,2,1,1,0,1,1,1,0,1,1,1,0,1,1,1,3, , , , ,6,1,1,1,1,1,1,1,1,1,1,2,1,1,1,1,1,1,1,1,1,1,1,1,1,1,1,1,1,1,1,1,1,1,1,2,1,1,1,1,1,1,1,1,1,1,1,1,1,1,1,1,",5",1,"18,5",56,50,53,"2,8","2,69230769230769","3,5",4, ,1,3,65,653,85,2, ,4000,"42,5", , , , , , , , , , , , , , ,4000, , ,4000,4000, , ,0, , ,2,2,2,2,2,1,2,1,2,2,1,1,1,2,,55
2520,2,4,2, , , , , , , , , , , , , , , , , , , , , , , , ,2,1981,   91238,3, ,1,1,1,1,2,1,1,1,1,1,1,1, ,6, ,5500,125,2, ,0, , , ,1,5000, , , , , , , , , , , , , , , , , , , , , , , , , , , , , , , , , , , , , , , , , , , , , , , , , , , , , , , , , , , , , , , , , , , , , , , , , , , , , , , , , , , , , , , , , , , , , , , , , , , , ,1,2,1,1,1,2,1,1,1,2,1,1,1,2,1,1,0,1,1,1,1,2,1,1,1,2,1,1,1,2,1,1,0,1,1,1,0,1,1,1,1,2,1,1,1,2,1,1,0,1,1,1,0,1,1,1,3, , , , ,7,7,2,1,1,1,1,1,1,1,2,1,1,1,1,2,1,1,1,1,1,1,1,1,1,1,1,2,2,1,1,1,1,1,1,1,1,1,1,1,1,1,1,1,1,1,1,1,1,1,1,2,"1,5",12,164,-1,0,42,"2,5","2,15384615384615",1,10, ,1,4,91,912,125,2, ,5500,"62,5", , , , , , , , , , , , , , ,5000, , ,5000,5000, , ,0, , ,2,2,2,1,2,2,2,1,1,2,2,1,1,2,,
2640,2,4,3, , , , , , , , , , , , , , , , , , , , , , , , ,1,1968,   67063,7, ,2,1,1,2,1,2,1,1,1,1,1,1, ,4, ,6000,125,2, ,0, , , ,1,2750, , , , , , , , , , , , , , , , , , , , , , , , , , , , , , , , , , , , , , , , , , , , , , , , , , , , , , , , , , , , , , , , , , , , , , , , , , , , , , , , , , , , , , , , , , , , , , , , , , , , ,1,2,1,1,1,2,1,1,1,2,1,1,1,2,1,1,1,2,1,1,1,2,1,1,1,2,1,1,1,2,1,1,0,1,1,1,1,2,1,1,1,2,1,1,1,2,1,1,0,1,1,1,0,1,1,1,3, , , , ,7,24,5,1,1,1,1,1,1,1,1,1,1,1,1,1,1,2,2,2,2,2,1,1,1,1,1,1,1,1,1,1,1,1,1,1,1,1,1,1,2,1,1,1,1,1,1,1,1,1,1,1,1,",1",56,9,100,55,"2,5","2,61538461538462",2,2, ,3,6,67,670,125,2, ,6000,"62,5", , , , , , , , , , , , , , ,2750, , ,2750,2750, , ,0, , ,2,2,2,2,2,2,2,1,2,2,2,1,1,2,,8
2703,2,6,6, , , , , , , , , , , , , , , , , , , , , , , , ,1,1990,   47198,7, ,1,1,1,1,1,1,1,1,2,1,1,1, ,5, ,5000,105,4, ,2, , , ,1,4000, , , , , , , , , , , , , , , , , , , , , , , , , , , , , , , , , , , , , , , , , , , , , , , , , , , , , , , , , , , , , , , , , , , , , , , , , , , , , , , , , , , , , , , , , , , , , , , , , , , , ,1,2,1,1,1,2,1,1,1,2,1,1,1,2,1,1,1,2,1,1,1,2,1,1,1,2,1,1,0,1,1,1,1,2,1,1,0,1,1,1,1,2,1,1,0,1,1,1,0,1,1,1,0,1,1,1,3, , , , ,2,7,2,1,1,1,1,1,1,2,1,1,1,1,1,1,1,1,1,1,2,1,1,1,1,1,1,2,1,1,1,1,1,1,2,1,1,1,1,1,1,1,1,1,1,2,1,1,1,1,1,1,3,7,"46,3",21,50,33,"4,2","4,23076923076923",4,10, ,5,7,47,471,105,4,2,5000,"26,25", , , , , , , , , , , , , , ,4000, , ,4000,4000, , ,0, , ,2,2,2,2,2,2,1,2,1,2,1,1,1,2,,20
2711,2,10,9, , , , , , , , , , , , , , , , , , , , , , , , ,1,1971,   79114,5, ,1,1,1,1,1,1,1,1,2,1,1,1, ,4, ,3500,90,2, ,1, , , ,2, ,60, , , , , , , , , , , , , , , , , , , , , , , , , , , , , , , , , , , , , , , , , , , , , , , , , , , , , , , , , , , , , , , , , , , , , , , , , , , , , , , , , , , , , , , , , , , , , , , , , , , ,1,2,1,1,1,2,1,1,1,1,2,1,1,2,1,1,1,1,2,1,1,2,1,1,1,2,1,1,1,2,1,1,1,2,1,1,1,1,2,1,1,2,1,1,1,2,1,1,1,1,1,2,1,1,1,2,3, , , , ,10,2,2,1,1,1,1,1,1,1,2,1,1,1,1,1,1,1,1,1,1,2,1,1,1,1,1,2,1,1,1,1,1,1,1,1,1,2,1,1,1,1,1,1,1,1,1,1,1,2,1,1,6,2,50,101,10,52,"2,9","2,76923076923077","3,5",5, ,5,7,79,791,90,2,1,3500,45, , , , , , , , , , , , , , , ,60, ,"129,673654635833","129,673654635833", , ,0, , ,2,1,2,1,2,2,2,2,1,2,2,1,1,2,,100
2723,2,8,4, , , , , , , , , , , , , , , , , , , , , , , , ,2,1980,   42929,3, ,2,1,2,1,1,2,1,1,1,1,1,1, ,4, ,2750,110,4, ,2, , , ,2, ,174, , , , , , , , , ,2, ,176, , , , , , , , , , , , , , , , , , , , , , , , , , , , , , , , , , , , , , , , , , , , , , , , , , , , , , , , , , , , , , , , , , , , , , , , , , , , , , , , , , , , , , , ,1,2,1,1,1,2,1,1,1,2,1,1,1,2,1,1,1,2,1,1,1,2,1,1,1,2,1,1,1,2,1,1,1,2,1,1,2,2,1,2,1,2,1,1,1,1,2,1,1,1,2,1,1,1,2,1,2, , ,-8, ,7,5,1,1,1,1,1,1,1,1,1,1,1,1,1,1,1,1,1,1,1,1,1,1,1,2,1,1,1,1,1,1,1,1,1,1,1,1,1,1,1,1,1,1,1,1,1,1,1,1,2,1,1,1,30,45,45,43,"2,9","2,92307692307692","2,5",8, ,1,6,42,429,110,4,2,2750,"27,5", , , , , , , , , , , , , , , ,174, ,"376,053598443916","376,053598443916", , ,0, , ,2,2,2,2,2,2,2,2,2,2,1,1,1,2,,44
2817,2,3,1, , , , , , , , , , , , , , , , , , , , , , , , ,1,1975,   37170,4, ,1,1,1,2,1,1,1,1,1,1,1,1, ,4, ,2500,130,5, ,1, , , ,2, ,1400, , , , , , , , , , , , , , , , , , , , , , , , , , , , , , , , , , , , , , , , , , , , , , , , , , , , , , , , , , , , , , , , , , , , , , , , , , , , , , , , , , , , , , , , , , , , , , , , , , , ,1,2,1,1,1,2,1,1,1,2,1,1,1,2,1,1,1,2,1,1,1,2,1,1,1,2,1,1,1,2,1,1,1,1,1,2,1,2,1,1,1,2,1,1,1,2,1,1,1,1,1,2,1,1,1,2,3, , , , ,8,24,1,1,1,1,1,1,1,1,1,1,1,1,1,1,1,1,1,1,1,1,2,1,1,1,1,2,1,1,1,1,1,1,1,2,1,1,1,1,1,1,1,1,1,1,1,1,1,2,1,1,1,6,55,20,10,48,"3,1",3,"3,5",2, ,2,3,37,371,130,5,1,2500,26, , , , , , , , , , , , , , , ,1400, ,"3025,71860816944","3025,71860816944", , ,0, , ,2,2,2,2,2,2,2,1,2,2,2,1,1,2,,19
2867,2,8,9, , , , , , , , , , , , , , , , , , , , , , , , ,2,1981,   58509,4, ,1,1,1,2,1,1,1,1,1,1,1,1, ,4, ,4000,140,3, ,0, , , ,1,1200, , , , , , , , , , , , , , , , , , , , , , , , , , , , , , , , , , , , , , , , , , , , , , , , , , , , , , , , , , , , , , , , , , , , , , , , , , , , , , , , , , , , , , , , , , , , , , , , , , , , ,1,2,1,1,1,2,1,1,1,2,1,1,1,2,1,1,1,2,1,1,1,2,1,1,1,2,1,1,1,2,1,1,1,2,1,1,0,1,1,1,1,2,1,1,1,1,1,2,1,1,1,2,1,1,1,2,3, , , , ,9,23,2,2,1,1,1,1,1,2,1,1,1,1,1,1,1,1,1,1,1,1,1,1,1,1,1,2,2,1,1,1,1,1,1,2,1,1,1,1,1,1,1,1,1,1,1,1,1,1,1,1,1,1,50,40,0,42,"3,2",3,3,1, ,2,3,58,585,140,3, ,4000,"46,6666666666667", , , , , , , , , , , , , , ,1200, , ,1200,1200, , ,0, , ,2,2,2,2,2,2,2,2,1,2,1,1,1,2,,39
2877,2,7,5, , , , , , , , , , , , , , , , , , , , , , , , ,1,2005,   16567,1, ,1,2,1,1,1,1,1,1,1,1,1,1, ,1, ,5000,125,3, ,0, , , ,2, ,3000, , , , , , , , , , , , , , , , , , , , , , , , , , , , , , , , , , , , , , , , , , , , , , , , , , , , , , , , , , , , , , , , , , , , , , , , , , , , , , , , , , , , , , , , , , , , , , , , , , , ,1,2,1,1,1,2,1,1,1,2,1,1,1,2,1,1,1,2,1,1,1,2,1,1,1,1,2,1,1,2,1,1,1,2,1,1,1,2,1,1,1,2,1,1,1,1,2,1,1,1,2,1,1,1,2,1,3, , , , ,2,23,3,1,1,1,1,1,1,1,1,1,1,1,1,1,1,1,1,1,1,1,2,2,2,1,1,5,1,1,1,1,1,1,1,1,1,1,1,1,1,1,1,1,1,1,1,2,2,2,2,2, ,3,60,71,40,18,"3,2",3,3,1, ,0,0,16,165,125,3, ,5000,"41,6666666666667", , , , , , , , , , , , , , , ,3000, ,"6483,68273179166","6483,68273179166", , ,0, , ,2,2,2,2,2,1,2,2,2,2,1,1,1,2,,70
2887,2,6,7, , , , , , , , , , , , , , , , , , , , , , , , ,1,1993,   22846,7, ,1,1,1,2,1,1,1,1,1,1,1,1, ,4, ,5000,89,2, ,0, , , ,2, ,70, , , , , , , , , , , , , , , , , , , , , , , , , , , , , , , , , , , , , , , , , , , , , , , , , , , , , , , , , , , , , , , , , , , , , , , , , , , , , , , , , , , , , , , , , , , , , , , , , , , ,1,2,1,1,1,2,1,1,1,2,1,1,1,2,1,1,1,1,2,1,1,2,1,1,1,2,1,1,1,2,1,1,1,2,1,1,0,1,1,1,1,2,1,1,0,1,1,1,0,1,1,1,0,1,1,1,3, , , , ,6,25,1,1,1,1,1,1,1,1,1,1,1,1,2,1,1,1,1,1,1,1,1,1,1,1,1,0,1,1,1,1,1,1,1,1,1,1,1,1,1,1,1,1,1,1,1,1,1,1,1,1,3,1, ,12, ,30,"3,1",3,"3,5",3, ,3,3,22,228,89,2, ,5000,"44,5", , , , , , , , , , , , , , , ,70, ,"151,285930408472","151,285930408472", , ,0, , ,2,2,2,1,2,2,2,2,1,2,1,1,1,2,,11
2911,2,8,7, , , , , , , , , , , , , , , , , , , , , , , , ,2,1982,   71404,4, ,1,1,1,1,1,2,1,1,1,1,1,1, ,4, ,1700,94,4, ,2, , , ,1,3500, , , , , , , , , , , , , , , , , , , , , , , , , , , , , , , , , , , , , , , , , , , , , , , , , , , , , , , , , , , , , , , , , , , , , , , , , , , , , , , , , , , , , , , , , , , , , , , , , , , , ,1,2,1,1,1,2,1,1,1,2,1,1,1,2,1,1,1,2,1,1,1,2,1,1,1,2,1,1,1,2,1,1,0,1,1,1,1,2,1,1,1,2,1,1,1,1,2,1,0,1,1,1,0,1,1,1,3, , , , ,7,1,2,1,1,1,1,1,1,1,2,1,1,1,1,1,1,1,1,2,1,1,1,1,1,1,1,2,1,1,1,1,1,2,1,1,1,1,1,1,1,1,1,1,1,2,1,1,1,1,1,1, ,8,17,101,5,41,"2,7","2,76923076923077","2,5",4, ,2,6,71,714,94,4,2,1700,"23,5", , , , , , , , , , , , , , ,3500, , ,3500,3500, , ,0, , ,2,2,2,2,2,2,2,1,2,2,1,1,1,2,,100
2920,2,1,2, , , , , , , , , , , , , , , , , , , , , , , , ,1,1995,   10961,7, ,1,1,1,1,1,1,1,1,2,1,1,1, ,4, ,3500,100,3, ,1, , , ,1,2500, , , , , , , , , , ,1,120, , , , , , , , , , , , , , , , , , , , , , , , , , , , , , , , , , , , , , , , , , , , , , , , , , , , , , , , , , , , , , , , , , , , , , , , , , , , , , , , , , , , , , , , ,1,2,1,1,1,2,1,1,1,2,1,1,1,2,1,1,0,1,1,1,1,2,1,1,1,2,1,1,1,2,1,1,1,2,1,1,0,1,1,1,1,2,1,1,0,1,1,1,0,1,1,1,0,1,1,1,2, , ,1, ,3,24,2,1,1,1,1,1,1,1,1,1,1,1,1,1,1,1,2,2,1,1,1,1,1,1,1,2,1,1,1,1,1,1,1,1,1,1,1,1,1,1,1,2,2,1,1,1,1,1,1,1,",5",2,80,21,0,28,"4,4","4,38461538461539","4,5",2, ,5,7,10,109,100,3,1,3500,"33,3333333333333", , , , , , , , , , , , , , ,2500, , ,2500,2500, , ,0, , ,2,2,2,1,2,2,2,2,1,2,1,1,1,2,,20
2936,2,1,1, , , , , , , , , , , , , , , , , , , , , , , , ,1,1981,   37235,4, ,1,1,1,1,2,1,1,1,1,1,1,1, ,2, ,4000,30,5, ,2, , , ,2, ,1800, , , , , , , , , ,2, ,0, , , , , , , , , , , , , , , , , , , , , , , , , , , , , , , , , , , , , , , , , , , , , , , , , , , , , , , , , , , , , , , , , , , , , , , , , , , , , , , , , , , , , , , ,1,2,1,1,1,2,1,1,1,2,1,1,1,2,1,1,1,2,1,1,1,2,1,1,1,2,1,1,1,2,1,1,0,1,1,1,0,1,1,1,1,2,1,1,0,1,1,1,0,1,1,1,0,1,1,1,2, , ,2, ,1,1,2,1,1,1,1,1,1,1,1,1,1,1,1,1,1,1,1,1,1,2,1,2,1,1,1,2,1,1,1,1,1,1,1,1,1,1,1,1,1,1,1,1,1,1,2,1,2,1,1,1,2,2,80,60,50,42,"2,8","3,30769230769231",3,4, ,2,4,37,372,30,5,2,4000,6, , , , , , , , , , , , , , , ,1800, ,"3890,20963907499","3890,20963907499", , ,0, , ,2,2,2,2,2,2,2,1,1,2,1,1,1,2,,59
2941,2,4,1, , , , , , , , , , , , , , , , , , , , , , , , ,2,1959,   35619,7, ,1,1,1,1,1,1,1,2,1,1,1,1, ,8, , ,120,2, ,0, , , ,1,3000, , , , , , , , , , ,1, , , , , , , , , , , , , , , , , , , , , , , , , , , , , , , , , , , , , , , , , , , , , , , , , , , , , , , , , , , , , , , , , , , , , , , , , , , , , , , , , , , , , , , , , ,1,2,1,1,1,2,1,1,1,2,1,1,1,2,1,1,1,2,1,1,1,2,1,1,1,2,1,1,1,2,1,1,0,1,1,1,1,2,1,1,1,2,1,1,0,1,1,1,0,1,1,1,0,1,1,1,2, , ,1, ,3,23,2,1,1,1,1,1,1,1,1,2,1,1,1,1,1,1,1,1,1,1,1,2,1,1,1,0,1,1,1,1,1,1,1,1,1,1,1,1,1,1,1,1,1,1,1,1,1,1,1,1,2,1, ,-9, ,64,"1,6","1,46153846153846",1,1, ,4,6,35,356,120,2, , ,60, , , , , , , , , , , , , , ,3000, , ,3000,3000, , ,0, , ,2,2,2,2,2,2,2,1,2,2,1,1,1,2,,
2985,2,7,6, , , , , , , , , , , , , , , , , , , , , , , , ,1,1968,   21339,4, ,2,1,1,2,2,1,1,1,1,1,1,1, ,4, ,4100,120,2, ,0, , , ,1,3000, , , , , , , , , , , , , , , , , , , , , , , , , , , , , , , , , , , , , , , , , , , , , , , , , , , , , , , , , , , , , , , , , , , , , , , , , , , , , , , , , , , , , , , , , , , , , , , , , , , , ,1,2,1,1,1,2,1,1,1,2,1,1,1,2,1,1,1,2,1,1,1,2,1,1,1,2,1,1,1,2,1,1,0,1,1,1,1,2,1,1,2,2,2,1,1,1,2,1,1,2,1,1,0,1,1,1,3, , , , ,6,5,4,1,1,1,1,1,1,1,1,1,1,1,2,2,2,2,1,1,1,1,1,1,1,1,1,4,1,1,1,1,1,1,1,1,1,1,1,1,2,2,2,2,1,1,1,1,1,1,1,1,"1,5",3,17,21,10,55,"3,1","3,15384615384615","3,5",8, ,2,4,21,213,120,2, ,4100,60, , , , , , , , , , , , , , ,3000, , ,3000,3000, , ,0, , ,2,2,2,2,2,2,2,1,2,2,1,2,1,2,,20
2994,2,6,6, , , , , , , , , , , , , , , , , , , , , , , , ,2,1967,   41238,4, ,2,1,1,2,2,1,1,1,1,1,1,1, ,4, ,2800,145,3, ,0, , , ,2, ,1800, , , , , , , , , , , , , , , , , , , , , , , , , , , , , , , , , , , , , , , , , , , , , , , , , , , , , , , , , , , , , , , , , , , , , , , , , , , , , , , , , , , , , , , , , , , , , , , , , , , ,1,2,1,1,1,2,1,1,1,2,1,1,1,2,1,1,1,2,1,1,1,2,1,1,1,2,1,1,1,2,1,1,0,1,1,1,0,1,1,1,1,2,1,1,0,1,1,1,0,1,1,1,0,1,1,1,3, , , , ,6,1,2,1,1,1,1,1,1,1,1,1,1,1,1,1,1,1,1,2,1,1,1,1,1,2,1,2,1,1,1,1,1,1,1,1,1,1,1,1,1,1,1,1,2,1,1,1,1,1,2,1,"1,5",",8",72,46,25,56,"4,3","4,15384615384615","4,5",4, ,2,4,41,412,145,3, ,2800,"48,3333333333333", , , , , , , , , , , , , , , ,1800, ,"3890,20963907499","3890,20963907499", , ,0, , ,2,2,2,2,2,2,2,1,1,2,1,1,1,2,,45
3001,2,8,7, , , , , , , , , , , , , , , , , , , , , , , , ,1,1969,   90530,4, ,1,1,1,2,1,1,1,1,1,1,1,1, ,4, ,3800,320,3, ,0, , , ,2, ,1000, , , , , , , , , ,2, ,470, , , , , , , , , , , , , , , , , , , , , , , , , , , , , , , , , , , , , , , , , , , , , , , , , , , , , , , , , , , , , , , , , , , , , , , , , , , , , , , , , , , , , , , ,1,2,1,1,1,2,1,1,1,2,1,1,1,2,1,1,1,2,1,1,1,2,1,1,1,2,1,1,1,2,1,1,0,1,1,1,0,1,1,1,1,2,1,1,0,1,1,1,0,1,1,1,0,1,1,1,2, , ,2, ,8,2,2,1,1,1,1,1,1,1,1,1,2,1,1,2,1,1,1,1,1,1,1,1,1,1,1,2,1,1,1,1,1,1,1,1,1,1,1,1,1,1,1,2,1,1,1,2,1,1,1,1,2,2,56,82,85,54,"2,3","2,23076923076923",1,5, ,2,3,90,905,320,3, ,3800,"106,666666666667", , , , , , , , , , , , , , , ,1000, ,"2161,22757726389","2161,22757726389", , ,0, , ,2,2,2,2,2,2,2,1,1,2,1,1,1,2,,81
3021,2,6,7, , , , , , , , , , , , , , , , , , , , , , , , ,1,1972,   76767,4, ,1,1,1,2,1,1,1,1,1,1,1,1, ,4, ,6000,360,2, ,0, , , ,1,3200, , , , , , , , , , , , , , , , , , , , , , , , , , , , , , , , , , , , , , , , , , , , , , , , , , , , , , , , , , , , , , , , , , , , , , , , , , , , , , , , , , , , , , , , , , , , , , , , , , , , ,1,2,1,1,1,2,1,1,1,2,1,1,1,2,1,1,1,2,1,1,1,2,1,1,1,2,1,1,1,2,1,1,0,1,1,1,1,2,1,1,1,2,1,1,1,2,1,1,0,1,1,1,0,1,1,1,3, , , , ,8,5,5,1,1,1,1,1,1,1,1,1,1,1,1,1,1,1,1,1,1,1,2,2,2,2,2,5,1,1,1,1,1,1,1,1,1,1,1,1,1,1,1,1,1,1,1,2,2,2,2,2,2,3,530,33,60,51,"2,4","2,38461538461538",2,8, ,2,3,76,767,360,2, ,6000,180, , , , , , , , , , , , , , ,3200, , ,3200,3200, , ,0, , ,2,2,2,2,2,2,2,1,2,2,2,1,1,2,,32
3025,2,4,4, , , , , , , , , , , , , , , , , , , , , , , , ,2,1962,   53859,7, ,1,1,1,1,1,1,1,2,1,1,1,1, ,4, ,3200,80,1, ,0, , , ,1,1500, , , , , , , , , , , , , , , , , , , , , , , , , , , , , , , , , , , , , , , , , , , , , , , , , , , , , , , , , , , , , , , , , , , , , , , , , , , , , , , , , , , , , , , , , , , , , , , , , , , , ,1,2,1,1,1,2,1,1,1,2,1,1,1,2,1,1,0,1,1,1,1,2,1,1,1,2,1,1,1,2,1,1,1,2,1,1,0,1,1,1,1,2,1,1,0,1,1,1,0,1,1,1,0,1,1,1,3, , , , ,7,23,2,1,1,1,1,1,1,2,1,1,1,1,2,1,1,1,1,1,1,1,1,1,1,1,1,2,1,1,1,1,1,1,1,1,2,1,2,1,1,1,1,1,1,1,1,1,1,1,1,1,1,1,12,26,15,61,4,"4,07692307692308","3,5",1, ,4,6,53,538,80,1, ,3200,80, , , , , , , , , , , , , , ,1500, , ,1500,1500, , ,0, , ,2,2,2,1,2,2,2,2,1,2,1,1,1,2,,25
3040,2,11,11, , , , , , , , , , , , , , , , , , , , , , , , ,2,1991,   10407,7, ,1,1,1,1,1,1,1,1,2,1,1,1, ,4, ,5000,50,4, ,2, , , ,2, ,500, , , , , , , , , ,2, ,200, , , , , , , , , , , , , , , , , , , , , , , , , , , , , , , , , , , , , , , , , , , , , , , , , , , , , , , , , , , , , , , , , , , , , , , , , , , , , , , , , , , , , , , ,1,2,1,1,1,2,1,1,1,2,1,1,1,2,1,1,1,2,1,1,1,2,1,1,1,2,1,1,1,2,1,1,1,2,1,1,1,2,1,1,1,2,1,1,1,2,1,1,1,1,2,1,1,1,2,1,2, , ,1, ,11,25,1,1,1,1,2,1,1,1,1,1,1,1,1,1,1,1,1,1,1,1,1,1,1,1,1,1,1,1,1,2,1,1,1,1,1,1,1,1,1,1,1,1,1,1,1,1,1,1,1,1,2,2,1000,78,89,32,3,"2,61538461538462",3,3, ,5,7,10,104,50,4,2,5000,"12,5", , , , , , , , , , , , , , , ,500, ,"1080,61378863194","1080,61378863194", , ,0, , ,2,2,2,2,2,2,2,2,2,2,2,1,1,2,,77
3102,2,5,3, , , , , , , , , , , , , , , , , , , , , , , , ,1,1966,   29225,7, ,1,1,1,1,1,1,1,2,1,1,1,1, ,4, ,6000,189,6, ,2, , , ,2, ,1200, , , , , , , , , , , , , , , , , , , , , , , , , , , , , , , , , , , , , , , , , , , , , , , , , , , , , , , , , , , , , , , , , , , , , , , , , , , , , , , , , , , , , , , , , , , , , , , , , , , ,1,2,1,1,1,2,1,1,1,2,1,1,1,2,1,1,1,2,1,1,1,2,1,1,1,2,1,1,1,2,1,1,0,1,1,1,0,1,1,1,1,2,1,1,0,1,1,1,0,1,1,1,0,1,1,1,3, , , , ,5,5,3,1,1,1,1,1,1,1,2,1,1,1,1,2,1,2,1,1,1,1,1,1,1,1,1,2,1,1,1,1,1,1,1,2,1,1,1,1,1,1,1,1,1,1,1,2,1,1,1,1,3,4,43,20,150,57,"3,4","3,38461538461538",3,8, ,4,6,29,292,189,6,2,6000,"31,5", , , , , , , , , , , , , , , ,1200, ,"2593,47309271666","2593,47309271666", , ,0, , ,2,2,2,2,2,2,2,1,1,2,1,1,1,2,,19
3122,2,3,5, , , , , , , , , , , , , , , , , , , , , , , , ,1,1985,   86381,7, ,1,1,1,1,2,1,1,1,1,1,1,1, ,6, ,80000,250,4, ,2, , , ,2, ,1200, , , , , , , , , , , , , , , , , , , , , , , , , , , , , , , , , , , , , , , , , , , , , , , , , , , , , , , , , , , , , , , , , , , , , , , , , , , , , , , , , , , , , , , , , , , , , , , , , , , ,1,2,1,1,1,2,1,1,1,2,1,1,1,2,1,1,1,2,1,1,1,2,1,1,1,2,1,1,1,2,1,1,1,2,1,1,0,1,1,1,1,2,1,1,0,1,1,1,1,1,2,1,0,1,1,1,3, , , , ,8,24,2,1,1,1,1,1,1,1,1,2,1,1,2,1,1,1,1,1,1,1,1,1,1,1,1,2,1,1,1,1,1,1,1,1,2,1,1,1,1,1,1,1,2,1,1,1,1,1,1,1,1,2,60,42,20,38,"2,4","2,61538461538462",3,2, ,3,4,86,863,250,4,2,80000,"62,5", , , , , , , , , , , , , , , ,1200, ,"2593,47309271666","2593,47309271666", , ,0, , ,2,2,2,2,2,2,2,2,1,2,1,1,1,2,,41
3127,2,5,4, , , , , , , , , , , , , , , , , , , , , , , , ,1,1965,     815,7, ,2,1,1,2,1,1,1,1,2,1,1,1, ,9, ,10000,100,2, ,0, , , ,1,2000, , , , , , , , , , , , , , , , , , , , , , , , , , , , , , , , , , , , , , , , , , , , , , , , , , , , , , , , , , , , , , , , , , , , , , , , , , , , , , , , , , , , , , , , , , , , , , , , , , , , ,1,2,1,1,2,2,2,1,1,2,1,1,1,2,1,1,0,1,1,1,1,2,1,1,1,2,1,1,1,2,1,1,0,1,1,1,0,1,1,1,1,2,1,1,0,1,1,1,0,1,1,1,0,1,1,1,3, , , , ,6,1,4,1,1,1,1,1,1,1,1,1,1,1,1,1,1,1,1,1,2,2,2,2,1,1,1,4,1,1,1,1,1,1,1,1,1,1,1,1,1,1,1,1,1,2,2,2,2,1,1,1,1,4,"14,4",1,50,58,"3,7","3,76923076923077",3,4, ,5,7,81,815,100,2, ,10000,50, , , , , , , , , , , , , , ,2000, , ,2000,2000, , ,0, , ,2,2,2,1,2,2,2,1,1,2,1,1,1,2,,0
3154,2,4,3, , , , , , , , , , , , , , , , , , , , , , , , ,2,1985,   79424,4, ,1,1,1,2,1,1,1,1,1,1,1,1, ,-9, ,3800,150,5, ,3, , , ,1,6800, , , , , , , , , , ,1,1200, , , , , , , , , , , , , , , , , , , , , , , , , , , , , , , , , , , , , , , , , , , , , , , , , , , , , , , , , , , , , , , , , , , , , , , , , , , , , , , , , , , , , , , , ,1,2,1,1,1,2,1,1,1,2,1,1,1,2,1,1,1,2,1,1,1,2,1,1,1,2,1,1,1,2,1,1,0,1,1,1,1,2,1,1,1,2,1,1,1,2,1,1,1,2,1,1,1,2,1,1,2, , ,1, ,5,5,2,1,1,1,1,1,1,1,2,1,1,1,1,1,1,1,1,1,1,1,1,2,1,1,1,1,1,1,1,1,1,1,2,1,1,1,1,1,1,1,1,1,1,1,1,1,1,1,1,1,2,1,11,30,0,38,3,"2,92307692307692","3,5",8, ,2,3,79,794,150,5,3,3800,30, , , , , , , , , , , , , , ,6800, , ,6800,6800, , ,0, , ,2,2,2,2,2,2,2,1,2,2,2,2,2,2,,29
3199,2,4,4, , , , , , , , , , , , , , , , , , , , , , , , ,2,1987,   42329,7, ,3,1,1,2,1,1,2,1,2,1,1,1, ,5, ,6800,170,5, ,3, , , ,1,7000, , , , , , , , , , , , , , , , , , , , , , , , , , , , , , , , , , , , , , , , , , , , , , , , , , , , , , , , , , , , , , , , , , , , , , , , , , , , , , , , , , , , , , , , , , , , , , , , , , , , ,1,2,1,1,1,2,1,1,1,2,1,1,1,2,1,1,1,2,1,1,1,2,1,1,1,2,1,1,1,2,1,1,0,1,1,1,0,1,1,1,1,2,1,1,0,1,1,1,0,1,1,1,0,1,1,1,3, , , , ,6,5,2,1,1,1,1,1,1,1,2,1,1,1,1,1,1,1,1,2,1,1,1,1,1,1,1,0,1,1,1,1,1,1,1,1,1,1,1,1,1,1,1,1,1,1,1,1,1,1,1,1,3,12,65,11,20,36,"3,3","3,38461538461538",3,8, ,5,7,42,423,170,5,3,6800,34, , , , , , , , , , , , , , ,7000, , ,7000,7000, , ,0, , ,2,2,2,2,2,2,2,1,1,2,1,1,1,2,,10
3213,2,6,3, , , , , , , , , , , , , , , , , , , , , , , , ,1,1972,   21501,7, ,2,1,1,2,1,1,1,1,2,1,1,1, ,4, ,1400,140,3, ,2, , , ,1,3200, , , , , , , , , , , , , , , , , , , , , , , , , , , , , , , , , , , , , , , , , , , , , , , , , , , , , , , , , , , , , , , , , , , , , , , , , , , , , , , , , , , , , , , , , , , , , , , , , , , , ,1,2,1,1,1,1,1,2,1,2,1,1,1,2,1,1,1,2,1,1,1,2,1,1,1,2,1,1,1,2,1,1,1,2,1,1,1,1,1,2,1,2,1,1,1,1,1,2,1,1,1,2,1,1,1,2,3, , , , ,9,23,6,1,1,1,1,1,1,1,1,1,1,1,1,1,1,1,1,1,2,2,1,2,2,2,2,7,1,1,1,1,1,1,1,1,1,1,1,1,1,1,1,1,2,2,2,2,2,2,2,1,",5",0,56,3,1,51,"2,9","2,76923076923077",3,1, ,5,7,21,215,140,3,2,1400,"46,6666666666667", , , , , , , , , , , , , , ,3200, , ,3200,3200, , ,0, , ,1,2,2,2,2,2,2,2,1,2,1,1,1,2,,2
3248,2,6,5, , , , , , , , , , , , , , , , , , , , , , , , ,1,1999,   36115,7, ,1,1,1,1,1,1,1,1,2,1,1,1, ,4, ,5000,100,2, ,0, , , ,1,5000, , , , , , , , , , , , , , , , , , , , , , , , , , , , , , , , , , , , , , , , , , , , , , , , , , , , , , , , , , , , , , , , , , , , , , , , , , , , , , , , , , , , , , , , , , , , , , , , , , , , ,1,2,1,1,1,2,1,1,1,2,1,1,1,2,1,1,1,2,1,1,1,2,1,1,1,2,1,1,1,2,1,1,1,2,1,1,0,1,1,1,1,2,1,1,0,1,1,1,1,2,1,1,1,2,1,1,3, , , , ,7,-9,0,1,1,1,1,1,1,1,1,1,1,1,1,1,1,1,1,1,1,1,1,1,1,1,1,0,1,1,1,1,1,1,1,1,1,1,1,1,1,1,1,1,1,1,1,1,1,1,1,1,0,0,0,-9,0,24,"2,7","2,38461538461538",2,-9, ,5,7,36,361,100,2, ,5000,50, , , , , , , , , , , , , , ,5000, , ,5000,5000, , ,0, , ,2,2,2,2,2,2,2,2,1,2,1,2,2,2,,
3286,2,10,7, , , , , , , , , , , , , , , , , , , , , , , , ,2,1990,   40474,4, ,1,1,1,2,1,1,1,1,1,1,1,1, ,4, ,4650,110,3, ,1, , , ,2, ,150, , , , , , , , , ,2, ,120, , , , , , , , , , , , , , , , , , , , , , , , , , , , , , , , , , , , , , , , , , , , , , , , , , , , , , , , , , , , , , , , , , , , , , , , , , , , , , , , , , , , , , , ,1,2,1,1,1,2,1,1,1,2,1,1,1,2,1,1,1,2,1,1,1,2,1,1,1,2,1,1,1,2,1,1,1,2,1,1,1,1,2,1,1,2,1,1,1,1,2,1,1,1,1,2,1,1,2,1,2, , ,2, ,8,1,2,1,1,1,1,1,1,2,1,1,1,1,1,1,1,1,1,1,2,1,1,1,1,1,1,2,1,1,1,1,1,1,2,1,1,1,1,1,1,1,1,1,1,2,1,1,1,1,1,1,2,12,70000,67,60,33,"3,2","2,84615384615385",3,4, ,2,3,40,404,110,3,1,4650,"36,6666666666667", , , , , , , , , , , , , , , ,150, ,"324,184136589583","324,184136589583", , ,0, , ,2,2,2,2,2,2,2,2,1,2,1,1,1,2,,66
3333,2,6,8, , , , , , , , , , , , , , , , , , , , , , , , ,2,1970,   97421,7, ,1,1,1,1,1,1,2,1,1,1,1,1, ,5, ,4070,126,5, ,3, , , ,2, ,200, , , , , , , , , ,2, ,399, , , , , , , , , , , , , , , , , , , , , , , , , , , , , , , , , , , , , , , , , , , , , , , , , , , , , , , , , , , , , , , , , , , , , , , , , , , , , , , , , , , , , , , ,1,2,1,1,1,2,1,1,1,2,1,1,1,2,1,1,1,2,1,1,1,2,1,1,1,2,1,1,1,2,1,1,1,2,1,1,1,2,1,1,1,2,1,1,1,2,1,1,1,2,1,1,1,2,1,1,2, , ,1, ,7,22,2,1,1,1,1,1,1,1,2,1,1,1,1,1,1,1,1,1,1,1,1,1,2,1,1,2,1,1,1,1,1,1,1,1,1,2,1,1,1,2,1,1,1,1,1,1,1,1,1,1,3,5,55,72,15,53,"2,88888888888889","2,83333333333333",3,18, ,3,3,97,974,126,5,3,4070,"25,2", , , , , , , , , , , , , , , ,200, ,"432,245515452777","432,245515452777", , ,0, , ,2,2,2,2,2,2,2,2,2,2,2,2,2,2,,71
3359,2,11,11, , , , , , , , , , , , , , , , , , , , , , , , ,2,1997,   47226,7, ,1,1,1,1,1,1,1,1,2,1,1,1, ,4, ,3000,78,3, ,1, , , ,2, ,80, , , , , , , , , ,2, ,80, , , , , , , , , , , , , , , , , , , , , , , , , , , , , , , , , , , , , , , , , , , , , , , , , , , , , , , , , , , , , , , , , , , , , , , , , , , , , , , , , , , , , , , ,1,2,1,1,1,2,1,1,1,2,1,1,1,2,1,1,1,2,1,1,1,2,1,1,1,2,1,1,1,2,1,1,1,2,1,1,1,1,2,1,1,2,1,1,1,1,2,1,1,1,1,2,1,1,1,2,2, , ,1, ,11,6,2,1,1,1,1,1,1,1,1,2,1,1,1,1,1,1,1,2,1,1,1,1,1,1,1,2,1,1,1,1,1,2,1,1,1,1,1,1,1,1,1,1,1,2,1,1,1,1,1,1,10,1,50,101,80,26,3,"2,76923076923077",3,9, ,5,7,47,472,78,3,1,3000,26, , , , , , , , , , , , , , , ,80, ,"172,898206181111","172,898206181111", , ,0, , ,2,2,2,2,2,2,2,2,1,2,1,1,1,2,,100
3403,2,10,10, , , , , , , , , , , , , , , , , , , , , , , , ,2,1997,    4328,7, ,1,1,1,1,1,1,1,1,2,1,1,1, ,6, ,1,245,2, ,0, , , ,1,3000, , , , , , , , , , , , , , , , , , , , , , , , , , , , , , , , , , , , , , , , , , , , , , , , , , , , , , , , , , , , , , , , , , , , , , , , , , , , , , , , , , , , , , , , , , , , , , , , , , , , ,1,2,1,1,1,2,1,1,1,2,1,1,1,2,1,1,1,2,1,1,1,2,1,1,1,2,1,1,1,2,1,1,1,2,1,1,1,1,2,1,2,2,2,1,2,2,2,1,2,2,2,1,1,2,1,1,3, , , , ,6,8,0,1,1,1,1,1,1,1,1,1,1,1,1,1,1,1,1,1,1,1,1,1,1,1,1,0,1,1,1,1,1,1,1,1,1,1,1,1,1,1,1,1,1,1,1,1,1,1,1,1,0,0,0,-9,0,26,"3,2","2,76923076923077",1,11, ,5,7,43,432,245,2, ,1,"122,5", , , , , , , , , , , , , , ,3000, , ,3000,3000, , ,0, , ,2,2,2,2,2,2,2,2,1,2,2,2,2,2,,
3428,2,4,2, , , , , , , , , , , , , , , , , , , , , , , , ,1,1989,   61184,7, ,1,1,1,1,1,1,1,1,2,1,1,1, ,4, ,5300,120,3, ,1, , , ,1,1800, , , , , , , , , , , , , , , , , , , , , , , , , , , , , , , , , , , , , , , , , , , , , , , , , , , , , , , , , , , , , , , , , , , , , , , , , , , , , , , , , , , , , , , , , , , , , , , , , , , , ,1,2,1,1,1,2,1,1,1,2,1,1,1,2,1,1,1,2,1,1,1,2,1,1,1,2,1,1,1,2,1,1,1,1,1,2,1,1,1,2,1,2,1,1,1,2,1,1,1,1,1,2,1,2,1,1,3, , , , ,6,23,13,2,2,2,2,2,1,1,1,1,1,1,1,1,1,1,1,2,2,2,2,2,2,2,2,13,2,2,2,2,2,2,2,2,1,1,1,1,1,1,1,1,1,1,1,2,2,2,2,2,2,1,80,39,0,34,2,2,"2,5",1, ,5,7,61,611,120,3,1,5300,40, , , , , , , , , , , , , , ,1800, , ,1800,1800, , ,0, , ,2,2,2,2,2,2,2,1,1,2,2,1,2,2,,38
3439,2,8,9, , , , , , , , , , , , , , , , , , , , , , , , ,2,1981,   51429,6, ,2,1,1,1,2,2,1,1,1,1,1,1, ,-9, ,82500,95,4, ,2, , , ,2, ,89, , , , , , , , , , , , , , , , , , , , , , , , , , , , , , , , , , , , , , , , , , , , , , , , , , , , , , , , , , , , , , , , , , , , , , , , , , , , , , , , , , , , , , , , , , , , , , , , , , , ,1,2,1,1,1,2,1,1,1,2,1,1,1,2,1,1,1,2,1,1,1,2,1,1,1,2,1,1,1,2,1,1,1,2,1,1,2,1,2,2,1,2,1,1,1,1,2,1,1,1,2,1,1,1,2,1,3, , , , ,7,3,4,1,1,1,1,1,1,1,1,1,1,1,1,1,1,1,1,1,1,1,2,2,2,2,1,7,1,1,1,1,1,1,1,1,1,1,1,1,1,2,1,1,2,2,2,2,2,2,1,1,2,4,500,50,12,42,"2,8","2,92307692307692","3,5",6, ,2,6,51,514,95,4,2,82500,"23,75", , , , , , , , , , , , , , , ,89, ,"192,349254376486","192,349254376486", , ,0, , ,2,2,2,2,2,2,2,2,1,2,1,1,1,2,,49
3449,2,2,1,10,-9, , ,7, ,-9, , ,-9, , ,-9,-9, , , , , , , , , , ,1,1986,   33699,6, ,1,1,1,1,1,1,1,1,2,1,1,1, ,5, ,6000,250,4, ,2, , , ,1,4000, , , , , , , , , , , , , , , , , , , , , , , , , , , , , , , , , , , , , , , , , , , , , , , , , , , , , , , , , , , , , , , , , , , , , , , , , , , , , , , , , , , , , , , , , , , , , , , , , , , , ,1,2,1,1,1,2,1,1,1,2,1,1,1,2,1,1,1,1,2,1,1,2,1,1,1,2,1,1,1,2,1,1,1,1,2,1,1,2,1,1,1,2,1,1,1,1,2,1,1,1,2,1,1,1,2,1,3, , , , ,3,5,4,1,1,1,1,1,1,1,1,1,1,1,1,1,1,2,2,2,2,1,1,1,1,1,1,0,1,1,1,1,1,1,1,1,1,1,1,1,1,1,1,1,1,1,1,1,1,1,1,1,1,2,"5,5",-1, ,37,"4,3","4,30769230769231",5,8,10,5,7,33,336,250,4,2,6000,"62,5", , ,10, ,7, , , , , , , , , ,4000, , ,4000,4000, , ,0, , ,2,2,2,1,2,2,2,1,2,2,1,1,1,2,,
3478,2,3,7, , , , , , , , , , , , , , , , , , , , , , , , ,1,1966,   34399,7, ,1,1,1,1,1,1,1,1,2,1,1,1, ,5, ,4100,210,3, ,0, , , ,1,4800, , , , , , , , , , , , , , , , , , , , , , , , , , , , , , , , , , , , , , , , , , , , , , , , , , , , , , , , , , , , , , , , , , , , , , , , , , , , , , , , , , , , , , , , , , , , , , , , , , , , ,1,2,1,1,1,2,1,1,1,2,1,1,1,2,1,1,1,2,1,1,1,2,1,1,1,2,1,1,1,2,1,1,0,1,1,1,0,1,1,1,1,2,1,1,0,1,1,1,0,1,1,1,0,1,1,1,3, , , , ,8,2,11,2,2,2,2,2,2,2,1,1,1,1,1,1,1,1,1,1,1,1,1,2,2,2,2,11,2,2,2,2,2,2,2,2,1,1,1,1,1,1,1,1,1,1,1,1,1,2,2,2,2,10,85,1,15,57,"2,4","2,38461538461538",2,5, ,5,7,34,343,210,3, ,4100,70, , , , , , , , , , , , , , ,4800, , ,4800,4800, , ,0, , ,2,2,2,2,2,2,2,1,1,2,1,1,1,2,,0
3552,2,8,8, , , , , , , , , , , , , , , , , , , , , , , , ,2,1978,   41569,7, ,1,1,1,1,1,1,1,1,2,1,1,1, ,4, ,4550,160,4, ,0, , , ,2, ,1100, , , , , , , , , , , , , , , , , , , , , , , , , , , , , , , , , , , , , , , , , , , , , , , , , , , , , , , , , , , , , , , , , , , , , , , , , , , , , , , , , , , , , , , , , , , , , , , , , , , ,1,2,1,1,1,2,1,1,1,2,1,1,1,2,1,1,1,2,1,1,0,1,1,1,1,2,1,1,1,2,1,1,0,1,1,1,0,1,1,1,1,2,1,1,0,1,1,1,0,1,1,1,0,1,1,1,3, , , , ,9,1,4,1,1,1,1,1,1,2,2,1,1,1,1,1,1,1,1,1,2,2,1,1,1,1,1,3,1,1,1,1,1,1,1,1,2,2,1,1,1,1,1,1,1,1,1,2,1,1,1,1,2,2,85,59,20,45,"2,7","2,61538461538462","2,5",4, ,5,7,41,415,160,4, ,4550,40, , , , , , , , , , , , , , , ,1100, ,"2377,35033499027","2377,35033499027", , ,0, , ,2,2,2,2,1,2,2,1,1,2,1,1,1,2,,58
3584,2,4,4, , , , , , , , , , , , , , , , , , , , , , , , ,1,1983,   85276,6, ,1,1,1,2,1,1,1,1,1,1,1,1, ,9, ,5500,147,4, ,2, , , ,1,4500, , , , , , , , , , , , , , , , , , , , , , , , , , , , , , , , , , , , , , , , , , , , , , , , , , , , , , , , , , , , , , , , , , , , , , , , , , , , , , , , , , , , , , , , , , , , , , , , , , , , ,1,2,1,1,1,2,1,1,1,2,1,1,1,2,1,1,1,2,1,1,0,1,1,1,1,2,1,1,1,2,1,1,0,1,1,1,0,1,1,1,1,2,1,1,0,1,1,1,0,1,1,1,0,1,1,1,3, , , , ,6,2,2,1,1,1,1,1,1,1,1,2,1,1,1,1,1,1,1,1,2,1,1,1,1,1,1,2,1,1,1,1,1,1,1,1,1,2,1,1,1,1,1,1,1,2,1,1,1,1,1,1,",5",2,70,31,50,40,"3,8","3,69230769230769","3,5",5, ,2,3,85,852,147,4,2,5500,"36,75", , , , , , , , , , , , , , ,4500, , ,4500,4500, , ,0, , ,2,2,2,2,1,2,2,1,1,2,1,1,1,2,,30
5345,2,1,1, , , , , , , , , , , , , , , , , , , , , , , , ,1,1978,   90619,6, ,2,1,1,1,1,2,1,1,2,1,1,1, ,4, ,2200,120,3, ,1, , , ,1,2241, , , , , , , , , , , , , , , , , , , , , , , , , , , , , , , , , , , , , , , , , , , , , , , , , , , , , , , , , , , , , , , , , , , , , , , , , , , , , , , , , , , , , , , , , , , , , , , , , , , , ,1,2,1,1,1,2,1,1,1,2,1,1,1,2,1,1,1,1,1,2,1,2,1,1,1,2,1,1,1,2,1,1,1,2,1,1,1,2,1,1,1,2,1,1,1,1,2,1,0,1,1,1,0,1,1,1,3, , , , ,-9,25,2,1,1,1,1,1,1,1,1,1,2,2,1,1,1,1,1,1,1,1,1,1,1,1,1,2,1,1,1,1,1,1,1,1,1,1,1,1,2,2,1,1,1,1,1,1,1,1,1,1,",5",",5",87,73,50,45,"2,7","2,61538461538462",4,3, ,5,7,90,906,120,3,1,2200,40, , , , , , , , , , , , , , ,2241, , ,2241,2241, , ,0, , ,2,2,2,1,2,2,2,2,2,2,1,1,1,2,,72
5436,2,8,9, , , , , , , , , , , , , , , , , , , , , , , , ,2,1982,   53797,4, ,1,1,1,2,1,1,1,1,1,1,1,1, ,4, ,3000,100,1, ,0, , , ,1,1500, , , , , , , , , , , , , , , , , , , , , , , , , , , , , , , , , , , , , , , , , , , , , , , , , , , , , , , , , , , , , , , , , , , , , , , , , , , , , , , , , , , , , , , , , , , , , , , , , , , , ,1,2,1,1,1,2,1,1,1,2,1,1,1,2,1,1,1,2,1,1,1,2,1,1,1,2,1,1,1,2,1,1,0,1,1,1,1,1,2,1,1,2,1,1,0,1,1,1,0,1,1,1,0,1,1,1,3, , , , ,8,2,7,1,1,1,1,1,2,2,2,2,2,2,2,1,1,1,1,1,1,1,1,1,1,1,1,3,1,1,1,1,1,1,1,1,1,1,1,1,1,1,1,1,2,2,2,1,1,1,1,1,1,3,77,21,50,41,"2,3","2,15384615384615",2,5, ,2,3,53,537,100,1, ,3000,100, , , , , , , , , , , , , , ,1500, , ,1500,1500, , ,0, , ,2,2,2,2,2,2,2,1,1,2,1,1,1,2,,20
5447,2,11,11, , , , , , , , , , , , , , , , , , , , , , , , ,2,1983,   13158,7, ,1,1,1,1,1,1,1,1,2,1,1,1, ,4, ,5000,30,4, ,2, , , ,2, ,300, , , , , , , , , ,2, ,200, , , , , , , , , , , , , , , , , , , , , , , , , , , , , , , , , , , , , , , , , , , , , , , , , , , , , , , , , , , , , , , , , , , , , , , , , , , , , , , , , , , , , , , ,1,2,1,1,1,2,1,1,1,2,1,1,1,2,1,1,1,2,1,1,1,2,1,1,1,2,1,1,1,2,1,1,1,2,1,1,1,2,1,1,1,2,1,1,1,2,1,1,1,1,2,1,1,1,2,1,2, , ,1, ,11,24,1,1,1,1,2,1,1,1,1,1,1,1,1,1,1,1,1,1,1,1,1,1,1,1,1,1,1,1,2,1,1,1,1,1,1,1,1,1,1,1,1,1,1,1,1,1,1,1,1,1,2,2,500,86,98,40,"3,2","2,76923076923077",3,2, ,5,7,13,131,30,4,2,5000,"7,5", , , , , , , , , , , , , , , ,300, ,"648,368273179166","648,368273179166", , ,0, , ,2,2,2,2,2,2,2,2,2,2,2,1,1,2,,85
5454,2,5,5, , , , , , , , , , , , , , , , , , , , , , , , ,1,1965,   53757,6, ,1,1,1,1,1,1,1,1,1,1,1,2,Abi,9, ,3000,100,2, , , , , ,1,3000, , , , , , , , , , ,2, ,1200, , , , , , , , , , , , , , , , , , , , , , , , , , , , , , , , , , , , , , , , , , , , , , , , , , , , , , , , , , , , , , , , , , , , , , , , , , , , , , , , , , , , , , , ,1,2,1,1,1,2,1,1,1,2,1,1,1,2,1,1,1,2,1,1,1,2,1,1,1,2,1,1,1,2,1,1,1,2,1,1,1,2,1,1,1,2,1,1,1,2,1,1,1,2,1,1,0,1,1,1,2, , ,2, ,7,23,2,2,1,1,1,1,1,1,1,1,1,1,1,1,2,1,1,1,1,1,1,1,1,1,1,2,2,1,1,1,1,1,1,1,1,1,1,1,1,2,1,1,1,1,1,1,1,1,1,1,2,2,2,21,2,58,3,"2,76923076923077",3,1, ,2,3,53,537,100,2, ,3000,50, , , , , , , , , , , , , , ,3000, , ,3000,3000, , ,0, , ,2,2,2,2,2,2,2,2,2,2,2,2,1,2,,20
5473,2,9,9, , , , , , , , , , , , , , , , , , , , , , , , ,1,1998, ,4, ,1,1,1,1,1,1,2,1,1,1,1,1, ,6, , ,250,6, ,0, , , ,-9, , , , , , , , , , , , , , , , , , , , , , , , , , , , , , , , , , , , , , , , , , , , , , , , , , , , , , , , , , , , , , , , , , , , , , , , , , , , , , , , , , , , , , , , , , , , , , , , , , , , , ,1,2,1,1,1,2,1,1,1,2,1,1,1,2,1,1,1,2,1,1,1,2,1,1,1,2,1,1,1,2,1,1,0,1,1,1,0,1,1,1,1,2,1,1,1,2,1,1,1,2,1,1,0,1,1,1,3, , , , ,6,14,15,2,2,2,2,2,2,2,2,1,1,1,1,1,1,1,1,1,2,2,2,2,2,2,2,17,2,2,2,2,2,2,2,2,2,2,2,2,2,2,2,2,1,1,1,1,1,1,1,2,3,12,75,1,50,25,"4,3",4,5,17, ,2,3, , ,250,6, , ,"41,6666666666667", , , , , , , , , , , , , , , , , , , , , ,0, , ,2,2,2,2,2,2,2,1,1,2,2,2,1,2,,0
5491,2,3,2, , , , , , , , , , , , , , , , , , , , , , , , ,1,1970,   45481,4, ,1,1,1,2,1,1,1,1,1,1,1,1, ,4, ,2000,80,1, ,0, , , ,1,6000, , , , , , , , , , , , , , , , , , , , , , , , , , , , , , , , , , , , , , , , , , , , , , , , , , , , , , , , , , , , , , , , , , , , , , , , , , , , , , , , , , , , , , , , , , , , , , , , , , , , ,1,2,1,1,1,2,1,1,1,2,1,1,1,2,1,1,1,2,1,1,0,1,1,1,1,2,1,1,1,2,1,1,0,1,1,1,1,2,1,1,1,2,1,1,1,2,1,1,0,1,1,1,0,1,1,1,3, , , , ,5,23,1,1,1,1,1,1,1,1,1,1,1,1,1,1,1,1,1,1,1,1,1,1,1,1,2,1,1,1,1,1,1,1,1,1,1,1,1,1,1,1,1,1,1,1,1,1,1,1,1,2,0,0,0,1,0,53,"2,9","2,92307692307692",3,1, ,2,3,45,454,80,1, ,2000,80, , , , , , , , , , , , , , ,6000, , ,6000,6000, , ,0, , ,2,2,2,2,1,2,2,1,2,2,2,1,1,2,,0
5509,2,3,1, , , , , , , , , , , , , , , , , , , , , , , , ,1,1992,   26723,7, ,1,1,1,2,1,1,1,1,1,1,1,1, ,4, ,5500,110,3, ,1, , , ,1,7626, , , , , , , , , , , , , , , , , , , , , , , , , , , , , , , , , , , , , , , , , , , , , , , , , , , , , , , , , , , , , , , , , , , , , , , , , , , , , , , , , , , , , , , , , , , , , , , , , , , , ,1,2,1,1,1,2,1,1,1,2,1,1,1,2,1,1,1,2,1,1,0,1,1,1,1,2,1,1,1,1,1,2,1,2,1,1,1,2,1,1,1,2,1,1,0,1,1,1,0,1,1,1,0,1,1,1,3, , , , ,6,5,9,2,2,2,2,2,2,2,1,1,1,1,1,1,1,1,1,1,1,1,1,1,1,2,2,10,2,2,2,2,2,2,2,2,1,1,1,1,1,1,1,1,1,1,1,1,1,1,2,2,"1,5",9,14,-1, ,31,"3,7","3,53846153846154",4,8, ,3,3,26,267,110,3,1,5500,"36,6666666666667", , , , , , , , , , , , , , ,7626, , ,7626,7626, , ,0, , ,2,2,2,2,1,2,1,2,2,2,1,1,1,2,,
5514,2,6,4, , , , , , , , , , , , , , , , , , , , , , , , ,2,1962,   97204,7, ,1,1,1,1,1,1,1,2,1,1,1,1, ,5, ,4500,144,2, ,0, , , ,1,3500, , , , , , , , , , , , , , , , , , , , , , , , , , , , , , , , , , , , , , , , , , , , , , , , , , , , , , , , , , , , , , , , , , , , , , , , , , , , , , , , , , , , , , , , , , , , , , , , , , , , ,1,2,1,1,1,2,1,1,1,2,1,1,1,2,1,1,1,2,1,1,1,2,1,1,1,2,1,1,1,2,1,1,1,2,1,1,1,1,2,1,1,2,1,1,1,1,2,1,1,1,2,1,1,1,2,1,3, , , , ,7,5,2,1,1,1,1,1,1,1,1,1,1,1,1,1,1,1,1,1,2,1,1,2,1,1,1,2,1,1,1,1,1,1,1,1,1,1,1,1,1,1,1,2,1,1,2,1,1,1,1,1,"1,5",3,11,46,15,61,"2,7","2,53846153846154",3,8, ,4,6,97,972,144,2, ,4500,72, , , , , , , , , , , , , , ,3500, , ,3500,3500, , ,0, , ,2,2,2,2,2,2,2,2,1,2,1,1,1,2,,45
5524,2,4,3, , , , , , , , , , , , , , , , , , , , , , , , ,1,1985,   51580,7, ,1,1,1,1,2,1,1,1,1,1,1,1, ,4, ,6200,180,4, ,2, , , ,2, ,500, , , , , , , , , , , , , , , , , , , , , , , , , , , , , , , , , , , , , , , , , , , , , , , , , , , , , , , , , , , , , , , , , , , , , , , , , , , , , , , , , , , , , , , , , , , , , , , , , , , ,1,2,1,1,1,2,1,1,1,2,1,1,1,2,1,1,1,2,1,1,1,2,1,1,1,2,1,1,1,2,1,1,1,2,1,1,1,2,1,1,1,2,1,1,1,1,1,2,1,1,1,2,1,1,1,2,3, , , , ,4,23,2,1,1,1,1,2,1,1,1,1,1,1,1,1,1,1,1,2,1,1,1,1,1,1,1,2,1,1,1,1,1,1,1,1,1,2,1,1,1,1,1,1,1,1,1,1,1,2,1,1,",5",0,500,11,50,38,"3,7","3,69230769230769",3,1, ,3,4,51,515,180,4,2,6200,45, , , , , , , , , , , , , , , ,500, ,"1080,61378863194","1080,61378863194", , ,0, , ,2,2,2,2,2,2,2,2,2,2,1,1,1,2,,10
5547,2,4,4, , , , , , , , , , , , , , , , , , , , , , , , ,2,1965,   69493,7, ,1,1,1,1,1,2,1,1,1,1,1,1, ,-9, ,3500,50,1, ,0, , , ,2, ,750, , , , , , , , , , , , , , , , , , , , , , , , , , , , , , , , , , , , , , , , , , , , , , , , , , , , , , , , , , , , , , , , , , , , , , , , , , , , , , , , , , , , , , , , , , , , , , , , , , , ,1,2,1,1,1,2,1,1,0,1,1,1,1,2,1,1,0,1,1,1,1,2,1,1,1,2,1,1,0,1,1,1,0,1,1,1,0,1,1,1,1,2,1,1,0,1,1,1,0,1,1,1,0,1,1,1,3, , , , ,8,24,2,1,1,1,1,1,2,1,1,1,1,1,1,1,1,1,1,1,1,2,1,1,1,1,1,2,1,1,1,1,1,1,1,1,1,1,1,1,1,1,1,1,1,1,2,1,1,2,1,1,1,1,64,21,20,58,"2,5","2,53846153846154",3,2, ,3,6,69,694,50,1, ,3500,50, , , , , , , , , , , , , , , ,750, ,"1620,92068294791","1620,92068294791", , ,0, , ,2,1,2,1,2,2,1,1,1,2,1,1,1,2,,20
5559,2,8,7, , , , , , , , , , , , , , , , , , , , , , , , ,1,1969,   65936,5, ,1,1,1,1,1,2,1,1,1,1,1,1, ,4, ,3866,115,2, ,0, , , ,1,2500, , , , , , , , , , ,2, ,1000, , , , , , , , , , , , , , , , , , , , , , , , , , , , , , , , , , , , , , , , , , , , , , , , , , , , , , , , , , , , , , , , , , , , , , , , , , , , , , , , , , , , , , , ,1,2,1,1,1,2,1,1,1,2,1,1,1,2,1,1,2,1,2,2,1,2,1,1,1,2,1,1,1,2,1,1,0,1,1,1,1,2,1,1,1,2,1,1,0,1,1,1,0,1,1,1,0,1,1,1,2, , ,2, ,9,23,2,1,1,1,1,1,1,1,1,2,1,1,1,1,1,1,1,1,1,1,1,2,1,1,1,2,1,1,1,1,1,1,1,1,1,1,2,1,1,1,1,1,1,1,1,1,1,1,2,1,1,1,67,60,10,54,3,3,3,1, ,2,6,65,659,115,2, ,3866,"57,5", , , , , , , , , , , , , , ,2500, , ,2500,2500, , ,0, , ,2,2,2,1,2,2,2,1,2,2,1,1,1,2,,59
5582,2,7,7, , , , , , , , , , , , , , , , , , , , , , , , ,2,1989,   64287,7, ,1,1,1,1,2,1,1,1,1,1,1,1, ,4, ,3400,125,3, ,1, , , ,1,2500, , , , , , , , , , ,1,1000, , , , , , , , , , , , , , , , , , , , , , , , , , , , , , , , , , , , , , , , , , , , , , , , , , , , , , , , , , , , , , , , , , , , , , , , , , , , , , , , , , , , , , , , ,1,2,1,1,1,2,1,1,1,2,1,1,1,2,1,1,1,2,1,1,1,2,1,1,1,2,1,1,1,2,1,1,1,2,1,1,1,1,2,1,1,2,1,1,1,1,2,1,1,1,2,1,1,1,2,1,2, , ,1, ,6,1,3,1,1,1,1,1,2,2,2,1,1,1,1,1,1,1,1,1,1,1,1,1,1,1,1,3,1,1,1,1,1,1,1,1,1,1,1,1,1,1,1,1,1,2,2,2,1,1,1,1,1,1,81,34,25,34,"2,9","2,69230769230769",3,4, ,3,4,64,642,125,3,1,3400,"41,6666666666667", , , , , , , , , , , , , , ,2500, , ,2500,2500, , ,0, , ,2,2,2,2,2,2,2,2,1,2,1,1,1,2,,33
5587,2,8,6, , , , , , , , , , , , , , , , , , , , , , , , ,1,1964,   41564,7, ,1,1,1,2,1,1,1,1,1,1,1,1, ,4, ,4600,160,2, ,0, , , ,2, ,1000, , , , , , , , , , , , , , , , , , , , , , , , , , , , , , , , , , , , , , , , , , , , , , , , , , , , , , , , , , , , , , , , , , , , , , , , , , , , , , , , , , , , , , , , , , , , , , , , , , , ,1,2,1,1,1,2,1,1,1,2,1,1,1,2,1,1,1,2,1,1,1,2,1,1,1,2,1,1,1,2,1,1,0,1,1,1,0,1,1,1,1,2,1,1,0,1,1,1,0,1,1,1,0,1,1,1,3, , , , ,8,3,2,1,1,1,1,1,2,1,1,1,1,1,1,1,1,1,1,1,1,1,2,1,1,1,1,2,1,1,1,1,1,2,1,1,1,1,1,1,1,1,1,1,1,1,1,2,1,1,1,1,1,2,56,85,30,59,"2,9","2,76923076923077","3,5",6, ,3,3,41,415,160,2, ,4600,80, , , , , , , , , , , , , , , ,1000, ,"2161,22757726389","2161,22757726389", , ,0, , ,2,2,2,2,2,2,2,1,1,2,1,1,1,2,,84
5705,2,6,1, , , , , , , , , , , , , , , , , , , , , , , , ,1,1963,   38176,7, ,1,1,1,1,1,1,1,1,2,1,1,1, ,4, ,6500,125,2, ,0, , , ,1,2600, , , , , , , , , , , , , , , , , , , , , , , , , , , , , , , , , , , , , , , , , , , , , , , , , , , , , , , , , , , , , , , , , , , , , , , , , , , , , , , , , , , , , , , , , , , , , , , , , , , , ,1,2,1,1,1,2,1,1,1,2,1,1,1,2,1,1,0,1,1,1,2,2,2,1,1,2,1,1,1,2,1,1,0,1,1,1,1,2,1,1,1,2,1,1,0,1,1,1,0,1,1,1,0,1,1,1,3, , , , ,5,-9,0,1,1,1,1,1,1,1,1,1,1,1,1,1,1,1,1,1,1,1,1,1,1,1,1,0,1,1,1,1,1,1,1,1,1,1,1,1,1,1,1,1,1,1,1,1,1,1,1,1, , , ,-9, ,60,"4,2","3,92307692307692",5,-9, ,5,7,38,381,125,2, ,6500,"62,5", , , , , , , , , , , , , , ,2600, , ,2600,2600, , ,0, , ,2,2,2,1,2,2,2,1,2,2,1,1,1,2,,
2205,1,4,4,10,3,24,10000,10000,6000,1,6500, ,1,3000, ,2,1,3, ,10,6, , , ,3,3, ,1,1989,    3226,4, ,1,1,1,2,1,1,1,1,1,1,1,1, ,6, ,4000,140,3, ,1,1,2700, , , , ,1,2500, ,1,2590, ,1,3700, , , , ,1,3500, ,1,1,1,1,2,1,1,1,1,2,1,1,1,1,1,1,2,1,1,1,1,1,2,1,1,1,1,1,2,1,1,1,1,1,2,1,1,1,1,2,1,1,1,1,1,1,2,1,1,2,1,1,1,1,0,1,1,1,1,1,1,1,1,2,1,1,1,1,1,1,2,1,0,1,1,1,1,1,1,1,1,2,1,1, , , , , , , , , , , , , , , , , , , , , , , , , , , , , , , , , , , , , , , , , , , , , , , , , , , , , , , , ,2,1,2, ,2,6,23,0,1,1,1,1,1,1,1,1,1,1,1,1,1,1,1,1,1,1,1,1,1,1,1,1,0,1,1,1,1,1,1,1,1,1,1,1,1,1,1,1,1,1,1,1,1,1,1,1,1,0,0, ,-9, ,34,"2,1",2,4,1,10,2,3,32,322,140,3,1,4000,"46,6666666666667",2022,"7,23",10,10000,10000,6500, ,6000, ,",06",3000, ,6500,",829875518672199", , ,3000, ,3000,3500,"5999,17012448133",0, , ,2,1,1,1,1,2,1,2,1,2,1,1,2,1,,
2898,1,10,9,4543,4,22,20000,7658,3456,1,1200, ,2, ,546,1,1,1,6,5,5,5,13,4500,4,4,1,2,1993,   20095,7, ,1,1,1,1,1,1,1,1,2,1,1,1, ,-9, ,5600,112,3, ,1,2, ,450, , , ,2, ,460,2, ,250,2, ,200, , , ,2, ,350,1,1,1,1,2,1,1,1,2,1,1,1,1,1,1,1,1,2,1,1,2,1,1,1,1,1,2,1,1,1,1,2,1,1,1,1,1,2,1,1,1,1,1,1,2,1,1,1,1,1,2,1,1,1,1,1,2,1,1,1,1,1,2,1,1,1,1,1,1,2,1,1,1,1,1,2,1,1,2,1,2,2,1,1, , , , , , , , , , , , , , , , , , , , , , , , , , , , , , , , , , , , , , , , , , , , , , , , , , , , , , , , ,2,1,1, ,1,1,1,2,1,1,1,1,1,1,1,1,1,2,1,1,1,1,1,1,1,1,1,2,1,1,1,1,3,1,1,1,1,1,1,1,1,1,1,1,2,1,1,1,2,1,1,1,2,1,1,1,1,4,10,45,61,45,30,3,"2,92307692307692",3,4,4543,5,7,20,200,112,3,1,5600,"37,3333333333333",2020,"9,1","4,543",20000,7658,1200, ,3456, ,450, ,546,1200,"4945,05494505495", , ,"1180,03025718608", ,"1180,03025718608",6458,"-1489,05494505495",0, , ,2,1,2,2,2,2,2,2,2,2,2,2,2,1,,60
2951,1,6,6, ,3,21,300,333,33,1,30, ,2, ,4,1,1,2,8,8,4, ,14,3333,3,3,2,2,2000,   33333,5, ,1,1,2,1,1,1,1,1,1,1,1,1, ,2, ,333,33,3, ,2,1,33, , , , ,1,33, , , , ,1,300, , , , , , , ,1,1,1,1,2,1,1,1,1,1,2,1,1,1,1,1,1,2,1,1,1,2,1,1,1,1,2,1,1,1,1,1,2,1,1,1,1,1,2,1,1,1,1,1,2,1,1,1,1,1,1,2,1,1,1,1,1,2,1,1,1,1,2,1,1,1,1,1,2,1,1,1,1,1,2,1,1,1,1,1,1,2,1,1, , , , , , , , , , , , , , , , , , , , , , , , , , , , , , , , , , , , , , , , , , , , , , , , , , , , , , , , ,3, ,2, , ,6,3,2,1,1,1,1,1,2,1,1,1,1,1,1,1,1,1,1,1,2,1,1,1,1,1,1,2,1,1,2,1,1,1,1,1,1,1,1,1,1,1,1,2,1,1,1,1,1,1,1,1,3,4, ,70,3,23,"3,1","3,07692307692308","3,5",6, ,2,2,33,333,33,3,2,333,11,2019,"10,72", ,300,333,30, ,33,33, , ,4,30,33, , ,"8,64491030905554", ,"8,64491030905554",303,0,0, , ,1,1,2,2,2,2,2,2,2,2,2,2,2,1,,69
3117,1,7,7,"1,2",3,23,7090,1254,14590,2, ,197,2, ,1187,1,1,2,6,11,11,3000,13,1245,2,2,1,2,2000,   32423,7, ,1,1,1,1,2,1,1,1,1,1,1,1, ,4, ,7000,136,5, ,0,2, ,246, , , ,2, ,2470,2, ,964,2, ,299, , , ,2, ,347,1,1,1,1,2,1,1,1,1,1,2,1,1,1,1,2,1,1,1,1,2,1,1,1,1,1,1,1,2,1,1,1,1,2,1,1,1,1,1,2,1,1,1,1,1,2,1,1,1,1,1,1,2,1,1,1,1,1,2,1,1,1,1,2,1,1,1,1,1,2,1,1,1,1,1,1,2,1,1,1,1,1,2,1, , , , , , , , , , , , , , , , , , , , , , , , , , , , , , , , , , , , , , , , , , , , , , , , , , , , , , , , ,2,1,1, ,1,7,4,3,1,1,1,1,1,1,1,1,1,1,1,1,1,2,2,2,1,1,1,1,1,1,1,1,5,1,1,1,1,1,1,1,1,1,1,1,1,1,2,2,2,2,2,1,1,1,1,1,1,"1,4","2,2",3000,101,15,23,"3,2","3,23076923076923",3,7,1,3,4,32,324,136,5, ,7000,"27,2",2021,"7,53","1,2",7090,1254, ,197,14590, ,1479, ,1187,"2616,20185922975","19641,4342629482", , ,"2565,37713421223", ,"2565,37713421223","-1362,20185922975","-5051,43426294821",0, , ,1,2,2,1,2,2,2,1,1,2,2,1,1,1,,100
3329,1,10,8,2500,3,21,23000,1741,3564,2, ,400,1,2300, ,2,1,3, ,6,15, , , ,2,4, ,2,1987,   89073,4, ,1,1,1,2,1,1,1,1,1,1,1,1, ,4, ,4750,205,4, ,2,1,2000, , , , ,2, ,300,2, ,200,2, ,200, , , ,1,100, ,1,1,1,1,2,1,1,1,1,1,1,2,1,1,1,1,1,2,1,1,1,1,1,2,1,1,1,1,2,1,1,1,2,1,1,1,1,2,1,1,1,1,1,1,2,1,1,1,1,2,1,1,1,1,1,1,2,1,1,1,1,2,1,1,1,1,1,1,2,1,1,1,1,1,2,1,1,1,1,1,1,1,2,1, , , , , , , , , , , , , , , , , , , , , , , , , , , , , , , , , , , , , , , , , , , , , , , , , , , , , , , , ,2,1,2, ,2,9,2,2,1,1,1,1,1,1,1,2,1,1,1,1,1,1,1,1,1,2,1,1,1,1,1,1,2,1,1,1,1,1,1,1,1,2,1,1,1,1,1,1,1,1,1,1,1,2,1,1,1,3,1,60,67,70,36,3,"3,07692307692308",3,5,2500,2,3,89,890,205,4,2,4750,"51,25",2019,"10,72","2,5",23000,1741, ,400,3564, ,567,2300, ,"3731,34328358209","5289,17910447761", , ,2300, ,2300,"-1990,34328358209","-1725,17910447761",0, , ,1,1,1,1,2,2,2,2,2,2,2,2,1,1,,66
3342,1,10,7,"1,1",4,1,6826,1657,85,2, ,430,2, , ,1,1,2,3,7,8,"1,5",13,460,5,4,1,1,1999,   70469,5, ,1,1,1,1,1,2,1,1,1,1,1,1, ,4, ,4500,63,6, ,3,1,783, , , , ,1,84, ,2, ,784,1,63, , , , ,1,74, ,1,1,1,1,2,1,1,1,2,1,1,1,1,1,2,1,1,1,1,1,2,1,1,1,1,1,2,1,1,1,1,1,1,1,2,1,1,1,1,1,2,1,1,1,1,2,1,1,1,1,1,2,1,1,1,1,2,1,1,1,1,1,2,1,1,1,1,1,2,1,1,1,1,2,1,1,1,1,1,1,1,2,1,1, , , , , , , , , , , , , , , , , , , , , , , , , , , , , , , , , , , , , , , , , , , , , , , , , , , , , , , , ,2,1,1, ,1,9,3,2,1,1,1,1,1,1,2,1,1,1,1,1,1,1,1,1,1,1,1,1,1,2,1,1,5,1,1,1,1,1,2,1,1,2,1,2,1,1,1,1,1,1,1,2,1,1,1,2,1,"3,4","2,3",67,58,31,24,"2,9","2,61538461538462","3,5",6,1,2,6,70,704,63,6,3,4500,"10,5", , ,"1,1",6826,1657, ,430,85,794, , , , ,794, , , , , , ,-709,0, , ,2,2,2,2,1,1,2,2,2,2,2,2,2,1,,57
3718,1,5,7,"1,2",3,24,5000,2609, ,2, ,",08",2, ,900,2,2,3, ,21,6, , , ,2, , ,2,1965,   72760,7, ,1,1,1,1,1,1,2,1,1,1,1,1, ,8, ,9000,130,5, ,2,1,3000, , , , , , , , , , ,2, ,700, , , , , , ,1,1,1,1,2,1,1,1,1,1,2,1,1,1,1,1,2,1,1,1,1,1,2,1,1,1,1,1,2,1,1,1,1,1,2,1,1,2,1,1,1,1,1,1,1,1,2,1,1,1,1,1,2,1,1,1,1,1,2,1,1,1,1,2,1,1,1,1,1,1,2,1,2,1,1,2,2,1,1,1,1,2,1,1, , , , , , , , , , , , , , , , , , , , , , , , , , , , , , , , , , , , , , , , , , , , , , , , , , , , , , , , ,3, ,2, , ,4,2,2,1,1,1,1,1,1,1,1,1,1,1,1,1,1,1,1,2,2,1,1,1,1,1,1,2,1,1,1,1,1,1,1,1,1,1,1,1,1,1,1,1,1,2,2,1,1,1,1,1,1,1,100,19,20,58,"3,5","3,46153846153846",5,5,1,3,3,72,727,130,5,2,9000,26,2022,"7,23","1,2",5000,2609, , , , , , ,900, , , , ,"1945,1048195375", ,"1945,1048195375", , ,0, , ,1,1,1,1,1,2,1,1,1,2,1,2,2,1,,18
4071,1,7,5,"1,3",3,23,2000,12, ,1,14, ,1,14, ,1,2,1,3,3,4,16,10,2500,3, ,1,2,2000,   36039,4, ,1,1,1,2,1,1,1,1,1,1,1,1, ,4, ,20000,50,2, ,0,2, ,50, , , , , , , , , ,1,16, , , , , , , ,1,1,1,1,2,1,1,1,2,1,1,1,1,1,2,1,1,1,1,1,2,1,1,1,1,1,2,1,1,1,1,1,1,1,2,1,1,1,1,2,1,1,1,1,2,1,1,1,1,1,1,2,1,1,1,1,2,1,1,1,1,1,1,2,1,1,1,1,1,1,2,1,1,1,1,2,1,1,1,1,2,1,1,1, , , , , , , , , , , , , , , , , , , , , , , , , , , , , , , , , , , , , , , , , , , , , , , , , , , , , , , , ,3, ,2, , ,4,25,2,1,1,1,1,1,1,1,2,1,1,1,1,1,1,1,1,1,2,1,1,1,1,1,1,2,1,1,1,2,1,1,1,1,1,1,1,1,1,1,1,1,1,1,1,1,2,1,1,1,6,1,56,85,12,23,"3,6","3,46153846153846","4,5",3,1,2,3,36,360,50,2, ,20000,25,2021,"7,53","1,3",2000,12,14, , , , ,14, ,14, , , ,14, ,14,-2, ,0, , ,2,2,2,2,1,2,2,2,2,2,1,2,2,1,,84
4373,1,7,8, ,3,22,50000,3000, ,1,1000, ,1,1000, ,2,2,-9, ,10,6, , , ,3, , ,2,1989,     384,7, ,1,1,1,1,1,2,1,1,1,1,1,1, ,4, ,5000,150,2, ,0,1,2000, , , , , , , ,1,1000, ,1,1000, , , , , , , ,1,1,1,1,2,1,1,1,1,1,2,1,1,1,1,2,1,1,1,1,1,1,2,1,1,1,1,1,2,1,1,1,1,1,1,2,1,1,1,2,1,1,1,1,1,2,1,1,1,1,2,1,1,1,1,1,1,1,2,1,1,1,1,2,1,1,1,1,1,2,1,1,1,1,1,2,1,1,1,1,1,1,2,1, , , , , , , , , , , , , , , , , , , , , , , , , , , , , , , , , , , , , , , , , , , , , , , , , , , , , , , , ,2,-8,-8, , ,8,5,2,1,1,1,1,1,1,2,1,1,1,1,1,1,1,1,1,1,2,1,1,1,1,1,1,2,1,1,1,1,1,1,2,1,1,1,1,1,1,1,1,1,1,1,2,1,1,1,1,1,1,2,75,27,5,34,"3,2","3,07692307692308",3,8, ,3,6,38,384,150,2, ,5000,75,2020,"9,1", ,50000,3000,1000, , , , ,1000, ,1000, , , ,1000, ,1000,2000, ,0, , ,1,2,1,1,1,2,2,2,1,2,2,2,1,1,,26
5002,1,10,10,"7,7",4,22, ,6000,"6,8",2, ,300,1,"1,8", ,1,1,3,10,10,6,"4,5",12,8000,2,4,1,1,1982,   94363,6, ,2,1,1,2,1,1,2,1,1,1,1,1, ,5, ,4500,130,3, ,1,1, , , , , ,1,"1,4", , , , ,1,0, , , , , , , ,1,1,1,1,2,1,1,1,1,1,2,1,1,1,1,1,2,1,1,1,1,2,1,1,1,1,1,1,2,1,1,2,1,1,1,1,1,1,2,1,1,1,1,1,2,1,1,1,1,1,1,1,2,1,1,1,1,1,2,1,1,1,2,1,1,1,1,1,1,1,2,1,1,1,1,1,2,1,1,1,1,1,2,1, , , , , , , , , , , , , , , , , , , , , , , , , , , , , , , , , , , , , , , , , , , , , , , , , , , , , , , , ,3, ,2, , ,8,24,7,1,1,1,1,1,1,1,1,1,2,2,2,2,2,2,2,1,1,1,1,1,1,1,1,5,1,1,1,1,1,1,1,1,1,1,1,1,1,2,2,2,2,2,1,1,1,1,1,1,2,2,4,61,50,41,"3,2","3,30769230769231",3,2,7,2,3,94,943,130,3,1,4500,"43,3333333333333",2020,"9,1","7,7", ,6000, ,300,"6,8","3,8", ,"1,8", ,"3296,7032967033","3,8", , ,"1,8", ,"1,8","2703,2967032967",3,0, , ,1,1,2,1,2,2,2,1,1,2,1,1,1,1,,60
5182,1,4,3,10,3,25,22000,2900, ,1,8, ,1,2000, ,1,2,3,21,1,1,9,15,6000,3, ,1,1,1973,   64405,7, ,1,2,1,1,1,1,1,1,1,1,1,1, ,-9, ,3500,170,3, ,1,1,4900, , , , , , , , , , ,1,1500, , , , , , , ,0,1,1,1,1,1,0,1,1,1,1,1,1,1,1,1,2,1,1,1,1,1,2,1,1,1,1,1,2,1,1,1,1,1,2,1,1,1,1,1,2,1,1,1,1,1,2,1,0,1,1,1,1,1,0,1,1,1,1,1,1,2,1,1,1,1,0,1,1,1,1,1,0,1,1,1,1,1,0,1,1,1,1,1, , , , , , , , , , , , , , , , , , , , , , , , , , , , , , , , , , , , , , , , , , , , , , , , , , , , , , , , ,3, ,-8, , ,6,3,4,1,1,1,1,1,1,1,1,1,2,2,1,1,1,1,2,2,1,1,1,1,1,1,1,4,1,1,1,1,1,1,1,1,2,2,1,1,1,1,1,2,2,1,1,1,1,1,1,1,2,0,56,62,100,50,"2,8","2,61538461538462",3,6,10,3,3,64,644,170,3,1,3500,"56,6666666666667",2023,"8,2",10,22000,2900,8, , , , ,2000, ,8, , , ,2000, ,2000,2892, ,0, , ,1,1,1,1,1,1,1,1,1,2,1,1,1,1,,61
5988,1,3,2,"9,8",3,24,29000,11000, ,1,6000, ,1,3000, ,1,2,2,10,10,6,10,14,10000,3, ,1,1,1990,     522,7, ,1,1,1,1,1,1,1,1,2,1,1,1, ,11, ,7000,165,5, ,1,1,4000, , , , , , , , , , ,1,0, , , , , , , ,0,1,1,1,1,1,0,1,1,1,1,1,1,1,1,2,1,1,0,1,1,1,1,1,1,2,1,1,1,1,0,1,1,1,1,1,1,1,1,2,1,1,0,1,1,1,1,1,0,1,1,1,1,1,0,1,1,1,1,1,1,1,2,1,1,1,1,2,1,1,1,1,0,1,1,1,1,1,0,1,1,1,1,1, , , , , , , , , , , , , , , , , , , , , , , , , , , , , , , , , , , , , , , , , , , , , , , , , , , , , , , , ,3, ,1, , ,6,3,6,1,1,1,1,1,1,1,1,1,1,1,1,1,1,1,1,1,2,2,2,2,2,2,1,6,1,1,1,1,1,1,1,1,1,1,2,2,2,2,2,2,1,1,1,1,1,1,1,1,1,2,12,1, ,33,"4,2",4,5,6,9,5,7,52,522,165,5,1,7000,33,2022,"7,23","9,8",29000,11000,6000, , , , ,3000, ,6000, , , ,3000, ,3000,5000, ,0, , ,1,2,1,2,1,2,1,1,1,2,2,1,1,1,,0
6062,1,6,5,"9,72",4,25,13000,12000,11000,1,8000, ,1,2500, ,2,1,1, ,7,6, , , ,3,3, ,2,1976,   86836,6, ,1,1,1,1,1,2,1,1,1,1,1,1, ,4, ,62000,136,4, ,2,1,3500, , , , ,1,3000, , , , ,1,3800, , , , , , , ,1,1,1,1,2,1,1,1,1,2,1,1,1,1,1,1,1,2,1,1,1,1,1,2,1,1,1,1,2,1,1,1,1,1,2,1,1,1,1,1,1,2,1,1,1,1,2,1,1,2,1,1,1,1,1,1,2,1,1,1,1,2,1,1,1,1,1,1,1,1,2,1,1,1,1,1,2,1,1,2,1,1,1,1, , , , , , , , , , , , , , , , , , , , , , , , , , , , , , , , , , , , , , , , , , , , , , , , , , , , , , , , ,3, ,2, , ,5,2,0,1,1,1,1,1,1,1,1,1,1,1,1,1,1,1,1,1,1,1,1,1,1,1,1,0,1,1,1,1,1,1,1,1,1,1,1,1,1,1,1,1,1,1,1,1,1,1,1,1,2,0,50,54,50,47,"3,9","3,92307692307692",5,5,9,2,6,86,868,136,4,2,62000,34,2023,"8,2","9,72",13000,12000,8000, ,11000,7500, ,2500, ,8000,7500, , ,2500, ,2500,4000,3500,0, , ,2,1,1,1,1,1,1,2,2,2,1,1,2,1,,53
6098,1,8,9, ,4,18,54000,500,500,1,400, ,1,600, ,1,1,1,12,11,8, ,12,800,4,4,1,2,1993,   80335,7, ,1,1,1,1,1,1,1,2,1,1,1,1, ,4, ,8000,120,5, ,3,1,500, , , , ,1,680, ,1,500, ,1,900, , , , ,1,600, ,1,1,1,1,2,1,1,1,1,2,1,1,1,1,1,2,1,1,1,1,2,1,1,1,1,2,1,1,1,1,1,1,2,1,1,1,1,1,1,2,1,1,1,1,1,1,2,1,1,1,1,2,1,1,1,1,2,1,1,1,1,1,1,2,1,1,1,1,2,1,1,1,1,1,1,1,1,2,1,1,1,2,1,1, , , , , , , , , , , , , , , , , , , , , , , , , , , , , , , , , , , , , , , , , , , , , , , , , , , , , , , , ,2,1,1, ,1,4,4,2,1,1,1,1,1,1,2,2,1,1,1,1,1,1,1,1,1,1,1,1,1,1,1,1,2,1,1,1,1,1,1,1,2,2,1,1,1,1,1,1,1,1,1,1,1,1,1,1,1,1,1,55,44,16,30,"3,5","3,23076923076923",3,7, ,4,6,80,803,120,5,3,8000,24,2016,"12,31", ,54000,500,400, ,500,450, ,600, ,400,450, , ,600, ,600,100,50,0, , ,2,2,2,2,2,2,1,2,2,2,2,1,2,1,,43
6997,1,4,10,"2,5",3,23,20000,4000, ,1,2000, ,1,3000, ,1,2,1,4,5,5,3,14,4000,3, ,1,2,1980,   80805,7, ,1,1,1,1,1,1,1,1,1,2,1,1, ,4, ,12900,200,4, ,2,1,6000, , , , , , , ,1,1500, ,1,2000, , , , , , , ,1,1,1,1,2,1,1,1,1,2,1,1,1,1,1,2,1,1,1,1,1,2,1,1,1,2,1,1,1,1,1,2,1,1,1,1,1,2,1,1,1,1,1,1,1,1,2,1,1,1,1,1,1,2,1,1,1,1,1,2,1,1,1,2,1,1,1,1,1,2,1,1,1,1,1,2,1,1,1,1,1,1,2,1, , , , , , , , , , , , , , , , , , , , , , , , , , , , , , , , , , , , , , , , , , , , , , , , , , , , , , , , ,2,1,1, , ,7,25,2,1,1,1,1,1,1,1,2,1,1,1,1,1,1,1,1,1,1,1,2,1,1,1,1,2,1,1,1,1,1,1,1,2,1,1,1,1,1,1,1,1,1,1,1,2,1,1,1,1,7,2,500,64,10,43,"3,2",3,3,3,2,6,8,80,808,200,4,2,12900,50,2021,"7,53","2,5",20000,4000,2000, , , , ,3000, ,2000, , , ,3000, ,3000,2000, ,0, , ,2,2,2,2,2,2,1,1,1,2,2,2,1,1,,63
1691,1,9,7,"4,5",3,25,20000,100, ,1,100, ,1,500, ,1,2,1,5,10,6,"4,5",9,5000,3, ,1,1,1987,   49080,4, ,1,1,1,2,1,1,1,1,1,1,1,1, ,4, ,5500,170,4, ,2,1,600, , , , , , , , , , ,1,100, , , , , , , ,1,2,1,1,1,1,1,2,1,1,1,1,1,2,1,1,1,1,1,2,1,1,1,1,1,2,1,1,1,1,1,2,1,1,1,1,1,2,1,1,1,1,1,2,1,1,1,1,1,2,1,1,1,1,0,1,1,1,1,1,1,1,2,1,1,1,1,1,2,1,1,1,0,1,1,1,1,1,0,1,1,1,1,1, , , , , , , , , , , , , , , , , , , , , , , , , , , , , , , , , , , , , , , , , , , , , , , , , , , , , , , , ,3, ,2, , ,6,25,1,1,1,1,1,1,1,1,1,1,1,1,1,2,1,1,1,1,1,1,1,1,1,1,1,1,1,1,1,1,1,1,1,1,1,1,1,1,2,1,1,1,1,1,1,1,1,1,1,1,2,5,72,85,50,36,3,"2,76923076923077",3,3,4,2,3,49,490,170,4,2,5500,"42,5",2023,"8,2","4,5",20000,100,100, , , , ,500, ,100, , , ,500, ,500,0, ,0, , ,2,2,2,2,2,2,2,2,1,2,2,1,1,2,,84
1823,1,9,8,10,3,18,18000,9800, ,1,6860, ,1,2000, ,2,2,3, ,12,4, , , ,3, , ,2,1973,   67166,7, ,1,1,1,1,1,1,1,1,2,1,1,1, ,4, ,6500,280,1, ,0,1,3500, , , , , , , , , , ,2, ,0, , , , , , ,3,2,2,2,1,1,3,2,2,2,1,1,3,2,2,2,1,1,3,2,2,2,1,1,3,2,2,2,1,1,3,2,2,2,1,1,3,2,2,2,1,1,3,2,2,2,1,1,3,2,2,2,1,1,1,1,1,2,1,1,1,1,1,2,1,1,1,1,1,2,1,1,0,1,1,1,1,1,0,1,1,1,1,1, , , , , , , , , , , , , , , , , , , , , , , , , , , , , , , , , , , , , , , , , , , , , , , , , , , , , , , , ,3, ,1, , ,7,22,9,1,1,2,2,2,2,1,1,1,1,1,1,1,1,1,1,1,1,1,2,2,2,2,2,12,2,2,2,2,2,2,2,1,1,1,1,1,1,1,1,1,1,1,1,2,2,2,2,2,1,6,60,26,30,50,"2,8","2,61538461538462",1,18,10,5,7,67,671,280,1, ,6500,280,2016,"12,31",10,18000,9800,6860, , , , ,2000, ,6860, , , ,2000, ,2000,2940, ,0, , ,2,2,2,2,2,2,2,2,2,2,2,1,1,2,,25
1828,1,8,7,3,3,23,25000,5000, ,1,1000, ,1,2000, ,1,2,2,10,15,6,2,13,10000,3, ,1,2,1975,   22851,7, ,2,1,1,2,1,1,1,1,2,1,1,1, ,4, ,6000,140,4, ,2,1,6000, , , , , , , ,1,1500, ,1,2000, , , , , , , ,1,2,1,1,1,1,1,1,1,2,1,1,1,1,1,2,1,1,1,1,1,2,1,1,1,1,1,2,1,1,1,1,1,2,1,1,1,2,1,1,1,1,1,2,1,1,1,1,1,2,1,1,1,1,1,1,1,2,1,1,1,1,1,2,1,1,1,1,1,1,2,1,1,1,1,1,2,1,1,1,1,1,2,1, , , , , , , , , , , , , , , , , , , , , , , , , , , , , , , , , , , , , , , , , , , , , , , , , , , , , , , , ,2,1,1, , ,7,3,3,1,1,1,1,1,1,1,1,1,1,1,1,1,1,1,1,1,1,2,2,2,1,1,1,3,1,1,1,1,1,1,1,1,1,1,1,1,1,1,1,1,1,1,2,2,1,2,1,1,2,2,55,71,50,48,5,5,5,6,3,5,7,22,228,140,4,2,6000,35,2021,"7,53",3,25000,5000,1000, , , , ,2000, ,1000, , , ,2000, ,2000,4000, ,0, , ,2,2,2,2,2,2,2,2,2,2,1,1,1,2,,70
1841,1,6,5,10,3,23,16000,3000,3300,1,200, ,1,400, ,1,1,3,12,15,14,6,13,6000,3,3,1,2,1980,   97901,7, ,1,1,1,1,1,1,1,1,2,1,1,1, ,4, ,4200,220,3, ,1,1,3500, , , , ,1,400, ,2, ,600,2, ,0, , , ,1,400, ,1,2,1,1,1,1,1,2,1,1,1,1,1,2,1,1,1,1,1,2,1,1,1,1,1,2,1,1,1,1,1,2,1,1,1,1,1,2,1,1,1,1,1,2,1,1,1,1,0,1,1,1,1,1,1,1,1,2,1,1,1,1,1,2,1,1,0,1,1,1,1,1,0,1,1,1,1,1,1,1,1,1,2,1, , , , , , , , , , , , , , , , , , , , , , , , , , , , , , , , , , , , , , , , , , , , , , , , , , , , , , , , ,2,1,2, ,1,6,24,13,2,2,2,2,2,2,1,1,1,1,1,2,2,1,1,1,1,2,2,1,1,2,2,2,16,2,2,2,2,2,2,2,1,1,1,2,2,2,2,2,1,1,1,1,1,2,2,2,2,3,10,60,24,20,43,"3,3","3,07692307692308","1,5",2,10,5,7,97,979,220,3,1,4200,"73,3333333333333",2021,"7,53",10,16000,3000,200, ,3300,300, ,400, ,200,300, , ,400, ,400,2800,3000,0, , ,2,2,2,2,2,2,2,1,2,2,1,1,1,2,,23
1857,1,7,4, ,3,21,20000,8900,8000,2, ,840,2, ,450,1,1,1,5,10,9,6,11,8000,1,1,1,1,1979,   92318,3, ,1,1,2,1,1,1,1,1,1,1,1,1, ,4, ,4990,30,1, , ,2, ,800, , , ,2, ,400,2, ,590,2, ,500, , , ,2, ,600,1,1,1,1,1,2,1,1,1,2,1,1,1,1,1,2,1,1,1,1,1,2,1,1,1,1,1,1,2,1,1,1,1,1,1,2,1,1,1,1,2,1,1,1,1,1,1,2,1,1,1,1,2,1,1,1,2,1,1,1,1,1,1,2,1,1,1,1,1,2,1,1,1,1,1,2,1,1,1,1,1,1,2,1, , , , , , , , , , , , , , , , , , , , , , , , , , , , , , , , , , , , , , , , , , , , , , , , , , , , , , , , ,2,1,1, ,1,4,23,2,1,1,1,1,1,1,1,1,2,1,1,1,1,1,1,1,1,1,1,1,2,1,1,1,2,1,1,1,1,1,1,1,1,2,1,1,1,1,1,1,1,1,1,1,1,2,1,1,1,2,3,5,67,10,44,"3,1","2,84615384615385","2,5",1, ,1,2,92,923,30,1, ,4990,30,2019,"10,72", ,20000,8900, ,840,8000, ,840, ,450,"7835,82089552239","7835,82089552239", , ,"972,552409768749", ,"972,552409768749","1064,17910447761","164,179104477612",0, , ,2,2,2,1,1,1,1,1,2,2,2,2,1,1,,66
1870,1,7,8,10,4,23,4500,1200, ,2, ,17,2, ,2000,1,2,2,9,10,6,10000,10,4000,3, ,1,2,1990,   55116,7, ,1,1,1,1,1,1,1,1,2,1,1,1, ,4, ,4500,120,4, ,2,1,4000, , , , , , , ,2, ,1000,1,5000, , , , , , , ,1,2,1,1,1,1,1,1,2,1,1,1,1,2,1,1,1,1,1,1,2,1,1,1,1,2,1,1,1,1,1,1,2,1,1,1,1,1,2,1,1,1,1,2,1,1,1,1,1,2,1,1,1,1,1,1,2,1,1,1,1,2,1,1,1,1,1,1,2,1,1,1,1,1,2,1,1,1,1,1,2,1,1,1, , , , , , , , , , , , , , , , , , , , , , , , , , , , , , , , , , , , , , , , , , , , , , , , , , , , , , , , ,2,1,2, , ,3,5,1,1,1,1,1,1,2,1,1,1,1,1,1,1,1,1,1,1,1,1,1,1,1,1,1,1,1,1,1,1,1,2,1,1,1,1,1,1,1,1,1,1,1,1,1,1,1,1,1,1,4,5,200,67,20,33,3,"2,76923076923077",3,8,10,5,7,55,551,120,4,2,4500,30,2021,"7,53",10,4500,1200, ,17, , , , ,2000,"225,763612217795", , , ,"4322,45515452777", ,"4322,45515452777","974,236387782204", ,0, , ,2,2,2,2,2,2,2,2,2,2,2,2,2,2,,66
1877,1,6,6,"1,2",4,20,12563,1200,124,2, ,100,2, ,120,1,1,2,5,7,7,"1,2",11,1200,4,4,1,1,1985,    6120,6, ,1,1,1,1,1,2,1,1,1,1,1,1, ,6, ,5500,156,5, ,3,2, ,100, , , ,2, ,120,2, ,120,2, ,100, , , ,2, ,230,1,1,1,1,1,2,2,2,1,1,2,1,1,1,1,1,1,2,1,1,1,1,2,1,1,1,1,1,1,2,1,1,1,1,2,1,1,1,1,2,1,1,1,1,1,1,2,1,1,1,1,2,1,1,1,1,1,1,1,2,1,1,2,1,1,1,1,1,2,1,1,1,1,1,2,1,1,1,1,1,2,1,1,1, , , , , , , , , , , , , , , , , , , , , , , , , , , , , , , , , , , , , , , , , , , , , , , , , , , , , , , , ,2,1,1, ,1,6,3,2,1,1,1,1,1,1,1,1,1,2,1,1,1,1,1,1,1,1,1,1,2,1,1,1,2,1,1,1,1,1,1,1,2,1,1,1,1,1,1,1,1,1,1,1,1,1,2,1,1,3,6,56,77,10,38,3,"2,76923076923077",3,6,1,2,6,61,612,156,5,3,5500,"31,2",2018,"12,05","1,2",12563,1200, ,100,124, ,120, ,120,"829,875518672199","995,850622406639", , ,"259,347309271666", ,"259,347309271666","370,124481327801","-871,850622406639",0, , ,2,1,1,1,1,2,1,2,1,2,2,2,2,1,,76
1920,1,10,11,250,4,24,500,150, ,1,200, ,1,150, ,1,2,1,10,10,20,300,14,1000,4, ,1,2,1985,   42115,7, ,1,1,1,1,1,1,1,1,2,1,1,1, ,4, ,6000,500,3, ,1,1,250, , , , , , , ,1,250, ,1,200, , , , , , , ,3,2,1,2,1,2,2,1,2,1,2,1,3,2,2,1,1,2,3,1,1,2,2,2,2,2,2,1,1,1,3,1,2,2,1,2,3,2,1,1,2,2,2,1,2,2,1,1,3,2,1,1,2,2,1,1,1,2,1,1,4,2,2,1,2,2,3,2,1,2,2,1,2,1,2,1,1,2,3,2,1,2,2,1, , , , , , , , , , , , , , , , , , , , , , , , , , , , , , , , , , , , , , , , , , , , , , , , , , , , , , , , ,2,1,1, , ,11,10,2,1,1,1,1,1,1,2,1,1,1,1,1,1,1,1,1,1,1,1,2,1,1,1,1,2,1,1,1,1,1,1,1,2,1,1,1,1,1,1,1,1,1,1,1,1,2,1,1,1,6,4,250,80,80,38,"3,2","2,76923076923077",3,13,250,5,7,42,421,500,3,1,6000,"166,666666666667",2022,"7,23",",25",500,150,200, , , , ,150, ,200, , , ,150, ,150,-50, ,0, , ,2,2,2,2,2,2,2,2,2,2,2,2,2,2,,79
1956,1,5,5,"1,1",3,23,23555,1200, ,1,900, ,1,2600, ,2,2,2, ,10,8, , , ,3, , ,2,1978,   16356,4, ,1,1,1,2,1,1,1,1,1,1,1,1, ,4, ,4500,147,3, ,1,1,4500, , , , , , , , , , ,1,1000, , , , , , , ,1,1,1,1,1,2,1,1,1,1,2,1,1,1,1,1,1,2,1,1,1,1,2,1,1,1,2,1,1,1,1,1,1,1,2,1,1,1,2,1,1,1,1,1,1,1,2,1,2,2,1,1,2,1,1,1,1,1,1,2,1,1,1,2,1,1,1,1,1,2,1,1,1,1,1,1,2,1,1,1,1,2,1,1, , , , , , , , , , , , , , , , , , , , , , , , , , , , , , , , , , , , , , , , , , , , , , , , , , , , , , , , ,3, ,2, , ,6,3,5,1,1,1,1,1,1,1,1,2,2,2,1,1,1,1,1,2,2,1,1,1,1,1,1,4,1,1,1,1,1,1,2,1,1,1,1,1,1,1,1,2,2,2,1,1,1,1,1,1,5,5,60,50,50,45,2,"2,38461538461538",2,6,1,2,3,16,163,147,3,1,4500,49,2021,"7,53","1,1",23555,1200,900, , , , ,2600, ,900, , , ,2600, ,2600,300, ,0, , ,1,1,1,2,1,2,1,2,1,2,2,1,2,1,,49
1958,1,6,1,"4,42",5,23,15000,4204, ,1,1797, ,1,3194, ,1,2,1,21,20,21,"5,4",13,8000,5, ,1,2,1988,   96135,7, ,1,1,1,1,1,1,1,1,2,1,1,1, ,4, ,4000,155,3, ,1,1,0, , , , , , , ,1,0, ,1,0, , , , , , , ,1,1,2,1,1,1,1,1,2,1,1,1,1,1,2,1,1,1,1,1,2,1,1,1,1,1,2,1,1,1,1,1,2,1,1,1,1,1,2,1,1,1,1,1,2,1,1,1,1,1,2,1,1,1,1,1,2,1,1,1,1,1,2,1,1,1,1,1,2,1,1,1,1,1,1,1,2,1,1,1,1,1,2,1, , , , , , , , , , , , , , , , , , , , , , , , , , , , , , , , , , , , , , , , , , , , , , , , , , , , , , , , ,2,1,1, , ,6,1,2,2,1,1,1,1,1,1,1,1,1,1,1,1,1,1,1,1,1,1,1,1,2,1,1,2,2,1,1,1,1,1,1,1,1,1,1,1,1,1,1,1,1,1,2,1,1,1,1,1,1,",2",80,98,0,35,3,"3,07692307692308",3,4,4,5,7,96,961,155,3,1,4000,"51,6666666666667",2021,"7,53","4,42",15000,4204,1797, , , , ,3194, ,1797, , , ,3194, ,3194,2407, ,0, , ,2,2,2,2,2,2,2,2,2,2,2,1,1,2,,97
1962,1,7,7,11,4,24,20000,10200, ,1,5500, ,1,1000, ,1,2,3,13,15,5,5,14,4000,4, ,2,2,1985,   31785,7, ,2,1,1,1,1,1,2,1,2,1,1,1, ,5, ,55000,150,4, ,2,1,2500, , , , , , , , , , ,1,0, , , , , , , ,1,2,1,1,1,1,1,2,1,1,1,1,1,2,1,1,1,1,1,2,1,1,1,1,1,2,1,1,1,1,1,2,1,1,1,1,1,2,1,1,1,1,1,2,1,1,1,1,0,1,1,1,1,1,0,1,1,1,1,1,1,2,1,1,1,1,0,1,1,1,1,1,0,1,1,1,1,1,0,1,1,1,1,1, , , , , , , , , , , , , , , , , , , , , , , , , , , , , , , , , , , , , , , , , , , , , , , , , , , , , , , , ,3, ,2, , ,7,7,4,1,1,1,1,1,1,1,1,1,1,1,1,1,1,2,2,2,2,1,1,1,1,1,1,8,1,1,1,1,1,1,1,1,1,2,2,2,2,2,2,2,2,1,1,1,1,1,1,1,1,2,30,23,25,38,"3,3","3,15384615384615",2,10,11,5,7,31,317,150,4,2,55000,"37,5",2022,"7,23",11,20000,10200,5500, , , , ,1000, ,5500, , , ,1000, ,1000,4700, ,0, , ,2,2,2,2,2,2,2,1,1,2,1,1,1,2,,22
1968,1,8,4,"9,5",4,25,30000,1206, ,1,428, ,1,1538, ,1,2,2,15,15,10,9,15,15000,4, ,1,1,1973,   72160,7, ,1,1,1,1,1,1,1,2,1,1,1,1, ,4, ,3700,120,4, ,0,1,6000, , , , , , , , , , ,1,0, , , , , , , ,1,2,1,1,1,1,0,1,1,1,1,1,0,1,1,1,1,1,1,2,1,1,1,1,1,2,1,1,1,1,1,2,1,1,1,1,1,2,1,1,1,1,1,2,1,1,1,1,1,1,1,2,1,1,0,1,1,1,1,1,1,2,1,1,1,1,0,1,1,1,1,1,0,1,1,1,1,1,0,1,1,1,1,1, , , , , , , , , , , , , , , , , , , , , , , , , , , , , , , , , , , , , , , , , , , , , , , , , , , , , , , , ,3, ,2, , ,4,3,3,1,1,1,1,1,1,1,1,1,1,1,1,1,1,1,2,2,2,1,1,1,1,1,1,3,1,1,1,1,1,1,1,1,1,1,1,1,1,2,2,2,1,1,1,1,1,1,1,1,"1,5",1,41,51,50,50,5,5,5,6,9,4,6,72,721,120,4, ,3700,30,2023,"8,2","9,5",30000,1206,428, , , , ,1538, ,428, , , ,1538, ,1538,778, ,0, , ,1,1,2,2,2,2,2,2,1,2,1,1,1,2,,50
1987,1,6,6,120,3,23,1299,190, ,2, ,13,1,157, ,2,2,1, ,4,6, , , ,2, , ,1,1992,   61231,7, ,1,1,1,1,1,1,1,1,2,1,1,1, ,4, ,38777,129,1, ,0,1,138, , , , , , , ,1,12, ,1,156, , , , , , , ,1,1,1,2,1,1,1,1,2,1,1,1,1,1,1,2,1,1,1,1,2,1,1,1,1,1,2,1,1,1,1,1,1,2,1,1,1,1,1,2,1,1,1,1,2,1,1,1,1,1,1,2,1,1,1,1,1,2,1,1,1,1,2,1,1,1,1,1,1,2,1,1,1,1,1,2,1,1,1,1,1,2,1,1, , , , , , , , , , , , , , , , , , , , , , , , , , , , , , , , , , , , , , , , , , , , , , , , , , , , , , , , ,2,2,1, , ,8,6,3,1,1,1,1,1,1,2,1,1,1,1,1,1,1,1,1,2,2,1,1,1,1,1,1,2,1,1,1,1,1,1,1,2,1,1,1,1,1,1,1,1,1,1,2,1,1,1,1,1,3,3,368,50,14,31,"2,9","2,69230769230769","2,5",9,120,5,7,61,612,129,1, ,38777,129,2021,"7,53",120,1299,190, ,13, , , ,157, ,"172,642762284197", , , ,157, ,157,"17,3572377158035", ,0, , ,2,2,2,2,2,2,2,2,2,2,2,2,2,2,,49
1993,1,4,4,"13,14",3,25,35000,"550,7", ,2, ,30,2, ,2000,1,2,1,12,15,6,9,15,12000,2, ,1,1,1996,    4758,7, ,1,1,1,1,1,1,1,1,2,1,1,1, ,4, ,3300,140,1, ,0,2, ,1000, , , , , , ,2, ,1000,2, ,1000, , , , , , ,3,2,2,2,1,1,1,2,1,1,1,1,1,2,1,1,1,1,2,2,1,2,1,1,2,2,1,2,1,1,1,2,1,1,1,1,1,2,1,1,1,1,2,2,1,2,1,1,2,2,1,2,1,1,1,2,1,1,1,1,1,2,1,1,1,1,1,1,2,1,1,1,1,2,1,1,1,1,0,1,1,1,1,1, , , , , , , , , , , , , , , , , , , , , , , , , , , , , , , , , , , , , , , , , , , , , , , , , , , , , , , , ,2,1,-8, , ,7,4,4,1,1,1,1,1,1,1,1,1,1,1,1,1,1,1,1,1,1,1,2,2,2,2,1,4,1,1,1,1,1,1,1,1,1,1,1,1,1,1,1,1,2,2,2,2,1,1,1,1,2,3,55,22,5,27,"4,6","4,69230769230769","4,5",7,13,5,7,47,475,140,1, ,3300,140,2023,"8,2","13,14",35000,"550,7", ,30, , , , ,2000,"365,853658536585", , , ,"4322,45515452777", ,"4322,45515452777","184,846341463415", ,0, , ,2,2,2,2,2,2,2,2,2,2,2,2,1,2,,21
2061,1,5,3,",67",4,25,600,70,0,1,6, ,1,4561, ,2,1,3, ,7,3, , , ,5,5, ,2,1972,   22459,7, ,1,1,1,1,1,1,1,2,1,1,1,1, ,4, ,4200,165,2, ,0,1,4724, , , , ,1,4724, , , , ,1,0, , , , , , , ,2,2,1,2,1,1,2,2,1,2,1,1,3,2,1,2,1,2,2,2,1,2,1,1,2,2,1,2,1,1,2,2,1,2,1,1,2,2,1,2,1,1,2,2,1,2,1,1,0,1,1,1,1,1,0,1,1,1,1,1,2,2,1,2,1,1,0,1,1,1,1,1,0,1,1,1,1,1,0,1,1,1,1,1, , , , , , , , , , , , , , , , , , , , , , , , , , , , , , , , , , , , , , , , , , , , , , , , , , , , , , , , ,3, ,1, , ,7,3,4,1,1,1,1,1,1,1,1,1,1,1,1,1,1,1,1,1,2,2,2,2,1,1,1,4,1,1,1,1,1,1,1,1,2,2,2,2,1,1,1,1,1,1,1,1,1,1,1,1,",5","1,5",12,31,20,51,"3,8","3,84615384615385","4,5",6,0,4,6,22,224,165,2, ,4200,"82,5",2023,"8,2",",67",600,70,6, ,0,0, ,4561, ,6,0, , ,4561, ,4561,64,0,0, , ,2,2,2,2,2,2,2,1,1,2,1,1,1,2,,30
2067,1,10,10,"1,5",3,18,120,200,180,1,80, ,1,76, ,1,1,1,5,7,8,"1,2",8,123,4,3,1,2,2001,    8056,7, ,1,1,1,1,1,1,1,1,2,1,1,1, ,3, ,5000,288,5, ,0,1,120, , , , ,1,72, ,1,80, ,1,130, , , , ,1,50, ,1,1,1,2,1,1,1,1,2,1,1,1,1,1,1,2,1,1,1,1,1,2,1,1,1,1,1,2,1,1,1,1,2,1,1,1,2,1,2,2,1,1,1,1,1,2,1,1,2,1,2,2,1,1,1,1,1,2,1,1,1,1,2,1,1,1,2,1,2,2,1,1,2,1,2,2,1,1,1,1,1,2,1,1, , , , , , , , , , , , , , , , , , , , , , , , , , , , , , , , , , , , , , , , , , , , , , , , , , , , , , , , ,2,1,1, ,1,7,1,4,1,1,1,1,1,1,1,2,1,1,1,2,1,1,1,1,2,1,1,2,1,1,1,1,3,1,1,1,1,1,1,1,1,1,2,1,1,2,1,1,1,1,1,1,1,2,1,1,1,2,3,55,31,20,22,"3,1","2,92307692307692","3,5",4,1,5,7,80,805,288,5, ,5000,"57,6",2016,"12,31","1,5",120,200,80, ,180,60, ,76, ,80,60, , ,76, ,76,120,120,0, , ,2,2,2,2,2,2,2,2,2,2,2,2,2,2,,30
2077,1,7,6,"1,3",3,24,5423,1345, ,1,523, ,1,3421, ,1,2,2,6,8,4,"1,3",15,6500,3, ,2,1,1985,     691,7, ,1,1,1,1,1,1,1,1,2,1,1,1, ,5, ,8000,220,4, ,2,1,3242, , , , , , , , , , ,1,4323, , , , , , , ,1,2,1,1,1,1,1,2,1,1,1,1,1,2,1,1,1,1,1,2,1,1,1,1,1,2,1,1,1,1,1,2,1,1,1,1,1,2,1,1,1,1,1,2,1,1,1,1,1,2,1,1,1,1,1,2,1,1,1,1,1,2,1,1,1,1,1,2,1,1,1,1,1,2,1,1,1,1,1,2,1,1,1,1, , , , , , , , , , , , , , , , , , , , , , , , , , , , , , , , , , , , , , , , , , , , , , , , , , , , , , , , ,3, ,1, , ,3,1,5,2,2,2,2,2,1,1,1,1,1,1,1,1,1,1,1,1,1,1,1,1,1,1,1,5,2,2,2,2,2,1,1,1,1,1,1,1,1,1,1,1,1,1,1,1,1,1,1,1,2,5,55,33,100,38,3,"2,92307692307692","2,5",4,1,5,7,69,691,220,4,2,8000,55,2022,"7,23","1,3",5423,1345,523, , , , ,3421, ,523, , , ,3421, ,3421,822, ,0, , ,2,2,2,2,2,2,2,2,2,2,2,2,2,2,,32
2127,1,11,10, ,3,8, ,200, ,1, , ,1, , ,1,1,2,14,14,16, ,2,wie,3,4,1,2, ,   30159,7, ,1,1,1,1,1,1,1,1,2,1,1,1, ,-9, ,500,50,5, ,2,1, , , , , ,1, , ,1, , ,1, , , , , ,1, , ,1,2,1,1,1,1,1,1,2,1,1,1,1,2,1,1,1,1,1,1,2,1,1,1,1,2,1,1,1,1,1,1,1,2,1,1,1,1,1,2,1,1,1,2,1,1,1,1,1,1,1,2,1,1,1,1,1,2,1,1,1,2,1,1,1,1,1,1,2,1,1,1,1,1,1,2,1,1,1,1,1,2,1,1, , , , , , , , , , , , , , , , , , , , , , , , , , , , , , , , , , , , , , , , , , , , , , , , , , , , , , , , ,2,1,1, ,1,10,10,2,1,1,1,1,1,1,1,1,2,1,1,1,1,1,1,1,1,1,1,2,1,1,1,1,2,1,1,1,1,1,1,1,1,2,1,1,1,1,1,1,1,1,1,1,2,1,1,1,1, , , ,49, , ,"3,2","2,84615384615385","1,5",13, ,5,7,30,301,50,5,2,500,10,2006,"51,8", , ,200, , , , , , , , , , , , , , , , ,0, , ,2,2,2,2,2,2,2,2,2,2,2,2,2,2,,48
2130,1,6,4,5,3,20,15000,5000, ,1,2000, ,1,1000, ,1,2,3,5,5,5,5,10,5000,2, ,1,1,1966,   84051,4, ,1,1,1,2,1,1,1,1,1,1,1,1, ,6, ,3450,250,4, , ,1,2500, , , , , , , , , , ,1,2000, , , , , , , ,1,2,1,1,1,1,1,2,1,1,1,1,1,2,1,1,1,1,1,2,1,1,1,1,1,2,1,1,1,1,1,2,1,1,1,1,1,2,1,1,1,1,1,2,1,1,1,1,1,2,1,1,1,1,1,1,1,1,2,1,1,1,1,2,1,1,1,1,1,2,1,1,1,2,1,1,1,1,1,1,1,1,2,1, , , , , , , , , , , , , , , , , , , , , , , , , , , , , , , , , , , , , , , , , , , , , , , , , , , , , , , , ,3, ,2, , ,9,4,1,1,1,1,1,1,1,1,1,1,1,2,1,1,1,1,1,1,1,1,1,1,1,1,1,1,1,1,1,1,1,1,1,1,1,1,1,1,1,1,2,1,1,1,1,1,1,1,1,1,2,1,45,23,40,57,3,"2,92307692307692",4,7,5,2,3,84,840,250,4, ,3450,"62,5",2018,"12,05",5,15000,5000,2000, , , , ,1000, ,2000, , , ,1000, ,1000,3000, ,0, , ,2,2,2,2,2,2,2,2,1,2,2,2,1,2,,22
2134,1,6,3,"2,6",3,21,10000,1000, ,1,900, ,2, ,200,1,2,1,5,10,6,15,11,1000,3, ,1,1,1999,   12623,7, ,1,1,1,1,1,1,1,1,2,1,1,1, ,4, ,6000,170,4, ,2,2, ,1700, , , , , , ,2, ,160,2, ,0, , , , , , ,3,2,1,2,1,2,3,2,1,2,1,2,3,2,1,2,1,2,3,2,1,2,1,2,3,2,1,2,1,2,2,2,2,1,1,1,3,2,1,2,1,2,3,2,1,2,1,2,1,1,2,1,1,1,1,1,1,1,2,1,2,2,1,2,1,1,1,1,2,1,1,1,1,1,1,1,2,1,1,1,2,1,1,1, , , , , , , , , , , , , , , , , , , , , , , , , , , , , , , , , , , , , , , , , , , , , , , , , , , , , , , , ,2,1,1, , ,5,3,2,1,1,1,1,1,1,1,1,1,2,1,1,1,1,2,1,1,1,1,1,1,1,1,1,2,1,1,1,1,1,1,1,1,1,2,1,1,1,1,2,1,1,1,1,1,1,1,1,1,3,6,110,23,20,24,"2,9","2,92307692307692",4,6,2,5,7,12,126,170,4,2,6000,"42,5",2019,"10,72","2,6",10000,1000,900, , , , , ,200,900, , , ,"432,245515452777", ,"432,245515452777",100, ,0, , ,2,2,2,2,2,2,2,2,1,2,2,1,2,2,,22
2146,1,8,8,"3,5",4,25,25000, , ,-9, , ,-9, , ,1,2,2,10,10,6,"3,5",15,5000,4, ,2,2,1989,   10119,7, ,1,1,1,1,1,1,1,1,2,1,1,1, ,4, ,6500,140,3, ,1,1,4000, , , , , , , ,-9, , ,2, ,1000, , , , , , ,1,2,1,1,1,1,1,2,1,1,1,1,1,2,1,1,1,1,1,2,1,1,1,1,1,2,1,1,1,1,1,2,1,1,1,1,1,2,1,1,1,1,1,2,1,1,1,1,0,1,1,1,1,1,0,1,1,1,1,1,1,1,2,1,1,1,0,1,1,1,1,1,0,1,1,1,1,1,0,1,1,1,1,1, , , , , , , , , , , , , , , , , , , , , , , , , , , , , , , , , , , , , , , , , , , , , , , , , , , , , , , , ,2,1,2, , ,8,4,8,2,2,2,2,2,1,1,1,1,1,1,1,1,1,1,1,1,1,1,1,1,2,2,2,8,2,2,2,2,2,1,1,1,1,1,1,1,1,1,1,1,1,1,1,1,1,2,2,2,3,8,54,21,20,34,"1,7","1,53846153846154",2,7,3,5,7,10,101,140,3,1,6500,"46,6666666666667",2023,"8,2","3,5",25000, , , , , , , , , , , , , , , , , ,0, , ,2,2,2,2,2,2,2,1,1,2,1,1,1,2,,20
2333,1,6,6,"1,3",4,23,4000,2130,2000,1,2130, ,1,1500, ,1,1,2,5,5,6,"1,6",11,2000,4,4,1,2,1999,   21614,7, ,1,1,1,2,1,1,1,1,1,1,1,1, ,4, ,4000,150,5, ,2,1,2160, , , , ,1,2100, , , , ,1,2000, , , , , , , ,1,1,2,1,1,1,2,1,1,2,2,1,1,1,1,2,1,1,1,1,2,1,1,1,1,1,1,2,1,1,1,1,1,1,2,1,1,1,1,2,1,1,1,1,2,1,1,1,1,1,1,1,1,2,1,1,1,2,1,1,1,2,1,1,1,1,1,1,1,2,1,1,1,1,2,1,1,1,1,1,2,1,1,1, , , , , , , , , , , , , , , , , , , , , , , , , , , , , , , , , , , , , , , , , , , , , , , , , , , , , , , , ,3, ,1, , ,6,3,2,1,1,1,1,1,1,1,1,2,1,1,1,1,1,1,1,1,1,2,1,1,1,1,1,2,1,1,1,1,1,1,1,1,2,1,1,1,1,1,1,1,1,1,1,1,1,2,1,1,5,1,80,87,20,24,"2,8","2,61538461538462",3,6,1,3,3,21,216,150,5,2,4000,30,2021,"7,53","1,3",4000,2130,2130, ,2000,1800, ,1500, ,2130,1800, , ,1500, ,1500,0,200,0, , ,2,2,2,2,1,2,2,1,2,2,2,2,2,2,,86
2352,1,3,3,7,3,20,13000,6000, ,1,1200, ,1,3000, ,1,2,3,15,20,4,"4,8",10,8000,3, ,2,1,1986,   14770,7, ,1,1,1,1,1,1,1,1,2,1,1,1, ,4, ,5000,130,3, ,1,1,3000, , , , , , , ,1,2000, ,1,0, , , , , , , ,1,2,1,1,1,1,1,2,1,1,1,1,1,2,1,1,1,1,1,2,1,1,1,1,0,1,1,1,1,1,1,2,1,1,1,1,1,2,1,1,1,1,0,1,1,1,1,1,0,1,1,1,1,1,0,1,1,1,1,1,1,1,1,2,1,1,0,1,1,1,1,1,0,1,1,1,1,1,0,1,1,1,1,1, , , , , , , , , , , , , , , , , , , , , , , , , , , , , , , , , , , , , , , , , , , , , , , , , , , , , , , , ,2,1,2, , ,3,24,2,1,1,1,1,1,1,1,1,1,1,1,1,1,1,1,2,2,1,1,1,1,1,1,1,2,1,1,1,1,1,1,1,1,2,2,1,1,1,1,1,1,1,1,1,1,1,1,1,1,1,1,12,36,10,37,"3,6","3,61538461538462",2,2,7,5,7,14,147,130,3,1,5000,"43,3333333333333",2018,"12,05",7,13000,6000,1200, , , , ,3000, ,1200, , , ,3000, ,3000,4800, ,0, , ,2,2,2,1,2,2,1,1,1,2,1,1,1,2,,35
2437,1,9,6,"11,2",5,18,30000,9010,7540,2, ,700,1,800, ,1,1,2,13,13,4,6,8,8000,5,5,1,2,1959,   82418,6, ,1,1,1,2,1,1,1,1,1,1,1,1, ,8, ,3500,155,2, ,0,2, ,0, , , ,1,700, , , , ,2, ,0, , , , , , ,1,2,1,1,1,1,1,1,1,1,1,2,1,1,2,1,1,1,1,2,1,1,1,1,1,2,1,1,1,1,1,2,1,1,1,1,1,1,2,1,1,1,1,1,1,1,2,1,1,1,1,1,2,1,1,1,1,1,2,1,1,1,1,2,1,1,1,1,1,1,2,1,1,1,1,1,2,1,1,1,1,1,2,1, , , , , , , , , , , , , , , , , , , , , , , , , , , , , , , , , , , , , , , , , , , , , , , , , , , , , , , , ,3, ,2, , ,6,2,6,1,1,1,1,1,1,1,1,1,1,1,2,2,2,2,2,2,1,1,1,1,1,1,1,5,1,1,1,1,1,1,1,1,1,1,1,2,2,2,2,2,1,1,1,1,1,1,1,1,0,1,40,80,100,64,"4,6","4,30769230769231",5,5,11,2,3,82,824,155,2, ,3500,"77,5",2016,"12,31","11,2",30000,9010, ,700,7540, ,650,800, ,"5686,43379366369","5280,25995125914", , ,800, ,800,"3323,56620633631","2259,74004874086",0, , ,1,2,2,2,2,2,1,1,1,2,1,1,1,2,,79
2500,1,9,8,"1,4",3,22,1000,1352,3612,1,1311, ,1,2132, ,1,1,2,10,4,8,10,12,2500,2,4,1,2,1989,   71229,7, ,1,1,1,1,1,1,1,1,2,1,1,1, ,4, ,60000,120,3, ,1,1,1232, , , , ,1,2512, ,1,1822, ,1,1733, , , , ,1,2612, ,1,1,2,1,1,1,0,1,1,1,1,1,2,2,1,2,1,1,1,2,1,1,1,1,1,2,1,1,1,1,1,1,2,1,1,1,1,2,1,1,1,1,1,2,1,1,1,1,1,1,2,1,1,1,1,2,1,1,1,1,1,1,1,2,1,1,1,2,1,1,1,1,1,1,2,1,1,1,1,2,1,1,1,1, , , , , , , , , , , , , , , , , , , , , , , , , , , , , , , , , , , , , , , , , , , , , , , , , , , , , , , , ,2,1,1, ,1,9,3,8,1,1,1,1,1,1,1,2,2,2,2,2,2,2,2,1,1,1,1,1,1,1,1,1,5,1,1,1,1,1,1,1,1,1,1,2,2,2,2,2,1,1,1,1,1,1,1,1,1,10,5,60,81,10,34,"3,2","2,84615384615385",3,6,1,5,7,71,712,120,3,1,60000,40,2020,"9,1","1,4",1000,1352,1311, ,3612,2713, ,2132, ,1311,2713, , ,2132, ,2132,41,899,0, , ,1,2,2,2,2,2,2,2,2,2,2,2,2,2,,80
2506,1,7,6,10,4,25,20000,8900, ,2, ,"405,5",2, ,468,1,2,3,17,17,2,10,15,4550,4, ,1,2,1984,    8344,7, ,1,1,1,1,1,1,1,1,1,2,1,1, ,4, ,5500,250,2, ,0,1,3000, , , , , , , ,2, ,500,1,0, , , , , , , ,1,2,1,1,1,1,1,2,1,1,1,1,1,2,1,1,1,1,1,2,1,1,1,1,1,2,1,1,1,1,1,2,1,1,1,1,1,2,1,1,1,1,1,2,1,1,1,1,1,2,1,1,1,1,1,1,1,1,2,1,1,1,2,1,1,1,1,1,1,1,2,1,1,1,1,1,2,1,1,1,1,1,2,1, , , , , , , , , , , , , , , , , , , , , , , , , , , , , , , , , , , , , , , , , , , , , , , , , , , , , , , , ,2,2,2, , ,6,1,2,1,2,1,1,1,1,1,1,1,1,1,1,1,1,1,2,1,1,1,1,1,1,1,1,2,2,1,1,1,1,1,1,1,1,1,1,1,1,1,1,1,1,1,1,1,1,1,1,2,1,8,40,39,20,39,3,"2,84615384615385",4,4,10,6,8,83,834,250,2, ,5500,125,2023,"8,2",10,20000,8900, ,"405,5", , , , ,468,"4945,12195121951", , , ,"1011,4545061595", ,"1011,4545061595","3954,87804878049", ,0, , ,2,2,2,2,2,2,2,2,1,2,1,1,1,2,,38
2527,1,4,4,10,4,25,25000,2000, ,1,400, ,2, ,",43",1,2,3,10,13,19,"7,8",15,3000,4, ,1,1,1969,   39326,7, ,3,1,1,2,2,2,1,1,1,1,1,1, ,4, ,4000,100,2, ,0,1,2300, , , , , , , , , , ,1,0, , , , , , , ,1,1,1,1,1,2,1,1,1,1,1,2,1,1,1,1,1,2,1,1,1,1,2,1,1,2,1,1,1,1,1,2,1,1,1,1,1,1,1,1,1,2,1,2,1,1,1,1,0,1,1,1,1,1,0,1,1,1,1,1,1,2,1,1,1,1,0,1,1,1,1,1,0,1,1,1,1,1,1,2,1,1,1,1, , , , , , , , , , , , , , , , , , , , , , , , , , , , , , , , , , , , , , , , , , , , , , , , , , , , , , , , ,3, ,2, , ,7,4,2,1,1,1,1,1,1,1,1,1,1,1,1,1,1,1,1,2,1,1,1,1,1,1,2,2,1,1,1,1,1,1,1,1,1,1,1,1,1,1,1,2,1,1,1,1,2,1,1,1,1,5,50,8,10,54,"1,9","1,69230769230769",1,7,10,3,6,39,393,100,2, ,4000,50,2023,"8,2",10,25000,2000,400, , , , , ,",43",400, , , ,",929327858223471", ,",929327858223471",1600, ,0, , ,1,1,1,2,2,1,2,1,1,2,1,1,2,1,,7
2564,1,11,11,1200,3,22,3000,400, ,1,0, ,1,0, ,1,2,3,3,5,3,3,13,1000,3, ,1,2,1993,   33649,7, ,1,1,1,2,1,1,1,1,1,1,1,1, ,6, ,2000,60,1, ,0,1,400, , , , , , , ,2, ,0,2, ,0, , , , , , ,1,1,2,1,1,1,1,1,1,2,1,1,1,1,1,2,1,1,1,1,1,2,1,1,1,1,1,2,1,1,1,1,1,2,1,1,1,1,1,2,1,1,1,1,1,2,1,1,1,1,1,2,1,1,1,1,1,2,1,1,1,1,1,2,1,1,1,1,1,2,1,1,1,1,1,2,1,1,1,1,1,2,1,1, , , , , , , , , , , , , , , , , , , , , , , , , , , , , , , , , , , , , , , , , , , , , , , , , , , , , , , , ,2,1,2, , ,6,23,7,2,2,2,2,2,2,2,1,1,1,1,1,1,1,1,1,1,1,1,1,1,1,1,1,7,2,2,2,2,2,2,2,1,1,1,1,1,1,1,1,1,1,1,1,1,1,1,1,1,2,",2",25,51,50,30,3,"2,53846153846154",3,1,1200,3,3,33,336,60,1, ,2000,60,2020,"9,1","1,2",3000,400,0, , , , ,0, ,0, , , ,0, ,0,400, ,0, , ,2,2,2,2,2,2,2,2,2,2,2,2,2,2,,50
2577,1,9,8,"3,2",3,20,32166,"2,3",3216,1,5, ,1,6, ,1,1,3,4,5,4,"3,4",8,2341,3,4,2,1,1988,   17367,5, ,1,1,1,2,1,1,1,1,1,1,1,1, ,4, ,3000,545,3, ,1,1,66, , , , ,1,338, ,2, ,50,1,1456, , , , ,2, ,40,1,1,1,2,1,1,1,1,1,1,1,2,1,1,1,2,1,1,1,1,1,2,1,1,1,1,1,1,1,2,1,1,2,1,1,1,1,1,1,2,1,1,2,2,1,2,1,1,1,1,1,1,1,2,2,1,2,2,1,1,1,1,2,1,1,1,1,1,1,1,1,2,1,1,1,1,1,2,1,1,1,2,1,1, , , , , , , , , , , , , , , , , , , , , , , , , , , , , , , , , , , , , , , , , , , , , , , , , , , , , , , , ,2,1,2, ,1,8,2,3,1,1,1,1,1,1,1,1,1,2,1,1,1,1,1,1,1,1,1,2,2,1,1,1,2,1,1,1,1,1,2,1,1,1,1,1,1,1,1,1,1,1,1,1,1,1,2,1,1,"3,2","1,4",54,67,70,35,"2,9","2,92307692307692",3,5,3,2,3,17,173,545,3,1,3000,"181,666666666667",2018,"12,05","3,2",32166,"2,3",5, ,3216, ,70,6, ,5,"580,912863070539", , ,6, ,6,"-2,7","2635,08713692946",0, , ,1,2,2,1,2,2,2,1,2,2,1,1,2,2,,66
2655,1,9,9,"7,5",4,23,11000,8000, ,1,5300, ,1,1800, ,2,2,3, ,10,4, , , ,3, , ,2,1982,   89257,6, ,1,1,1,2,1,1,1,1,1,1,1,1, ,4, ,5200,120,2, ,0,1,4500, , , , , , , , , , ,1,0, , , , , , , ,1,2,1,1,1,1,1,2,1,1,1,1,1,2,1,1,1,1,1,2,1,1,1,1,1,2,1,1,1,1,1,2,1,1,1,1,1,2,1,1,1,1,1,2,1,1,1,1,1,1,1,1,2,1,1,1,1,1,2,1,1,1,2,1,1,1,1,1,1,1,2,1,1,1,1,1,2,1,1,1,1,1,2,1, , , , , , , , , , , , , , , , , , , , , , , , , , , , , , , , , , , , , , , , , , , , , , , , , , , , , , , , ,3, ,1, , ,8,25,2,1,1,1,1,1,1,1,1,2,1,1,1,1,1,1,1,1,2,1,1,1,1,1,1,2,2,1,1,1,1,1,1,1,1,1,1,1,1,1,1,1,1,1,1,1,1,1,1,2,1,4,41,20,50,41,3,"2,76923076923077",2,3,7,2,3,89,892,120,2, ,5200,60,2021,"7,53","7,5",11000,8000,5300, , , , ,1800, ,5300, , , ,1800, ,1800,2700, ,0, , ,2,2,2,2,2,2,2,1,1,2,1,1,1,2,,19
2669,1,10,2,5000,4,17,20000,4500, ,1,3000, ,1,1000, ,1,2,2,10,10,8,2,7,5000,4, ,1,1,1986,   68789,7, ,1,1,1,1,1,1,1,1,2,1,1,1, ,4, ,6000,190,4, ,2,1,3500, , , , , , , , , , ,1,0, , , , , , , ,1,2,1,1,1,1,1,2,1,1,1,1,1,2,1,1,1,1,1,1,1,2,1,1,1,1,1,2,1,1,1,2,1,1,1,1,1,2,1,1,1,1,1,2,1,1,1,1,1,2,1,1,1,1,1,2,1,1,1,1,1,2,1,1,1,1,1,1,1,1,1,2,1,1,1,1,1,2,1,1,1,1,1,2, , , , , , , , , , , , , , , , , , , , , , , , , , , , , , , , , , , , , , , , , , , , , , , , , , , , , , , , ,3, ,1, , ,3,4,11,2,2,2,2,2,2,1,1,1,1,1,1,1,1,1,1,1,1,1,2,2,2,2,2,11,2,2,2,2,2,2,2,1,1,1,1,1,1,1,1,1,1,1,1,1,2,2,2,2,5,1,85,74,50,37,3,"2,69230769230769",3,7,5000,5,7,68,687,190,4,2,6000,"47,5",2015,"12,4",5,20000,4500,3000, , , , ,1000, ,3000, , , ,1000, ,1000,1500, ,0, , ,2,2,2,2,2,2,2,2,2,2,1,1,1,2,,73
2677,1,8,8,"1,8",3,24,15000,2100, ,1,200, ,2, ,620,2,2,1, ,20,9, , , ,2, , ,2,1965,   99735,7, ,1,1,1,1,1,1,1,2,1,1,1,1, ,4, ,2500,90,2, ,0,2, ,700, , , , , , ,2, ,410,2, ,480, , , , , , ,1,2,1,1,1,1,1,1,2,1,1,1,1,2,1,1,1,1,1,1,1,2,1,1,1,2,1,1,1,1,1,2,1,1,1,1,1,1,1,1,2,1,1,2,1,1,1,1,1,1,1,1,2,1,1,1,1,1,2,1,1,2,1,1,1,1,1,1,1,1,2,1,1,1,1,1,2,1,1,1,1,1,2,1, , , , , , , , , , , , , , , , , , , , , , , , , , , , , , , , , , , , , , , , , , , , , , , , , , , , , , , , ,2,2,2, , ,8,3,4,2,1,1,1,2,1,1,1,1,1,1,1,1,1,1,1,1,1,1,2,1,1,1,2,2,1,1,1,1,1,1,1,2,1,1,1,2,1,1,1,1,1,1,1,1,1,1,1,1,"1,5",5,48,1,40,58,"2,2","2,23076923076923","3,5",6,1,4,6,99,997,90,2, ,2500,45,2022,"7,23","1,8",15000,2100,200, , , , , ,620,200, , , ,"1339,96109790361", ,"1339,96109790361",1900, ,0, , ,2,2,2,2,2,1,2,1,1,2,1,1,1,2,,0
2700,1,8,7,",8",3,25,400,0, ,1,0, ,1,2500, ,2,2,3, ,3,1, , , ,3, , ,2,2003,   21635,3, ,1,1,2,1,1,1,1,1,1,1,1,1, ,4, ,3500,100,3, ,1,1,2500, , , , , , , , , , ,1,0, , , , , , , ,1,2,1,1,1,1,1,2,1,1,1,1,1,2,1,1,1,1,1,2,1,1,1,1,1,2,1,1,1,1,1,2,1,1,1,1,1,2,1,1,1,1,1,2,1,1,1,1,1,2,1,1,1,1,1,2,1,1,1,1,1,2,1,1,1,1,1,2,1,1,1,1,1,2,1,1,1,1,1,2,1,1,1,1, , , , , , , , , , , , , , , , , , , , , , , , , , , , , , , , , , , , , , , , , , , , , , , , , , , , , , , , ,3, ,2, , ,7,23,8,1,1,1,2,2,1,2,2,1,2,1,1,1,1,1,1,1,2,1,1,2,2,1,1,7,1,2,1,1,1,2,1,1,1,1,1,1,1,1,2,1,2,1,2,2,2,1,1,1,1,3,50,52,50,20,"3,1","3,07692307692308",3,1,0,1,2,21,216,100,3,1,3500,"33,3333333333333",2023,"8,2",",8",400,0,0, , , , ,2500, ,0, , , ,2500, ,2500,0, ,0, , ,2,2,2,2,2,2,2,2,2,2,2,2,2,2,,51
2804,1,8,7,"7,25",5,21,18000,7950,8481,1,3400, ,1,1600, ,1,1,3,9,9,3,"6,2",11, ,4,5,1,2,1980,   85247,4, ,2,1,1,2,1,2,1,1,1,1,1,1, ,4, ,7000,147,4, ,2,1,2500, , , , ,1,1383, ,-9, , ,1,2500, , , , ,-9, , ,3,2,2,2,1,1,3,2,2,2,1,1,3,2,2,2,1,1,3,2,2,2,1,1,1,1,1,2,1,1,3,2,2,2,1,1,3,2,2,2,1,1,0,1,1,1,1,1,0,1,1,1,1,1,0,1,1,1,1,1,1,1,1,2,1,1,0,1,1,1,1,1,1,1,1,2,1,1,3,2,2,2,1,1, , , , , , , , , , , , , , , , , , , , , , , , , , , , , , , , , , , , , , , , , , , , , , , , , , , , , , , , ,2,1,2, ,1,7,5,4,1,1,1,1,1,1,1,1,1,1,1,1,2,2,2,2,1,1,1,1,1,1,1,1,6,1,1,1,1,1,1,1,1,1,1,2,2,2,2,2,2,1,1,1,1,1,1,1,1,1,",3",50,-9,500,43,"3,2","3,15384615384615","2,5",8,7,2,6,85,852,147,4,2,7000,"36,75",2019,"10,72","7,25",18000,7950,3400, ,8481,4559, ,1600, ,3400,4559, , ,1600, ,1600,4550,3922,0, , ,2,2,2,2,2,2,1,1,1,2,1,2,2,2,,
2851,1,2,3,4,4,23,20000,4000, ,1,1500, ,1,2000, ,1,2,2,14,15,12,"7,7",13,5000,4, ,1,1,1966,    1108,7, ,1,1,1,1,1,1,1,1,2,1,1,1, ,4, ,7000,145,2, ,0,1,4000, , , , , , , , , , ,1,0, , , , , , , ,2,2,1,2,1,1,2,2,1,2,1,1,2,2,1,2,1,1,2,2,1,2,1,1,2,2,1,2,1,1,2,2,1,2,1,1,2,2,1,2,1,1,2,2,1,2,1,1,0,1,1,1,1,1,2,2,1,2,1,1,2,2,1,2,1,1,2,2,1,2,1,1,2,2,1,2,1,1,0,1,1,1,1,1, , , , , , , , , , , , , , , , , , , , , , , , , , , , , , , , , , , , , , , , , , , , , , , , , , , , , , , , ,3, ,2, , ,4,23,5,1,1,1,1,1,1,1,1,1,1,1,1,1,1,1,1,1,1,1,2,2,2,2,2,5,1,1,1,1,1,1,1,1,1,1,1,1,1,1,1,1,1,1,1,2,2,2,2,2,1,6,9000,85,10,57,"4,5","4,38461538461539",3,1,4,5,7,11,110,145,2, ,7000,"72,5",2021,"7,53",4,20000,4000,1500, , , , ,2000, ,1500, , , ,2000, ,2000,2500, ,0, , ,2,2,2,2,2,2,2,1,2,2,2,2,1,2,,84
2874,1,8,8, ,3,24,2000,1600,1600,1,1600, ,1,1600, ,1,1,2,15,14,6,1600,13,3000,3,3,2,2,1972,   65812,6, ,1,1,1,1,1,1,1,1,2,1,1,1, ,4, ,10000,98,1, ,0,1,1600, , , , ,1,1600, ,1,1600, ,1,1600, , , , ,1,1600, ,1,2,1,1,1,1,1,2,1,1,1,1,1,2,1,1,1,1,1,2,1,1,1,1,1,2,1,1,1,1,1,2,1,1,1,1,1,2,1,1,1,1,1,2,1,1,1,1,1,2,1,1,1,1,1,2,1,1,1,1,1,2,1,1,1,1,1,2,1,1,1,1,1,2,1,1,1,1,1,2,1,1,1,1, , , , , , , , , , , , , , , , , , , , , , , , , , , , , , , , , , , , , , , , , , , , , , , , , , , , , , , , ,2,1,1, ,1,6,3,4,1,1,1,1,1,2,1,1,1,2,1,1,1,1,1,1,1,2,1,1,1,2,1,1,4,1,1,1,1,1,2,1,1,2,1,1,1,1,1,1,1,1,2,1,1,1,2,1,1,6,6,600,76,10,51,3,"2,53846153846154",3,6, ,5,7,65,658,98,1, ,10000,98,2022,"7,23", ,2000,1600,1600, ,1600,1600, ,1600, ,1600,1600, , ,1600, ,1600,0,0,0, , ,2,2,2,2,2,2,2,2,2,2,2,2,2,2,,75
2886,1,8,9,7,5,21,16500,7000, ,1,3800, ,1,1400, ,1,2,3,11,11,6,"6,4",11,16500,4, ,1,2,1984,   34626,6, ,2,1,1,1,2,2,1,1,1,1,1,1, ,4, ,2900,160,4, ,2,1,3500, , , , , , , , , , ,1,3500, , , , , , , ,1,1,1,2,1,1,1,1,1,2,1,1,1,1,1,2,1,1,1,2,1,1,1,1,1,1,1,2,1,1,1,2,1,1,1,1,1,2,1,1,1,1,1,2,1,1,1,1,1,1,1,1,2,1,1,1,1,1,2,1,1,1,1,2,1,1,1,1,1,1,2,1,1,1,1,1,2,1,1,1,1,1,2,1, , , , , , , , , , , , , , , , , , , , , , , , , , , , , , , , , , , , , , , , , , , , , , , , , , , , , , , , ,3, ,-8, , ,8,1,2,1,1,1,1,1,1,1,1,2,1,1,1,1,1,1,1,1,1,1,2,1,1,1,1,2,1,1,1,1,1,1,2,1,1,1,1,1,1,1,1,1,1,1,2,1,1,1,1,1,1,6,35,34,50,39,"2,3","2,23076923076923","1,5",4,7,2,6,34,346,160,4,2,2900,40,2019,"10,72",7,16500,7000,3800, , , , ,1400, ,3800, , , ,1400, ,1400,3200, ,0, , ,2,2,2,2,2,2,2,1,1,2,1,1,1,2,,33
2889,1,5,3,"6,38",5,20,8389,5450,6135,1,3230, ,1,3450, ,2,1,3, ,13,2, , , ,4,4, ,1,1965,   42349,4, ,1,1,1,2,1,1,1,1,1,1,1,1, ,9, ,5300,130,2, ,0,1,2500, , , , ,1,2523, ,1,1801, ,1,0, , , , ,1,1700, ,1,2,1,1,1,1,1,2,1,1,1,1,1,2,1,1,1,1,1,2,1,1,1,1,0,1,1,1,1,1,1,2,1,1,1,1,1,2,1,1,1,1,1,2,1,1,1,1,0,1,1,1,1,1,0,1,1,1,1,1,1,1,1,2,1,1,1,1,1,2,1,1,0,1,1,1,1,1,0,1,1,1,1,1, , , , , , , , , , , , , , , , , , , , , , , , , , , , , , , , , , , , , , , , , , , , , , , , , , , , , , , , ,2,1,2, ,1,5,6,5,1,1,1,2,2,2,1,1,1,1,1,2,2,1,1,1,1,1,1,1,1,1,1,1,2,1,1,1,1,1,1,1,1,1,1,1,2,2,1,1,1,1,1,1,1,1,1,1,1,1,",5",64,81,50,58,5,5,5,9,6,2,3,42,423,130,2, ,5300,65,2018,"12,05","6,38",8389,5450,3230, ,6135,4262, ,3450, ,3230,4262, , ,3450, ,3450,2220,1873,0, , ,2,2,2,1,2,2,2,1,1,2,2,1,1,2,,80
2915,1,1,1,"9,95",3,20,17000, , ,2, ,680,1,1300, ,1,2,3,10,8,7,"15,4",13,15000,3, ,2,1,1962,   47661,7, ,1,1,1,1,1,1,1,1,2,1,1,1, ,6, ,60000,189,2, ,0,1,1500, , , , , , , , , , ,1, , , , , , , , ,1,1,1,1,1,2,1,1,1,1,1,2,1,1,1,1,1,2,1,1,1,1,1,2,1,2,1,1,1,1,1,1,2,1,1,1,1,1,1,2,1,1,1,1,1,2,1,1,1,1,1,2,1,1,1,1,1,1,2,1,1,2,1,1,1,1,1,1,1,2,1,1,0,1,1,1,1,1,0,1,1,1,1,1, , , , , , , , , , , , , , , , , , , , , , , , , , , , , , , , , , , , , , , , , , , , , , , , , , , , , , , , ,3, ,1, , ,9,7,3,1,1,1,1,1,1,1,1,1,1,1,2,2,2,1,1,1,1,1,1,1,1,1,1,2,1,1,1,1,1,1,1,1,1,1,1,1,2,2,1,1,1,1,1,1,1,1,1,1,1,1,75,101,30,61,"4,9","4,53846153846154",5,10,9,5,7,47,476,189,2, ,60000,"94,5",2018,"12,05","9,95",17000, , ,680, , , ,1300, ,"5643,15352697095", , , ,1300, ,1300, , ,0, , ,1,1,1,2,2,2,2,2,1,2,2,1,1,1,,100
2938,1,5,6,"2,5",3,25,2150,2541, ,1,2451, ,1,2541, ,2,2,1, ,12,-9, , , ,3, , ,2,1983,   47839,5, ,1,1,1,2,1,1,1,1,1,1,1,1, ,4, ,390,141,4, ,2,1,3252, , , , , , , ,1,3252, ,-9, , , , , , , , ,1,1,2,1,1,1,1,2,1,1,1,1,1,1,1,2,1,1,1,1,1,2,1,1,1,1,2,1,1,1,1,1,1,2,1,1,1,1,1,2,1,1,1,1,1,2,1,1,1,1,2,1,1,1,1,1,1,1,2,1,1,1,1,2,1,1,1,1,1,2,1,1,1,1,2,1,1,1,1,1,1,1,2,1, , , , , , , , , , , , , , , , , , , , , , , , , , , , , , , , , , , , , , , , , , , , , , , , , , , , , , , , ,2,-8,-8, , ,6,24,2,1,1,1,1,1,1,1,1,1,1,1,2,1,1,1,1,1,1,1,1,2,1,1,1,2,1,1,1,1,1,1,1,1,1,1,1,2,1,1,1,1,1,1,1,1,2,1,1,1,2,2,58,25,58,40,"2,9",3,"2,5",2,2,2,3,47,478,141,4,2,390,"35,25",2023,"8,2","2,5",2150,2541,2451, , , , ,2541, ,2451, , , ,2541, ,2541,90, ,0, , ,2,2,2,2,2,2,2,2,1,2,2,2,1,2,,24
2966,1,3,2,"1,2",3,24,12700,1800,2500,1,1000, ,1,0, ,1,1,2,5,5,6, ,14,4400,3,3,2,1,1973,    9376,6, ,1,1,1,1,1,1,1,1,2,1,1,1, ,6, ,7500,79,2, ,0,2, ,665, , , ,1,0, ,1,0, ,2, ,665, , , ,1,0, ,2,2,1,2,1,1,2,2,1,2,1,1,1,1,1,1,2,1,2,2,1,2,1,1,0,1,1,1,1,1,0,1,1,1,1,1,2,2,1,2,1,1,2,2,1,2,1,1,0,1,1,1,1,1,1,2,1,1,1,1,1,1,1,2,1,1,0,1,1,1,1,1,0,1,1,1,1,1,0,1,1,1,1,1, , , , , , , , , , , , , , , , , , , , , , , , , , , , , , , , , , , , , , , , , , , , , , , , , , , , , , , , ,2,1,1, ,1,6,1,2,1,1,1,1,1,1,1,1,1,1,1,1,1,1,1,1,1,1,1,2,1,2,1,1,2,1,1,1,1,1,1,1,1,1,1,1,1,1,1,1,1,1,1,1,2,1,2,1,1,1,1,68,25,70,50,"3,2","3,30769230769231","2,5",4,1,5,7,93,937,79,2, ,7500,"39,5",2022,"7,23","1,2",12700,1800,1000, ,2500,1200, ,0, ,1000,1200, , ,0, ,0,800,1300,0, , ,2,1,2,1,1,2,2,1,2,2,1,1,1,2,,24
2969,1,8,9,4,3,23,900,5000, ,1,3500, ,1,1400, ,2,2,2, ,11,9, , , ,2, , ,2,1964,   96317,4, ,1,1,1,2,1,1,1,1,1,1,1,1, ,4, ,4500,125,4, ,1,1,5000, , , , , , , , , , ,1,1500, , , , , , , ,1,1,1,2,1,1,1,1,1,2,1,1,1,1,2,1,1,1,1,1,2,1,1,1,1,2,1,1,1,1,1,1,2,1,1,1,1,1,2,1,1,1,1,1,1,2,1,1,1,1,1,2,1,1,1,1,1,1,2,1,1,1,1,2,1,1,1,1,2,1,1,1,1,1,1,2,1,1,1,1,2,1,1,1, , , , , , , , , , , , , , , , , , , , , , , , , , , , , , , , , , , , , , , , , , , , , , , , , , , , , , , , ,3, ,2, , ,9,-9,0,1,1,1,1,1,1,1,1,1,1,1,1,1,1,1,1,1,1,1,1,1,1,1,1,0,1,1,1,1,1,1,1,1,1,1,1,1,1,1,1,1,1,1,1,1,1,1,1,1,0,0,500,-1, ,59,3,"2,69230769230769","2,5",-9,4,2,3,96,963,125,4,1,4500,"31,25",2021,"7,53",4,900,5000,3500, , , , ,1400, ,3500, , , ,1400, ,1400,1500, ,0, , ,2,2,2,2,2,2,2,2,1,2,2,2,2,2,,
3000,1,2,2,2,4,22,120,3,12,2, ,3,2, ,12,1,1,2,2,1,1,123,13,450,5,4,1,2,1999,   40595,7, ,1,1,1,1,1,1,1,2,1,1,1,1, ,6, ,4500,123,3, ,1,2, ,123, , , ,2, ,13,2, ,13,1,133, , , , ,2, ,12,1,1,2,1,1,1,1,1,2,1,1,1,1,1,2,1,1,1,1,1,2,1,1,1,1,1,2,1,1,1,1,1,2,1,1,1,1,1,2,1,1,1,1,1,2,1,1,1,1,1,2,1,1,1,1,1,2,1,1,1,1,2,1,1,1,1,1,2,1,1,1,1,1,1,2,1,1,1,1,2,1,1,1,1, , , , , , , , , , , , , , , , , , , , , , , , , , , , , , , , , , , , , , , , , , , , , , , , , , , , , , , , ,2,1,1, ,1,10,25,2,1,2,1,1,1,1,1,1,1,1,1,1,1,1,1,2,1,1,1,1,1,1,1,1,2,1,1,1,2,1,1,1,1,1,1,1,1,1,1,1,1,2,1,1,1,1,1,1,1,12,2,12,-1,4,24,"2,9","2,53846153846154","2,5",3,2,4,6,40,405,123,3,1,4500,41,2020,"9,1",2,120,3, ,3,12,13, , ,12,"32,967032967033",13, , ,"25,9347309271666", ,"25,9347309271666","-29,967032967033",-1,0, , ,2,2,2,2,2,2,2,2,2,2,2,2,2,2,,
3012,1,6,6,"1,2",3,23,12000,1200, ,1,1200, ,1,0, ,1,2,2,15,15,6,"1,2",13,500,3, ,1,2,1977,   47269,7, ,2,1,2,1,1,1,2,1,1,1,1,1, ,4, ,2500,125,4, ,2,1,100, , , , , , , , , , ,1,0, , , , , , , ,1,2,1,1,1,1,1,1,2,1,1,1,1,1,1,2,1,1,1,1,1,1,2,1,1,1,1,1,1,2,1,1,1,1,2,1,1,1,1,2,1,1,1,1,2,1,1,1,1,2,1,1,1,1,1,1,2,1,1,1,1,1,1,2,1,1,1,1,1,1,2,1,1,1,1,1,1,2,1,1,1,1,2,1, , , , , , , , , , , , , , , , , , , , , , , , , , , , , , , , , , , , , , , , , , , , , , , , , , , , , , , , ,3, ,2, , ,5,23,1,1,1,1,1,1,1,1,1,1,2,1,1,1,1,1,1,1,1,1,1,1,1,1,1,1,1,1,1,1,1,1,1,1,1,2,1,1,1,1,1,1,1,1,1,1,1,1,1,1,1,1,50,12,10,46,"3,2","2,92307692307692",3,1,1,3,3,47,472,125,4,2,2500,"31,25",2021,"7,53","1,2",12000,1200,1200, , , , ,0, ,1200, , , ,0, ,0,0, ,0, , ,2,2,1,1,1,2,2,2,2,2,1,1,1,2,,11
3041,1,4,4,"1,5",3,18,19000,3500, ,2, ,442,2, ,1400,1,2,3,9,9,6,"1,5",8,Incl. Solarplatten 19000,3, ,1,1,1984,   48480,4, ,1,1,1,1,1,1,1,1,1,1,1,2,Examen,4, ,4500,120,3, ,1,1,3500, , , , , , , , , , ,2, ,1400, , , , , , ,2,1,1,2,1,2,2,1,1,2,1,2,2,1,1,2,1,2,1,2,1,1,1,1,1,2,1,1,1,1,1,2,1,1,1,1,2,1,1,2,1,2,1,1,1,2,1,1,0,1,1,1,1,1,1,1,1,2,1,1,2,1,1,2,1,2,0,1,1,1,1,1,0,1,1,1,1,1,0,1,1,1,1,1, , , , , , , , , , , , , , , , , , , , , , , , , , , , , , , , , , , , , , , , , , , , , , , , , , , , , , , , ,3, ,2, , ,8,3,3,1,1,1,1,1,1,1,1,2,2,2,1,1,1,1,1,1,1,1,1,1,1,1,1,3,1,1,1,1,1,1,1,1,1,1,1,1,1,1,1,1,2,2,2,1,1,1,1,1,3,3,52,50,54,39,"2,8","2,69230769230769","2,5",6,1,2,2,48,484,120,3,1,4500,40,2016,"12,31","1,5",19000,3500, ,442, , , , ,1400,"3590,57676685621", , , ,"3025,71860816944", ,"3025,71860816944","-90,5767668562144", ,0, , ,2,2,2,2,2,2,2,1,2,2,1,1,1,2,,49
3049,1,9,7, ,3,22, ,2366, ,2, , ,2, ,850,1,2,2,4,2,13, ,13,K.a,3, ,2,1,1990,     125,7, ,1,1,1,1,1,1,1,1,2,1,1,1, ,6, ,5000,200,4, ,2,1,2538, , , , , , , ,1,343, ,2, ,460, , , , , , ,1,2,1,1,1,1,1,2,1,1,1,1,1,2,1,1,1,1,1,2,1,1,1,1,2,2,1,2,1,1,1,2,1,1,1,1,1,2,1,1,1,1,1,2,1,1,1,1,1,1,2,1,1,1,1,2,1,1,1,1,1,2,1,1,1,1,1,1,1,2,1,1,0,1,1,1,1,1,0,1,1,1,1,1, , , , , , , , , , , , , , , , , , , , , , , , , , , , , , , , , , , , , , , , , , , , , , , , , , , , , , , , ,2,1,-8, , ,6,5,1,1,1,1,1,1,1,1,1,2,1,1,1,1,1,1,1,1,1,1,1,1,1,1,1,2,1,1,1,1,1,1,1,1,2,2,1,1,1,1,1,1,1,1,1,1,1,1,1,1,1,3,75,101,20,33,"3,1","2,69230769230769","2,5",8, ,5,7,12,125,200,4,2,5000,50,2020,"9,1", , ,2366, , , , , , ,850, , , , ,"1837,0434406743", ,"1837,0434406743", , ,0, , ,2,2,2,2,2,2,2,2,2,2,2,1,1,2,,100
3052,1,1,1,"5,4",3,16,17000,1250, ,1,1250, ,1,4500, ,2,2,2, ,15,6, , , ,2, , ,1,1966,   78244,5, ,1,1,1,2,1,1,1,1,1,1,1,1, ,8, ,1500,75,2, ,0,1,5000, , , , , , , , , , ,1,2000, , , , , , , ,1,1,2,1,1,1,1,1,1,2,1,1,1,1,2,1,1,1,1,1,1,2,1,1,1,1,1,2,1,1,1,1,2,1,1,1,1,1,2,1,1,1,1,1,2,1,1,1,1,1,2,1,1,1,1,1,1,1,1,2,1,1,1,2,1,1,1,1,1,1,1,2,1,1,1,1,1,2,1,1,1,1,1,2, , , , , , , , , , , , , , , , , , , , , , , , , , , , , , , , , , , , , , , , , , , , , , , , , , , , , , , , ,3, ,1, , ,6,23,1,1,1,1,1,1,1,1,1,1,2,1,1,1,1,1,1,1,1,1,1,1,1,1,1,1,1,1,1,1,1,1,1,1,1,1,2,1,1,1,1,1,1,1,1,1,1,1,1,1,2,1,64,81,10,57,3,3,3,1,5,2,3,78,782,75,2, ,1500,"37,5",2014,"13,02","5,4",17000,1250,1250, , , , ,4500, ,1250, , , ,4500, ,4500,0, ,0, , ,2,2,2,2,2,2,2,2,1,2,1,1,1,2,,80
3055,1,7,6,"1,22",4,21,12000,6200,7000,1,2000, ,1,4000, ,2,1,3, ,9,3, , , ,4,4, ,1,1987,   51469,7, ,2,1,2,1,1,1,1,1,2,1,1,1, ,4, ,4500,130,3, ,1,1,8000, , , , ,1,4000, ,1,2000, ,1,2000, , , , ,1,3000, ,1,1,1,1,1,2,1,1,1,1,1,2,1,1,1,1,1,2,1,1,1,1,1,2,1,1,1,1,1,2,1,1,1,1,1,2,1,1,1,1,1,2,2,2,1,1,1,2,1,2,1,1,1,1,1,1,1,1,1,2,1,1,2,1,1,1,1,1,2,1,1,1,1,1,1,2,1,1,1,2,1,1,1,1, , , , , , , , , , , , , , , , , , , , , , , , , , , , , , , , , , , , , , , , , , , , , , , , , , , , , , , , ,2,1,1, ,1,6,2,5,1,1,2,2,2,1,1,1,1,1,1,1,1,1,1,1,1,1,1,1,1,2,2,1,7,1,2,2,1,1,1,1,1,1,2,2,1,1,1,2,1,1,1,1,1,1,2,2,1,5,4,500,52,0,36,"3,2","3,07692307692308",2,5,1,5,7,51,514,130,3,1,4500,"43,3333333333333",2019,"10,72","1,22",12000,6200,2000, ,7000,3000, ,4000, ,2000,3000, , ,4000, ,4000,4200,4000,0, , ,1,1,1,1,1,1,2,2,1,2,2,2,2,1,,51
3064,1,4,4,"1,5",3,25,6000,1200, ,2, ,100,1,800, ,1,2,2,-9,5,3, ,-9, ,3, ,1,2,1972,   35713,7, ,1,1,1,1,1,1,1,1,2,1,1,1, ,6, ,7500,400,2, ,0,1,3000, , , , , , , ,1,800, ,1,800, , , , , , , ,1,1,1,2,1,1,1,1,1,2,1,1,1,1,1,2,1,1,1,1,1,2,1,1,1,1,1,2,1,1,1,2,1,1,1,1,1,2,1,1,1,1,1,2,1,1,1,1,1,2,1,1,1,1,1,2,1,1,1,1,1,2,1,1,1,1,1,2,1,1,1,1,1,1,1,1,2,1,1,1,1,1,2,1, , , , , , , , , , , , , , , , , , , , , , , , , , , , , , , , , , , , , , , , , , , , , , , , , , , , , , , , ,2,1,1, , ,7,-9,0,1,1,1,1,1,1,1,1,1,1,1,1,1,1,1,1,1,1,1,1,1,1,1,1,0,1,1,1,1,1,1,1,1,1,1,1,1,1,1,1,1,1,1,1,1,1,1,1,1, , , ,-9, ,51,3,"3,15384615384615",3,-9,1,5,7,35,357,400,2, ,7500,200,2023,"8,2","1,5",6000,1200, ,100, , , ,800, ,"1219,51219512195", , , ,800, ,800,"-19,5121951219514", ,0, , ,2,2,2,2,2,2,2,2,2,2,2,1,1,2,,
3072,1,11,11,102,4,24,1837,1235,1757,1,1236, ,1,1236, ,1,1,1,3,3,2, ,14,1848,4,4,1,1,1988,   10115,7, ,2,1,1,1,1,1,1,1,2,2,1,1, ,6, ,7000,130,4, ,2,1,958, , , , ,1,1748, ,1,1122, ,1,528, , , , ,1,1848, ,1,2,1,1,1,1,1,2,1,1,1,1,1,2,1,1,1,1,1,2,1,1,1,1,1,2,1,1,1,1,1,2,1,1,1,1,1,2,1,1,1,1,1,2,1,1,1,1,1,2,1,1,1,1,1,2,1,1,1,1,1,2,1,1,1,1,1,2,1,1,1,1,1,2,1,1,1,1,1,2,1,1,1,1, , , , , , , , , , , , , , , , , , , , , , , , , , , , , , , , , , , , , , , , , , , , , , , , , , , , , , , , ,2,1,1, ,1,9,23,1,1,1,1,1,1,1,1,1,1,1,1,1,1,1,1,1,1,1,1,1,1,2,1,1,1,1,1,1,1,1,1,2,1,1,1,1,1,1,1,1,1,1,1,1,1,1,1,1,1,1,1,90,84,50,35,"3,1","2,76923076923077",3,1,102,6,8,10,101,130,4,2,7000,"32,5",2022,"7,23",102,1837,1235,1236, ,1757,1747, ,1236, ,1236,1747, , ,1236, ,1236,-1,10,0, , ,2,2,2,2,2,2,2,2,2,2,2,2,2,2,,83
3160,1,10,8,"1,5",3,16,1000,2,200,1,2, ,2, ,200,1,1,1,4,6,11,"2,2",2,4567,4,5,1,1,1996,   40764,6, ,1,1,1,1,1,1,1,2,1,1,1,1, ,4, ,4000,500,2, ,1,2, ,250, , , ,2, ,250,2, ,200,2, ,250, , , ,2, ,250,1,1,2,1,1,1,1,1,1,2,1,1,1,2,1,1,1,1,1,1,1,1,2,1,1,1,1,2,1,1,1,1,1,2,1,1,1,1,1,2,1,1,1,1,2,1,1,1,1,2,1,1,1,1,1,2,1,1,1,1,1,1,2,1,1,1,1,1,1,2,1,1,1,1,1,1,2,1,1,1,1,1,1,2, , , , , , , , , , , , , , , , , , , , , , , , , , , , , , , , , , , , , , , , , , , , , , , , , , , , , , , , ,2,1,1, ,1,8,1,2,1,1,1,1,2,1,1,1,1,1,1,1,1,1,1,1,1,1,1,1,1,1,1,2,2,2,1,1,1,1,1,1,1,1,1,1,1,1,1,1,1,1,1,1,1,1,1,2,1,3,5,60,65,150,27,"3,2","2,84615384615385","3,5",4,1,4,6,40,407,500,2,1,4000,250,2014,"13,02","1,5",1000,2,2, ,200, ,250, ,200,2,"1920,12288786482", , ,"432,245515452777", ,"432,245515452777",0,"-1720,12288786482",0, , ,2,2,1,2,2,2,2,2,2,2,2,1,1,2,,64
3207,1,8,5,9,4,24,25000,8000, ,1,4000, ,1,2500, ,1,2,3,10,10,10,10,14,6000,4, ,1,1,1983,   90530,7, ,1,1,1,1,1,1,1,1,2,1,1,1, ,4, ,4700,150,3, ,1,1,6000, , , , , , , ,1,2500, ,1,6000, , , , , , , ,1,2,1,1,1,1,1,2,1,1,1,1,1,2,1,1,1,1,1,2,1,1,1,1,1,2,1,1,1,1,1,2,1,1,1,1,1,2,1,1,1,1,1,2,1,1,1,1,0,1,1,1,1,1,0,1,1,1,1,1,1,2,1,1,1,1,0,1,1,1,1,1,0,1,1,1,1,1,0,1,1,1,1,1, , , , , , , , , , , , , , , , , , , , , , , , , , , , , , , , , , , , , , , , , , , , , , , , , , , , , , , , ,2,1,1, , ,8,7,6,1,1,1,1,1,1,1,1,1,1,1,2,2,2,2,2,2,1,1,1,1,1,1,1,6,1,1,1,1,1,1,1,1,1,1,1,2,2,2,2,2,2,1,1,1,1,1,1,1,",5",6, ,-1,100,40,"3,3","3,23076923076923",3,10,9,5,7,90,905,150,3,1,4700,50,2022,"7,23",9,25000,8000,4000, , , , ,2500, ,4000, , , ,2500, ,2500,4000, ,0, , ,2,2,2,2,2,2,2,1,1,2,1,1,1,2,,
3249,1,5,8,"8,5",5,16,25000,7100,7300,1,3900, ,1,1300, ,1,1,3,8,12,18,10,6,8000,5,5,1,2,1975,    4129,7, ,1,1,1,1,1,2,1,1,1,1,1,1, ,4, ,4000,100,3, ,0,1,5500, , , , ,1,1400, , , , ,1,0, , , , , , , ,1,2,1,1,1,1,1,2,1,1,1,1,1,2,1,1,1,1,1,2,1,1,1,1,1,2,1,1,1,1,1,2,1,1,1,1,1,2,1,1,1,1,1,2,1,1,1,1,0,1,1,1,1,1,1,1,1,2,1,1,1,1,1,2,1,1,1,1,1,2,1,1,0,1,1,1,1,1,0,1,1,1,1,1, , , , , , , , , , , , , , , , , , , , , , , , , , , , , , , , , , , , , , , , , , , , , , , , , , , , , , , , ,3, ,2, , ,6,4,2,1,1,1,1,1,1,1,1,1,1,1,2,1,1,1,1,1,2,1,1,1,1,1,1,2,1,1,1,1,1,1,1,1,1,1,1,2,1,1,1,1,1,2,1,1,1,1,1,1,2,6,36,101,100,48,"4,7","4,76923076923077",5,7,8,3,6,41,412,100,3, ,4000,"33,3333333333333",2014,"13,02","8,5",25000,7100,3900, ,7300,2550, ,1300, ,3900,2550, , ,1300, ,1300,3200,4750,0, , ,2,2,2,2,2,2,2,1,2,2,2,1,1,2,,100
3250,1,6,8,"5,98",4,18,21000,4200,4190,1,1950, ,1,2100, ,1,1,1,11,12,6,"4,2",8,5000,5,5,1,2,1982,   67069,4, ,2,1,1,2,1,2,1,1,1,1,1,1, ,4, ,5500,115,4, ,2,1,4200, , , , ,1,1926, , , , ,1,0, , , , , , , ,1,1,2,1,1,1,1,1,1,2,1,1,1,1,2,1,1,1,3,2,1,2,1,2,1,1,1,2,1,1,3,2,1,2,1,2,1,1,2,1,1,1,1,1,1,2,1,1,0,1,1,1,1,1,3,2,1,2,1,2,1,1,1,2,1,1,1,1,1,2,1,1,0,1,1,1,1,1,0,1,1,1,1,1, , , , , , , , , , , , , , , , , , , , , , , , , , , , , , , , , , , , , , , , , , , , , , , , , , , , , , , , ,3, ,1, , ,7,1,12,2,2,2,2,2,2,1,1,1,1,1,1,1,1,1,1,1,1,2,2,2,2,2,2,12,2,2,2,2,2,2,1,1,1,1,1,1,1,1,1,1,1,1,2,2,2,2,2,2,1,8,17,-1,25,41,"2,3","2,30769230769231",3,4,5,2,6,67,670,115,4,2,5500,"28,75",2016,"12,31","5,98",21000,4200,1950, ,4190,2718, ,2100, ,1950,2718, , ,2100, ,2100,2250,1472,0, , ,2,2,2,2,2,2,2,1,2,2,2,1,1,2,,
3253,1,6,3,10,3,20,13000,12000,12000,1,10000, ,1,1000, ,2,1,3, ,7,5, , , ,3,3, ,2,1961,   46354,3, ,1,1,1,2,1,1,1,1,1,1,1,1, ,4, ,3000,120,2, ,0,1,3000, , , , ,1,1500, , , , ,1,0, , , , , , , ,1,2,1,1,1,1,1,1,1,2,1,1,1,2,1,1,1,1,1,1,1,2,1,1,1,2,1,1,1,1,1,2,1,1,1,1,1,2,1,1,1,1,1,2,1,1,1,1,0,1,1,1,1,1,1,1,1,2,1,1,1,1,1,2,1,1,0,1,1,1,1,1,0,1,1,1,1,1,0,1,1,1,1,1, , , , , , , , , , , , , , , , , , , , , , , , , , , , , , , , , , , , , , , , , , , , , , , , , , , , , , , , ,3, ,2, , ,6,1,10,1,1,1,1,1,1,1,2,2,2,2,2,2,2,2,2,2,1,1,1,1,1,1,1,9,1,1,1,1,1,1,1,1,2,2,2,2,2,2,2,2,2,1,1,1,1,1,1,1,1,8,62,53,50,62,"4,2",4,4,4,10,1,3,46,463,120,2, ,3000,60,2018,"12,05",10,13000,12000,10000, ,12000,10000, ,1000, ,10000,10000, , ,1000, ,1000,2000,2000,0, , ,2,2,2,2,2,2,2,1,2,2,1,1,1,2,,52
3282,1,6,8,"9,99",5,24,22000,9570, ,2, ,",082",1,880, ,1,2,3,20,20,8,"5,5",14,5500,4, ,1,2,1981,   26624,7, ,1,1,1,1,1,1,1,2,1,1,1,1, ,4, ,4500,200,4, ,2,1,3500, , , , , , , , , , ,1,0, , , , , , , ,1,2,1,1,1,1,1,2,1,1,1,1,1,2,1,1,1,1,1,2,1,1,1,1,1,2,1,1,1,1,1,2,1,1,1,1,1,2,1,1,1,1,1,2,1,1,1,1,0,1,1,1,1,1,0,1,1,1,1,1,1,2,1,1,1,1,0,1,1,1,1,1,0,1,1,1,1,1,1,2,1,1,1,1, , , , , , , , , , , , , , , , , , , , , , , , , , , , , , , , , , , , , , , , , , , , , , , , , , , , , , , , ,3, ,2, , ,5,7,13,2,2,2,2,2,2,2,1,1,1,1,1,1,1,1,1,1,1,2,2,2,2,2,2,24,2,2,2,2,2,2,2,2,2,2,2,2,2,2,2,2,2,2,2,2,2,2,2,2,",4",12,50,24,33,42,"3,3","3,30769230769231",4,10,9,4,6,26,266,200,4,2,4500,50,2022,"7,23","9,99",22000,9570, , , , , ,880, , , , , ,880, ,880, , ,0, , ,2,2,2,2,2,2,2,1,1,2,1,1,2,2,,23
3289,1,9,7,"2,5",3,22,6000,800, ,1,200, ,1,400, ,1,2,2,3,5,5,"2,5",12,4000,2, ,1,2,1991,   10117,6, ,1,1,1,1,1,1,1,1,2,1,1,1, ,4, ,4500,130,4, ,2,1,250, , , , , , , , , , ,1,200, , , , , , , ,1,2,1,1,1,1,1,2,1,1,1,1,1,2,1,1,1,1,1,2,1,1,1,1,1,2,1,1,1,1,1,2,1,1,1,1,1,2,1,1,1,1,1,2,1,1,1,1,1,2,1,1,1,1,1,2,1,1,1,1,1,2,1,1,1,1,1,2,1,1,1,1,2,2,1,1,2,1,1,2,1,1,1,1, , , , , , , , , , , , , , , , , , , , , , , , , , , , , , , , , , , , , , , , , , , , , , , , , , , , , , , , ,3, ,1, , ,6,2,3,1,1,1,1,1,1,1,1,1,1,1,1,1,1,1,1,1,1,1,2,2,2,1,1,3,1,1,1,1,1,1,1,1,1,1,1,1,1,1,1,1,1,1,1,2,2,2,1,1,3,1,70,44,15,32,3,"2,76923076923077","2,5",5,2,5,7,10,101,130,4,2,4500,"32,5",2020,"9,1","2,5",6000,800,200, , , , ,400, ,200, , , ,400, ,400,600, ,0, , ,2,2,2,2,2,2,2,2,2,2,2,2,2,2,,43
3300,1,7,7,8,5,25,16000,400, ,1,50, ,1,3800, ,1,2,2,10,11,4,5,15,3500,5, ,1,1,1983,   13167,7, ,1,1,1,1,1,2,1,1,1,1,1,1, ,-9, ,5500,130,3, ,1,1,3800, , , , , , , , , , ,1,300, , , , , , , ,1,2,1,1,1,1,1,2,1,1,1,1,1,2,1,1,1,1,1,2,1,1,1,1,1,1,1,1,1,2,1,2,1,1,1,1,1,2,1,1,1,1,1,2,1,1,1,1,1,2,1,1,1,1,1,2,1,1,1,1,1,2,1,1,1,1,1,2,1,1,1,1,2,2,1,1,1,2,1,2,1,1,1,1, , , , , , , , , , , , , , , , , , , , , , , , , , , , , , , , , , , , , , , , , , , , , , , , , , , , , , , , ,3, ,2, , ,8,-9,0,1,1,1,1,1,1,1,1,1,1,1,1,1,1,1,1,1,1,1,1,1,1,1,1,0,1,1,1,1,1,1,1,1,1,1,1,1,1,1,1,1,1,1,1,1,1,1,1,1, , , ,-9, ,40,"2,1","2,23076923076923","1,5",-9,8,3,6,13,131,130,3,1,5500,"43,3333333333333",2023,"8,2",8,16000,400,50, , , , ,3800, ,50, , , ,3800, ,3800,350, ,0, , ,2,2,2,1,2,2,2,2,2,2,2,2,2,2,,
3314,1,7,9,7,4,25,17000,4370, ,1,1189, ,1,"2,78", ,1,2,2,15,15,21,10,15,10000,4, ,1,1,1965,   72574,7, ,1,1,1,1,2,1,1,1,1,1,1,1, ,9, ,6500,135,5, ,0,1,2900, , , , , , , , , , ,1,0, , , , , , , ,4,2,2,2,1,2,3,2,2,2,1,1,3,2,2,2,1,1,3,2,2,2,1,1,0,1,1,1,1,1,3,2,2,2,1,1,3,2,2,2,1,1,3,2,2,2,1,1,0,1,1,1,1,1,0,1,1,1,1,1,3,1,2,2,2,1,0,1,1,1,1,1,0,1,1,1,1,1,0,1,1,1,1,1, , , , , , , , , , , , , , , , , , , , , , , , , , , , , , , , , , , , , , , , , , , , , , , , , , , , , , , , ,3, ,2, , ,3,5,4,1,1,1,1,1,1,1,1,2,2,2,2,1,1,1,1,1,1,1,1,1,1,1,1,4,1,1,1,1,1,1,1,1,2,2,2,2,1,1,1,1,1,1,1,1,1,1,1,1,3,4,64,61,10,58,"4,9","4,92307692307692",5,8,7,3,4,72,725,135,5, ,6500,27,2023,"8,2",7,17000,4370,1189, , , , ,"2,78", ,1189, , , ,"2,78", ,"2,78",3181, ,0, , ,2,2,2,1,2,2,2,1,1,2,1,1,1,2,,60
3315,1,6,8,5,4,24,13000,4000, ,1,0, ,1,4500, ,1,2,3,10,10,22,20,14,6500,4, ,1,2,1974,   72226,3, ,1,1,1,2,1,1,1,1,1,1,1,1, ,4, ,4000,140,1, ,0,1,2500, , , , , , , ,1,3100, ,1,0, , , , , , , ,1,2,1,1,1,1,1,2,1,1,1,1,1,2,1,1,1,1,1,2,1,1,1,1,1,2,1,1,1,1,1,2,1,1,1,1,1,2,1,1,1,1,1,2,1,1,1,1,1,1,1,2,1,1,1,1,1,2,1,1,1,1,1,2,1,1,1,1,1,2,1,1,0,1,1,1,1,1,0,1,1,1,1,1, , , , , , , , , , , , , , , , , , , , , , , , , , , , , , , , , , , , , , , , , , , , , , , , , , , , , , , , ,2,1,2, , ,8,24,14,2,2,2,2,2,2,2,1,1,1,1,1,1,1,1,1,1,2,2,2,2,2,2,2,12,2,2,2,2,2,2,2,2,2,2,1,1,1,1,1,1,1,1,1,1,1,1,2,2,",45",10,70,26,50,49,"3,1","3,15384615384615",3,2,5,1,3,72,722,140,1, ,4000,140,2022,"7,23",5,13000,4000,0, , , , ,4500, ,0, , , ,4500, ,4500,4000, ,0, , ,2,2,2,2,2,2,2,2,2,2,2,1,1,2,,25
3330,1,8,7,",8",3,23,2500,650, ,1,300, ,1,600, ,1,2,2,3,2,3,",4",13,2000,2, ,1,1,1990,   45475,7, ,1,1,1,1,1,1,1,1,2,1,1,1, ,4, ,2500,100,3, ,1,1,300, , , , , , , ,1,600, ,1,400, , , , , , , ,1,1,2,1,1,1,1,1,1,1,2,1,1,1,1,2,1,1,1,1,2,1,1,1,1,1,1,2,1,1,1,1,1,2,1,1,1,1,2,1,1,1,1,1,2,1,1,1,1,1,1,2,1,1,1,2,1,1,1,1,1,1,1,2,1,1,1,1,2,1,1,1,1,1,1,2,1,1,1,1,1,1,1,2, , , , , , , , , , , , , , , , , , , , , , , , , , , , , , , , , , , , , , , , , , , , , , , , , , , , , , , , ,2,1,-8, , ,8,25,2,1,1,1,1,1,1,1,1,2,1,1,1,1,1,1,1,2,1,1,1,1,1,1,1,2,1,1,1,1,1,1,1,1,1,1,1,2,1,1,1,1,1,2,1,1,1,1,1,1,1,3,45,55,10,33,"2,9","2,61538461538462","2,5",3,0,5,7,45,454,100,3,1,2500,"33,3333333333333",2021,"7,53",",8",2500,650,300, , , , ,600, ,300, , , ,600, ,600,350, ,0, , ,1,2,2,2,2,2,2,2,2,2,2,2,1,2,,54
3364,1,7,7,"1,3",5,22,1735,1555,7666,2, ,200,1,2000, ,1,1,1,1,1,1,"1,7",15,1888,4,4,1,2,1980,   10969,7, ,1,1,1,1,1,1,1,1,2,1,1,1, ,6, ,12999,94,1, ,1,1,366, , , , ,1,5668, ,1,3566, ,1,577, , , , ,1,5677, ,1,1,1,2,1,1,1,1,2,1,1,1,1,1,2,1,1,1,1,1,2,1,1,1,1,1,2,1,1,1,1,1,2,1,1,1,1,2,1,1,1,1,0,1,1,1,1,1,1,1,2,1,1,1,1,2,1,1,1,1,1,1,1,2,1,1,1,1,1,2,1,1,1,1,2,1,1,1,1,1,2,1,1,1, , , , , , , , , , , , , , , , , , , , , , , , , , , , , , , , , , , , , , , , , , , , , , , , , , , , , , , , ,2,1,1, ,1,9,23,2,1,1,1,1,1,1,1,2,1,1,1,1,1,1,1,1,1,1,2,1,1,1,1,1,2,1,1,1,1,1,1,2,1,1,1,1,1,1,1,1,1,1,2,1,1,1,1,1,1,2,2,46,47,39,43,3,"2,53846153846154",3,1,1,5,7,10,109,94,1,1,12999,94,2020,"9,1","1,3",1735,1555, ,200,7666, ,156,2000, ,"2197,8021978022","1714,28571428571", , ,2000, ,2000,"-642,802197802198","5951,71428571429",0, , ,2,2,2,2,2,2,1,2,2,2,2,2,2,2,,46
3446,1,6,9,"5,2",3,11,16000,5700, ,1,5700, ,1,1800, ,2,2,2, ,15,6, , , ,3, , ,2,1980,    6942,6, ,1,1,1,2,1,1,1,1,1,1,1,1, ,4, ,3500,170,3, ,1,1,1800, , , , , , , ,1,9000, ,1,9000, , , , , , , ,1,2,1,1,1,1,3,2,1,2,1,2,1,2,1,1,1,1,1,2,1,1,1,1,1,2,1,1,1,1,0,1,1,1,1,1,1,2,1,1,1,1,1,2,1,1,1,1,0,1,1,1,1,1,0,1,1,1,1,1,1,1,1,2,1,1,0,1,1,1,1,1,0,1,1,1,1,1,1,2,1,1,1,1, , , , , , , , , , , , , , , , , , , , , , , , , , , , , , , , , , , , , , , , , , , , , , , , , , , , , , , , ,2,2,2, , ,7,2,2,1,1,1,1,1,1,1,1,1,1,1,1,1,1,1,2,2,1,1,1,1,1,1,1,2,1,1,1,1,1,1,1,1,1,1,1,1,2,2,1,1,1,1,1,1,1,1,1,1,1,2,22,2,70,43,"3,6","3,61538461538462",4,5,5,2,3,69,694,170,3,1,3500,"56,6666666666667",2009,"43,01","5,2",16000,5700,5700, , , , ,1800, ,5700, , , ,1800, ,1800,0, ,0, , ,2,2,2,2,1,2,2,1,1,2,1,1,2,2,,1
3492,1,3,3,"3,6",3,8,20000,3000,4000,1,3000, ,1,1000, ,2,1,3, ,15,12, , , ,3,4, ,1,1970,   34233,7, ,1,1,1,1,1,1,1,1,2,1,1,1, ,6, ,4200,140,4, ,0,2, ,1400, , , ,1,1000, , , , ,1,0, , , , , , , ,3,2,1,2,1,2,3,2,1,2,1,2,3,2,1,2,1,2,3,2,1,2,1,2,1,2,1,1,1,1,3,2,1,2,1,2,1,2,1,1,1,1,3,2,1,2,1,2,0,1,1,1,1,1,0,1,1,1,1,1,1,1,1,2,1,1,0,1,1,1,1,1,0,1,1,1,1,1,0,1,1,1,1,1, , , , , , , , , , , , , , , , , , , , , , , , , , , , , , , , , , , , , , , , , , , , , , , , , , , , , , , , ,3, ,2, , ,7,3,2,1,1,1,1,1,1,1,1,1,1,1,2,1,2,1,1,1,1,1,1,1,1,1,1,2,1,1,1,1,1,1,1,1,1,1,1,2,1,2,1,1,1,1,1,1,1,1,1,1,1,1,22,46,30,53,"4,4","4,46153846153846","3,5",6,3,5,7,34,342,140,4, ,4200,35,2006,"51,8","3,6",20000,3000,3000, ,4000,4000, ,1000, ,3000,4000, , ,1000, ,1000,0,0,0, , ,2,2,2,2,2,2,2,1,1,2,1,1,1,2,,45
3494,1,7,8,"1,44",3,22,22000,1755, ,1,621, ,2, ,414,1,2,1,5,4,13,"17,4",12,22000,2, ,1,2,1985,   35390,7, ,1,1,1,1,1,1,1,2,1,1,1,1, ,4, ,3400,290,5, ,3,2, ,1244, , , , , , ,2, ,112,2, ,355, , , , , , ,1,2,1,1,1,1,1,2,1,1,1,1,1,2,1,1,1,1,1,2,1,1,1,1,1,2,1,1,1,1,1,2,1,1,1,1,1,2,1,1,1,1,1,2,1,1,1,1,1,2,1,1,1,1,1,2,1,1,1,1,1,2,1,1,1,1,1,2,1,1,1,1,1,2,1,1,1,1,1,2,1,1,1,1, , , , , , , , , , , , , , , , , , , , , , , , , , , , , , , , , , , , , , , , , , , , , , , , , , , , , , , , ,2,1,1, , ,9,3,3,2,2,2,1,1,1,1,1,1,1,1,1,1,1,1,1,1,1,1,1,1,1,1,1,3,2,2,2,1,1,1,1,1,1,1,1,1,1,1,1,1,1,1,1,1,1,1,1,1,5,3,112,48,0,38,"3,2","3,30769230769231",5,6,1,4,6,35,353,290,5,3,3400,58,2020,"9,1","1,44",22000,1755,621, , , , , ,414,621, , , ,"894,748216987249", ,"894,748216987249",1134, ,0, , ,2,2,2,2,2,2,2,2,2,2,2,2,2,2,,47
3507,1,8,11,"1,23",3,24,12999,6980, ,2, ,200,2, ,379,1,2,2,4,4,2,"7,9",14,2987,2, ,1,2,2000,   12619,3, ,1,1,1,2,1,1,1,1,1,1,1,1, ,4, ,79000,120,3, ,1,2, ,678, , , , , , ,2, ,100,2, ,245, , , , , , ,1,2,1,1,1,1,1,2,1,1,1,1,1,2,1,1,1,1,1,2,1,1,1,1,1,2,1,1,1,1,1,2,1,1,1,1,1,2,1,1,1,1,1,1,2,1,1,1,1,1,2,1,1,1,1,1,1,1,2,1,1,1,2,1,1,1,1,1,1,1,1,2,1,1,1,1,2,1,1,2,1,1,1,1, , , , , , , , , , , , , , , , , , , , , , , , , , , , , , , , , , , , , , , , , , , , , , , , , , , , , , , , ,2,1,1, , ,5,2,9,2,2,2,2,1,1,1,1,1,2,2,2,2,2,1,1,1,1,1,1,1,1,1,1,4,1,2,1,1,1,1,2,1,2,1,1,1,1,1,1,1,1,1,1,1,1,2,1,1,4,3,56,5,100,23,"3,1",3,3,5,1,1,3,12,126,120,3,1,79000,40,2022,"7,23","1,23",12999,6980, ,200, , , , ,379,"2766,25172890733", , , ,"819,105251783013", ,"819,105251783013","4213,74827109267", ,0, , ,2,2,2,2,2,2,2,2,1,2,1,1,2,2,,4
3521,1,6,4,"27,8",4,14,20000,1824, ,2, , ,2, ,170,2,2,2, ,15,3, , , ,4, , ,2,1982,   24994,4, ,1,1,1,2,1,1,1,1,1,1,1,1, ,4, ,4700,720,4, ,1,1,1620, , , , , , , , , , ,1,1600, , , , , , , ,1,1,1,2,1,1,1,1,1,2,1,1,1,1,2,1,1,1,1,1,1,2,1,1,1,1,1,2,1,1,1,1,1,2,1,1,1,1,2,1,1,1,1,1,2,1,1,1,1,1,1,2,1,1,1,1,1,2,1,1,1,1,1,2,1,1,1,1,1,1,2,1,1,2,1,1,1,1,1,2,1,1,1,1, , , , , , , , , , , , , , , , , , , , , , , , , , , , , , , , , , , , , , , , , , , , , , , , , , , , , , , , ,3, ,-8, , ,6,3,12,2,2,2,2,2,1,1,1,1,1,1,1,1,1,1,1,1,2,2,2,2,2,2,2,11,2,2,2,2,2,2,2,1,1,1,1,1,1,1,1,1,1,1,1,1,2,2,2,2,4,2,56,36,10,41,"2,6","2,30769230769231",3,6,27,2,3,24,249,720,4,1,4700,180,2012,"20,09","27,8",20000,1824, , , , , , ,170, , , , ,"367,408688134861", ,"367,408688134861", , ,0, , ,2,2,2,2,2,2,2,2,2,2,1,2,2,2,,35
3545,1,8,8,20,3,24,25000,2000, ,1,10, ,1,100, ,1,2,2,10,10,5,30,14,9000,3, ,1,2,1977,   99084,7, ,1,1,1,1,1,1,1,1,2,1,1,1, ,4, ,11000,170,4, ,2,1,2500, , , , , , , ,1,100, ,1,100, , , , , , , ,1,2,1,1,1,1,1,2,1,1,1,1,1,2,1,1,1,1,1,2,1,1,1,1,1,2,1,1,1,1,1,2,1,1,1,1,1,2,1,1,1,1,1,2,1,1,1,1,1,2,1,1,1,1,1,2,1,1,1,1,1,2,1,1,1,1,1,2,1,1,1,1,1,1,1,1,2,1,1,1,1,1,2,1, , , , , , , , , , , , , , , , , , , , , , , , , , , , , , , , , , , , , , , , , , , , , , , , , , , , , , , , ,2,1,1, , ,7,23,2,2,2,1,1,1,1,1,1,1,1,1,1,1,1,1,1,1,1,1,1,1,1,1,1,2,2,2,1,1,1,1,1,1,1,1,1,1,1,1,1,1,1,1,1,1,1,1,1,1,1,2,80,21,10,46,"2,5","2,46153846153846",3,1,20,5,7,99,990,170,4,2,11000,"42,5",2022,"7,23",20,25000,2000,10, , , , ,100, ,10, , , ,100, ,100,1990, ,0, , ,2,2,2,2,2,2,2,2,2,2,2,1,1,2,,20
3557,1,3,3,"6,8",5,22,15000,5270,5870,1,670, ,1,3740, ,1,1,2,10,10,6,9,12,8000,3,5,1,1,1993,   41379,6, ,1,1,1,2,1,1,1,1,1,1,1,1, ,4, ,5000,200,4, ,0,1,7000, , , , ,1,3290, , , , ,1,0, , , , , , , ,1,2,1,1,1,1,1,2,1,1,1,1,1,2,1,1,1,1,1,2,1,1,1,1,1,2,1,1,1,1,1,2,1,1,1,1,1,2,1,1,1,1,1,2,1,1,1,1,1,2,1,1,1,1,0,1,1,1,1,1,1,1,1,2,1,1,1,2,1,1,1,1,0,1,1,1,1,1,0,1,1,1,1,1, , , , , , , , , , , , , , , , , , , , , , , , , , , , , , , , , , , , , , , , , , , , , , , , , , , , , , , , ,3, ,2, , ,4,4,4,1,1,1,1,1,1,1,1,1,1,1,1,1,2,2,2,2,1,1,1,1,1,1,1,4,1,1,1,1,1,1,1,1,1,1,1,1,1,2,2,2,2,1,1,1,1,1,1,1,1,",5",77,32,50,30,"3,4","3,30769230769231",4,7,6,2,3,41,413,200,4, ,5000,50,2020,"9,1","6,8",15000,5270,670, ,5870,860, ,3740, ,670,860, , ,3740, ,3740,4600,5010,0, , ,2,2,2,2,2,2,2,2,1,2,2,1,1,2,,31
3588,1,4,4,12,3,25,35000,0, ,1,0, ,1,"1,8", ,1,2,2,15,21,5,10,15,11000,3, ,1,2,1989,   67319,4, ,2,1,1,2,1,2,1,1,1,1,1,1, ,4, ,3300,150,3, ,1,1,"1,8", , , , , , , , , , ,1,0, , , , , , , ,1,2,1,1,1,1,1,2,1,1,1,1,1,2,1,1,1,1,1,2,1,1,1,1,1,2,1,1,1,1,1,2,1,1,1,1,1,2,1,1,1,1,1,2,1,1,1,1,1,2,1,1,1,1,1,2,1,1,1,1,1,1,1,2,1,1,1,1,1,2,1,1,1,1,1,2,1,1,1,1,1,2,1,1, , , , , , , , , , , , , , , , , , , , , , , , , , , , , , , , , , , , , , , , , , , , , , , , , , , , , , , , ,3, ,2, , ,7,3,11,2,2,2,2,2,2,2,1,1,1,1,1,1,1,1,1,1,1,1,1,2,2,2,2,13,2,2,2,2,2,2,2,1,1,1,1,1,1,2,2,1,1,1,1,1,2,2,2,2,3,5,45,45,45,34,"1,2","1,30769230769231","1,5",6,12,2,6,67,673,150,3,1,3300,50,2023,"8,2",12,35000,0,0, , , , ,"1,8", ,0, , , ,"1,8", ,"1,8",0, ,0, , ,2,2,2,2,2,2,2,2,2,2,2,2,2,2,,44
3619,1,8,10,"5,6",3,15,37000,5000,7000,1,5000, ,1,1000, ,2,1,1, ,14,8, , , ,3,3, ,2,1994,   93329,6, ,1,1,1,1,1,1,1,2,1,1,1,1, ,4, ,3500,125,3, ,0,1,3500, , , , ,1,0, , , , ,1,1000, , , , , , , ,1,2,1,1,1,1,1,2,1,1,1,1,1,2,1,1,1,1,1,2,1,1,1,1,1,2,1,1,1,1,1,2,1,1,1,1,1,2,1,1,1,1,1,1,1,1,1,2,1,2,1,1,1,1,1,1,1,1,2,1,1,1,1,2,1,1,1,2,1,1,1,1,1,1,1,1,2,1,1,1,1,2,1,1, , , , , , , , , , , , , , , , , , , , , , , , , , , , , , , , , , , , , , , , , , , , , , , , , , , , , , , , ,3, ,2, , ,6,5,2,1,1,1,1,1,1,1,1,1,1,1,1,1,1,1,1,1,1,1,1,1,2,1,2,2,1,1,1,1,1,1,1,1,1,1,1,1,1,1,2,1,2,1,1,1,1,1,1,1,"1,5",2,1000,56,55,29,"3,2","3,15384615384615","2,5",8,5,4,6,93,933,125,3, ,3500,"41,6666666666667",2013,"15,29","5,6",37000,5000,5000, ,7000,7000, ,1000, ,5000,7000, , ,1000, ,1000,0,0,0, , ,2,2,2,2,2,2,1,2,1,2,2,1,2,2,,55
3625,1,8,10,10,4,24,15000,9000,1000,1,1500, ,1,500, ,1,1,3,10,10,6,10,14,5000,4,5,1,2,1981,    6642,7, ,1,1,1,1,1,1,1,1,2,1,1,1, ,4, ,80000,120,3, ,1,1,1500, , , , ,1,1500, ,1,500, ,1,500, , , , ,1,1000, ,1,1,2,1,1,1,1,2,1,1,1,1,1,1,2,1,1,1,1,1,1,2,1,1,1,1,1,2,1,1,1,1,2,1,1,1,1,2,1,1,1,1,1,1,2,1,1,1,1,1,2,1,1,1,1,1,1,2,1,1,1,1,2,1,1,1,1,1,1,1,2,1,1,1,1,1,2,1,1,1,1,1,1,2, , , , , , , , , , , , , , , , , , , , , , , , , , , , , , , , , , , , , , , , , , , , , , , , , , , , , , , , ,2,1,1, ,1,9,4,2,1,1,1,1,1,1,1,1,1,2,1,1,1,1,1,2,1,1,1,1,1,1,1,1,2,1,1,1,1,1,1,1,1,2,1,1,1,1,1,1,2,1,1,1,1,1,1,1,1,2,5,20,85,50,42,3,"2,92307692307692",3,7,10,5,7,66,664,120,3,1,80000,40,2022,"7,23",10,15000,9000,1500, ,1000,2000, ,500, ,1500,2000, , ,500, ,500,7500,-1000,0, , ,2,2,2,2,2,2,2,2,2,2,1,1,1,2,,84
3628,1,8,7,12,3,23,35000,14, ,1,245, ,2, ,3464,1,2,1,6,5,1,16,13,5600,3, ,2,2,2001,   63814,7, ,1,1,1,1,1,1,1,1,2,1,1,1, ,6, ,7640,187,4, ,2,1,32784, , , , , , , ,1,37532, ,1,23723, , , , , , , ,1,2,1,1,1,1,1,2,1,1,1,1,1,2,1,1,1,1,1,2,1,1,1,1,1,2,1,1,1,1,1,2,1,1,1,1,1,2,1,1,1,1,1,2,1,1,1,1,1,1,2,1,1,1,1,1,1,2,1,1,1,1,1,2,1,1,1,2,1,1,1,1,1,1,1,1,2,1,1,1,1,1,2,1, , , , , , , , , , , , , , , , , , , , , , , , , , , , , , , , , , , , , , , , , , , , , , , , , , , , , , , , ,2,-8,1, , ,10,2,3,1,1,1,1,1,1,1,1,1,1,1,1,2,2,2,1,1,1,1,1,1,1,1,1,3,1,1,1,1,1,1,1,1,1,1,1,1,2,2,2,1,1,1,1,1,1,1,1,1,2,1,10,54,15,22,"2,9","2,92307692307692","2,5",5,12,5,7,63,638,187,4,2,7640,"46,75",2021,"7,53",12,35000,14,245, , , , , ,3464,245, , , ,"7486,4923276421", ,"7486,4923276421",-231, ,0, , ,2,2,2,2,2,2,2,2,2,2,2,1,1,2,,53
3637,1,4,3, ,4,25,650,666, ,1,120, ,1,3500, ,2,2,3, ,7,3, , , ,4, , ,2,1980,   26759,6, ,1,1,1,2,1,1,1,1,1,1,1,1, ,4, ,4000,150,4, ,2,1,5500, , , , , , , , , , ,1,5500, , , , , , , ,1,2,1,1,1,1,1,2,1,1,1,1,1,2,1,1,1,1,1,2,1,1,1,1,0,1,1,1,1,1,1,2,1,1,1,1,1,1,1,1,1,2,1,2,1,1,1,1,1,2,1,1,1,1,1,1,1,2,1,1,1,2,1,1,1,1,1,1,1,1,2,1,1,1,1,1,2,1,1,1,1,1,2,1, , , , , , , , , , , , , , , , , , , , , , , , , , , , , , , , , , , , , , , , , , , , , , , , , , , , , , , , ,3, ,-8, , ,6,5,1,1,1,1,1,1,1,1,1,1,1,1,1,1,1,1,2,1,1,1,1,1,1,1,1,1,1,1,1,1,1,1,1,1,1,1,1,1,1,1,1,2,1,1,1,1,1,1,1,1,1,1,50,78,15,43,"3,2","2,84615384615385","1,5",8, ,2,3,26,267,150,4,2,4000,"37,5",2023,"8,2", ,650,666,120, , , , ,3500, ,120, , , ,3500, ,3500,546, ,0, , ,2,2,2,1,2,1,2,2,2,2,1,1,1,2,,77
3734,1,3,1,10,3,25,18000,7060, ,1,4630, ,1,1350, ,1,2,2,8,8,4,10,15,6000,3, ,1,1,1987,   91731,3, ,1,1,1,2,1,1,1,1,1,1,1,1, ,4, ,123,140,4, ,2,1,4600, , , , , , , , , , ,1,0, , , , , , , ,1,2,1,1,1,1,1,2,1,1,1,1,1,2,1,1,1,1,1,2,1,1,1,1,1,2,1,1,1,1,1,2,1,1,1,1,1,2,1,1,1,1,1,2,1,1,1,1,1,1,1,1,2,1,1,2,1,1,1,1,2,2,1,2,1,1,1,1,1,2,1,1,1,2,1,1,1,1,1,1,1,2,1,1, , , , , , , , , , , , , , , , , , , , , , , , , , , , , , , , , , , , , , , , , , , , , , , , , , , , , , , , ,3, ,2, , ,6,23,1,1,1,1,1,1,1,1,1,1,1,1,2,1,1,1,1,1,1,1,1,1,1,1,1,1,1,1,1,1,1,1,1,1,1,2,1,1,1,1,1,1,1,1,1,1,1,1,1,1,0,0,56,23,12,36,"2,9","2,92307692307692","2,5",1,10,1,3,91,917,140,4,2,123,35,2023,"8,2",10,18000,7060,4630, , , , ,1350, ,4630, , , ,1350, ,1350,2430, ,0, , ,2,2,2,2,2,2,2,1,2,2,2,2,2,2,,22
3751,1,2,2,"1,2",3,23,18500,2200, ,1,0, ,1,1100, ,2,2,2, ,20,8, , , ,2, , ,2,1959,   33102,7, ,1,1,1,1,1,1,1,1,2,1,1,1, ,-9, ,5250,165,4, ,0,1,3700, , , , , , , ,1,1500, ,1,1700, , , , , , , ,1,2,1,1,1,1,1,2,1,1,1,1,1,2,1,1,1,1,1,2,1,1,1,1,1,2,1,1,1,1,1,2,1,1,1,1,1,2,1,1,1,1,1,2,1,1,1,1,0,1,1,1,1,1,1,2,1,1,1,1,1,2,1,1,1,1,0,1,1,1,1,1,0,1,1,1,1,1,0,1,1,1,1,1, , , , , , , , , , , , , , , , , , , , , , , , , , , , , , , , , , , , , , , , , , , , , , , , , , , , , , , , ,2,2,2, , ,6,2,3,1,1,1,1,1,1,1,1,1,1,1,1,1,1,1,2,2,2,1,1,1,1,1,1,3,1,1,1,1,1,1,1,1,2,2,2,1,1,1,1,1,1,1,1,1,1,1,1,1,2,"2,3",70,1,0,64,"4,1","3,76923076923077",4,5,1,5,7,33,331,165,4, ,5250,"41,25",2021,"7,53","1,2",18500,2200,0, , , , ,1100, ,0, , , ,1100, ,1100,2200, ,0, , ,2,2,2,2,2,2,2,1,2,2,1,1,1,2,,0
3757,1,9,8,7,4,19,10800,7454, ,1,3877, ,1,2404, ,2,2,3, ,9,5, , , ,3, , ,2,1994,   24103,7, ,1,1,1,1,1,1,1,1,2,1,1,1, ,4, ,7412,119,1, ,0,1,1450, , , , , , , ,1,1300, ,1,4500, , , , , , , ,1,2,1,1,1,1,4,2,2,2,1,2,1,2,1,1,1,1,1,2,1,1,1,1,1,2,1,1,1,1,4,2,2,2,1,2,1,2,1,1,1,1,1,2,1,1,1,1,0,1,1,1,1,1,0,1,1,1,1,1,1,1,1,2,1,1,0,1,1,1,1,1,0,1,1,1,1,1,0,1,1,1,1,1, , , , , , , , , , , , , , , , , , , , , , , , , , , , , , , , , , , , , , , , , , , , , , , , , , , , , , , , ,2,1,2, , ,6,3,12,2,2,2,2,2,2,2,1,1,1,1,1,1,1,1,1,1,1,1,2,2,2,2,2,12,2,2,2,2,2,2,2,1,1,1,1,1,1,1,1,1,1,1,1,2,2,2,2,2,2,12,72,21,10,29,"4,4","4,38461538461539","3,5",6,7,5,7,24,241,119,1, ,7412,119,2017,"12,2",7,10800,7454,3877, , , , ,2404, ,3877, , , ,2404, ,2404,3577, ,0, , ,2,2,2,2,2,2,2,1,1,2,1,1,1,2,,20
3785,1,9,7,"2,5",5,22,560,5, ,1,33, ,1,22, ,1,2,1,2,5,4,"1,1",12,234,5, ,1,2,1999,   44803,7, ,1,1,1,1,1,1,1,1,2,1,1,1, ,4, ,4500,55,1, ,0,1,33, , , , , , , ,1,44, ,1,55, , , , , , , ,1,1,1,1,1,2,1,1,1,1,1,2,1,1,1,1,2,1,1,1,1,1,2,1,1,1,2,1,1,1,1,1,1,1,2,1,1,1,1,1,1,2,1,1,2,1,1,1,1,1,2,1,1,1,1,2,1,1,1,1,1,2,1,1,1,1,1,1,2,1,1,1,1,2,1,1,1,1,1,1,1,2,1,1, , , , , , , , , , , , , , , , , , , , , , , , , , , , , , , , , , , , , , , , , , , , , , , , , , , , , , , , ,2,1,1, , ,2,2,2,1,1,1,1,1,1,1,1,1,2,1,1,1,1,1,1,1,1,1,2,1,1,1,1,2,1,1,1,1,1,1,1,1,2,1,1,1,1,1,1,1,1,1,1,1,2,1,1,1,1,",8",33,62,23,24,"3,1","2,84615384615385",3,5,2,5,7,44,448,55,1, ,4500,55,2020,"9,1","2,5",560,5,33, , , , ,22, ,33, , , ,22, ,22,-28, ,0, , ,1,1,1,2,1,1,2,2,2,2,2,2,2,1,,61
3791,1,9,9, ,3,20,3000,700,1100,1,800, ,1,900, ,1,1,1,5,5,6, ,11,3000,4,4,1,2,1993,   80336,7, ,1,1,1,1,1,1,1,1,2,1,1,1, ,4, ,7800,110,5, ,3,1,700, , , , ,1,700, ,1,1200, ,1,1200, , , , ,1,1100, ,1,1,1,2,1,1,1,1,2,1,1,1,1,1,1,2,1,1,1,1,1,1,2,1,1,1,1,1,1,2,1,1,1,2,1,1,1,1,2,1,1,1,1,1,1,1,2,1,1,1,1,2,1,1,1,1,2,1,1,1,1,1,2,1,1,1,1,1,1,2,1,1,1,2,1,1,1,1,1,1,1,2,1,1, , , , , , , , , , , , , , , , , , , , , , , , , , , , , , , , , , , , , , , , , , , , , , , , , , , , , , , , ,2,1,1, ,1,3,2,4,1,1,1,1,1,1,1,2,2,1,1,1,1,1,1,1,1,2,1,2,1,1,1,1,3,1,1,1,1,1,1,1,1,2,1,1,1,1,1,1,1,2,1,1,2,1,1,1,1,2,2,73,35,13,30,"3,2","2,76923076923077","2,5",5, ,5,7,80,803,110,5,3,7800,22,2018,"12,05", ,3000,700,800, ,1100,980, ,900, ,800,980, , ,900, ,900,-100,120,0, , ,2,2,1,1,2,2,1,2,2,2,2,2,2,2,,34
3804,1,11,11,5,5,20,4500,4500,4300,2, ,300,2, , ,1,1,1,2,5,4,"2,5",12,1500,5,5,1,2,1986,   45138,7, ,1,1,1,1,1,1,1,1,2,1,1,1, ,4, ,13500,230,4, ,2,2, , , , , ,2, , ,2, , ,2, , , , , ,2, , ,1,2,1,1,1,1,1,1,2,1,1,1,1,2,1,1,1,1,1,1,2,1,1,1,1,2,1,1,1,1,1,1,2,1,1,1,1,2,1,1,1,1,1,1,2,1,1,1,1,2,1,1,1,1,1,1,2,1,1,1,1,2,1,1,1,1,1,1,2,1,1,1,1,2,1,1,1,1,1,1,2,1,1,1, , , , , , , , , , , , , , , , , , , , , , , , , , , , , , , , , , , , , , , , , , , , , , , , , , , , , , , , ,2,1,1, ,1,11,7,7,2,2,2,2,2,1,1,1,1,1,1,1,1,1,1,1,1,1,1,1,1,1,2,2,7,2,2,2,2,2,1,1,1,1,1,1,1,1,1,1,1,1,1,1,1,1,1,2,2,4,5,60,6,25,37,"3,8","3,30769230769231","3,5",10,5,5,7,45,451,230,4,2,13500,"57,5",2018,"12,05",5,4500,4500, ,300,4300, ,500, , ,"2489,6265560166","4149,377593361", , , , , ,"2010,3734439834","150,622406639004",0, , ,2,2,2,2,2,2,2,2,2,2,2,2,2,2,,5
3866,1,7,8,"4,5",4,22,27000,4000,3800,1,4000, ,1,500, ,1,1,2,8,8,6,2,12,8000,4,4,1,2,1982,   28309,7, ,1,1,1,1,1,1,1,1,2,1,1,1, ,4, ,3500,180,3, ,1,1,6000, , , , ,1,1000, ,1,500, ,1,6000, , , , ,1,800, ,1,1,1,1,1,2,1,1,1,2,1,1,1,1,1,1,1,2,1,1,1,1,1,2,1,1,1,2,1,1,1,2,1,1,1,1,1,2,1,1,1,1,1,2,1,1,1,1,1,2,1,1,1,1,1,1,1,2,1,1,1,1,1,2,1,1,1,1,1,1,1,2,0,1,1,1,1,1,0,1,1,1,1,1, , , , , , , , , , , , , , , , , , , , , , , , , , , , , , , , , , , , , , , , , , , , , , , , , , , , , , , , ,2,1,1, ,1,3,1,11,1,1,2,2,2,2,2,1,2,2,2,2,2,2,1,1,1,1,1,1,1,1,1,1,4,1,1,1,1,1,2,2,2,2,1,1,1,1,1,1,1,1,1,1,1,1,1,1,1,4,12,70,64,0,41,"2,7","2,76923076923077","3,5",4,4,5,7,28,283,180,3,1,3500,60,2020,"9,1","4,5",27000,4000,4000, ,3800,3800, ,500, ,4000,3800, , ,500, ,500,0,0,0, , ,2,1,1,2,2,2,2,2,2,2,1,1,1,1,,63
3867,1,-9,-9,8,4,22,20000,6500,5000,1,7000, ,1,500, ,1,1,2,10,10,6,"5,12",12,10000,5,5,1,2,1983,     172,4, ,1,1,1,2,1,1,1,1,1,1,1,1, ,4, ,1500,125,4, ,2,1,7500, , , , ,1,1000, ,1,2000, ,1,3000, , , , ,1,2500, ,1,1,2,1,1,1,1,2,1,1,1,1,1,1,2,1,1,1,1,2,1,1,1,1,1,2,1,1,1,1,1,1,2,1,1,1,1,2,1,1,1,1,1,2,1,1,1,1,1,2,1,1,1,1,1,2,1,1,1,1,1,2,1,1,1,1,1,2,1,1,1,1,1,2,1,1,1,1,1,2,1,1,1,1, , , , , , , , , , , , , , , , , , , , , , , , , , , , , , , , , , , , , , , , , , , , , , , , , , , , , , , , ,2,1,1, ,1,8,5,2,1,1,1,1,1,1,1,1,1,2,1,1,1,1,1,1,1,1,2,1,1,1,1,1,2,1,1,1,1,1,1,1,2,1,1,1,1,1,1,1,1,1,1,1,1,2,1,1,1,2,2,4000,76,50,40,"2,7","2,61538461538462","2,5",8,8,2,3,17,172,125,4,2,1500,"31,25",2020,"9,1",8,20000,6500,7000, ,5000,4000, ,500, ,7000,4000, , ,500, ,500,-500,1000,0, , ,2,2,2,2,2,2,2,2,2,2,2,2,2,2,,75
3878,1,4,6,15,4,24,10000,10, ,1,7, ,1,1000, ,2,2,3, ,9,4, , , ,4, , ,2,1980,   46482,7,Universität,1,1,1,1,1,1,1,1,2,1,1,1, ,4, ,4000,140,3, ,1,1,3800, , , , , , , ,1,500, ,1,1500, , , , , , , ,1,2,1,1,1,1,1,2,1,1,1,1,1,2,1,1,1,1,1,2,1,1,1,1,1,2,1,1,1,1,1,1,1,2,1,1,1,2,1,1,1,1,1,2,1,1,1,1,0,1,1,1,1,1,0,1,1,1,1,1,1,1,1,2,1,1,0,1,1,1,1,1,0,1,1,1,1,1,0,1,1,1,1,1, , , , , , , , , , , , , , , , , , , , , , , , , , , , , , , , , , , , , , , , , , , , , , , , , , , , , , , , ,2,1,1, , ,6,1,3,1,1,1,1,1,1,1,1,1,1,1,1,1,2,2,2,1,1,1,1,1,1,1,1,5,1,1,1,1,1,1,1,1,1,1,1,1,1,2,2,2,2,2,1,1,1,1,1,1,",5",",5",77,1,200,43,"4,7","4,76923076923077",5,4,15,5,7,46,464,140,3,1,4000,"46,6666666666667",2022,"7,23",15,10000,10,7, , , , ,1000, ,7, , , ,1000, ,1000,3, ,0, , ,2,2,2,2,2,2,2,1,1,2,1,1,1,2,,0
4019,1,6,6,",18",5,19,350,120,90,1,0, ,1,1450, ,1,1,3,3,5,2,",45",13,160,5,5,1,2,1965,   15517,5, ,1,1,1,1,1,1,1,1,2,1,1,1, ,4, ,1750,63,1, ,0,1,1750, , , , ,1,1560, , , , ,1,0, , , , , , , ,1,2,1,1,1,1,1,2,1,1,1,1,0,1,1,1,1,1,1,1,1,2,1,1,0,1,1,1,1,1,1,2,1,1,1,1,1,2,1,1,1,1,1,2,1,1,1,1,0,1,1,1,1,1,0,1,1,1,1,1,1,1,1,2,1,1,0,1,1,1,1,1,0,1,1,1,1,1,0,1,1,1,1,1, , , , , , , , , , , , , , , , , , , , , , , , , , , , , , , , , , , , , , , , , , , , , , , , , , , , , , , , ,3, ,2, , ,6,23,2,1,1,1,1,1,1,1,1,1,1,1,1,1,1,1,1,2,2,1,1,1,1,1,1,3,1,1,1,1,1,1,1,1,1,1,1,1,1,1,1,2,2,2,1,1,1,1,1,1,2,1,35,3,0,58,"4,8","4,84615384615385",5,1,0,5,7,15,155,63,1, ,1750,63,2017,"12,2",",18",350,120,0, ,90,0, ,1450, ,0,0, , ,1450, ,1450,120,90,0, , ,2,1,2,1,2,2,2,1,1,2,1,1,1,2,,2
4049,1,6,5,7,3,25,25000,5, ,1,3, ,1,2000, ,1,2,3,5,10,1,10,15,5000,3, ,1,2,1977,   26802,4, ,1,1,1,2,1,1,1,1,1,1,1,1, ,4, ,4000,140,4, ,2,1,4100, , , , , , , , , , ,1,20000, , , , , , , ,1,2,1,1,1,1,1,2,1,1,1,1,1,2,1,1,1,1,1,2,1,1,1,1,1,2,1,1,1,1,1,2,1,1,1,1,1,2,1,1,1,1,1,2,1,1,1,1,1,2,1,1,1,1,1,1,1,1,2,1,1,1,1,2,1,1,1,1,1,1,2,1,1,1,1,1,2,1,1,1,1,1,2,1, , , , , , , , , , , , , , , , , , , , , , , , , , , , , , , , , , , , , , , , , , , , , , , , , , , , , , , , ,3, ,2, , ,9,4,3,1,1,1,1,1,1,1,1,1,1,1,1,1,2,1,1,1,2,1,2,1,1,1,1,2,1,1,1,1,1,1,1,1,1,1,1,1,1,2,1,1,2,1,1,1,1,1,1,1,3,5,14,15,15,46,"2,8","2,76923076923077","2,5",7,7,2,3,26,268,140,4,2,4000,35,2023,"8,2",7,25000,5,3, , , , ,2000, ,3, , , ,2000, ,2000,2, ,0, , ,2,2,2,2,2,2,2,2,1,2,1,1,1,2,,14
4067,1,6,8,",8",4,25,400,500,0,1,0, ,1,3000, ,2,1,2, ,5,2, , , ,4,4, ,2,1973,   58089,6, ,2,1,1,1,1,1,2,1,2,1,1,1, ,5, ,6800,360,4, ,1,1,3500, , , , ,1,4000, , , , ,1,0, , , , , , , ,2,1,1,2,1,2,1,2,1,1,1,1,2,1,2,1,1,2,1,2,1,1,1,1,1,2,1,1,1,1,1,2,1,1,1,1,1,2,1,1,1,1,1,2,1,1,1,1,0,1,1,1,1,1,1,1,1,2,1,1,1,1,2,1,1,1,1,2,1,1,1,1,1,2,1,1,1,1,1,2,1,1,1,1, , , , , , , , , , , , , , , , , , , , , , , , , , , , , , , , , , , , , , , , , , , , , , , , , , , , , , , , ,3, ,2, , ,7,2,7,1,1,1,1,1,1,1,1,1,1,1,2,2,2,1,2,2,1,1,2,2,1,1,1,3,1,1,1,1,1,1,1,1,2,2,2,1,1,1,1,1,1,1,1,1,1,1,1,1,3,0,60,21,100,50,4,"3,84615384615385",5,5,0,5,7,58,580,360,4,1,6800,90,2023,"8,2",",8",400,500,0, ,0,0, ,3000, ,0,0, , ,3000, ,3000,500,0,0, , ,2,2,2,2,2,2,2,1,2,2,2,2,2,2,,20
4082,1,5,8,"11,2",5,25,17000,5300, ,1,2770, ,1,3470, ,2,2,3, ,12,12, , , ,4, , ,2,1988,   65597,7, ,3,1,1,2,1,1,1,2,2,1,1,1, ,4, ,8000,160,4, ,2,1,5000, , , , , , , ,1,1000, ,1,2400, , , , , , , ,1,2,1,1,1,1,1,2,1,1,1,1,1,2,1,1,1,1,1,2,1,1,1,1,1,2,1,1,1,1,1,2,1,1,1,1,1,2,1,1,1,1,1,2,1,1,1,1,0,1,1,1,1,1,0,1,1,1,1,1,1,1,1,2,1,1,1,1,1,1,2,1,0,1,1,1,1,1,1,2,1,1,1,1, , , , , , , , , , , , , , , , , , , , , , , , , , , , , , , , , , , , , , , , , , , , , , , , , , , , , , , , ,2,1,2, , ,4,1,4,1,2,2,2,2,1,1,1,1,1,1,1,1,1,1,1,1,1,1,1,1,1,1,1,4,1,2,2,2,2,1,1,1,1,1,1,1,1,1,1,1,1,1,1,1,1,1,1,1,",5",1,67,31,25,35,"4,4","4,53846153846154",5,4,11,5,7,65,655,160,4,2,8000,40,2023,"8,2","11,2",17000,5300,2770, , , , ,3470, ,2770, , , ,3470, ,3470,2530, ,0, , ,2,2,2,2,2,2,2,1,1,2,1,1,2,2,,30
4113,1,7,4,80,3,17,550,80, ,1,80, ,1,859, ,2,2,5, ,6,1, , , ,3, , ,2,1961,   23898,7, ,1,1,1,1,1,1,1,2,1,1,1,1, ,8, ,1100,90,1, ,0,1,930, , , , , , , , , , ,1,930, , , , , , , ,1,2,1,1,1,1,1,2,1,1,1,1,0,1,1,1,1,1,1,2,1,1,1,1,0,1,1,1,1,1,1,1,2,1,1,1,0,1,1,1,1,1,0,1,1,1,1,1,0,1,1,1,1,1,0,1,1,1,1,1,1,1,1,2,1,1,0,1,1,1,1,1,0,1,1,1,1,1,0,1,1,1,1,1, , , , , , , , , , , , , , , , , , , , , , , , , , , , , , , , , , , , , , , , , , , , , , , , , , , , , , , , ,3, ,2, , ,3,24,2,1,1,1,1,1,1,1,1,1,1,1,1,1,1,1,1,1,2,2,1,1,1,1,1,2,1,1,1,1,1,1,1,1,1,1,1,1,1,1,1,1,1,2,2,1,1,1,1,1,1,1,33,1,10,62,"4,2","4,15384615384615",5,2,80,4,6,23,238,90,1, ,1100,90,2015,"12,4",80,550,80,80, , , , ,859, ,80, , , ,859, ,859,0, ,0, , ,2,1,2,1,2,1,1,1,1,2,1,1,1,2,,0
4144,1,9,9,"5,7",5,21,15000,5433,5905,1,3210, ,1,783, ,1,1,3,10,10,4,"6,4",11,5000,1,5,1,1,1975,   91710,4, ,1,1,1,1,2,1,1,1,1,1,1,1, ,4, ,3000,100,2, ,0,2, ,1200, , , ,1,687, , , , ,1,0, , , , , , , ,1,1,2,1,1,1,1,2,1,1,1,1,1,1,1,2,1,1,1,2,1,1,1,1,1,2,1,1,1,1,1,2,1,1,1,1,1,1,1,2,1,1,1,2,1,1,1,1,1,2,1,1,1,1,1,2,1,1,1,1,1,2,1,1,1,1,1,2,1,1,1,1,1,2,1,1,1,1,1,2,1,1,1,1, , , , , , , , , , , , , , , , , , , , , , , , , , , , , , , , , , , , , , , , , , , , , , , , , , , , , , , , ,3, ,2, , ,6,23,1,1,1,1,1,1,1,1,1,1,1,1,1,1,1,1,1,1,1,1,1,1,1,1,2,1,1,1,1,1,1,1,1,1,1,1,1,1,1,1,1,1,1,1,1,1,1,1,1,2,0,0,0,-1,0,48,"2,5","2,23076923076923",2,1,5,2,4,91,917,100,2, ,3000,50,2019,"10,72","5,7",15000,5433,3210, ,5905,3571, ,783, ,3210,3571, , ,783, ,783,2223,2334,0, , ,2,2,2,2,2,2,2,2,2,2,2,2,2,2,,
4173,1,9,8,6,4,16,25000,6000, ,1,2000, ,-9, , ,2,2,3, ,15,12, , , ,4, , ,1,1974,   94330,7, ,1,1,1,1,1,1,1,2,1,1,1,1, ,4, ,8500,140,4, ,2,-9, , , , , , , , , , , ,-9, , , , , , , , ,1,1,1,2,1,1,1,1,1,2,1,1,1,1,1,2,1,1,1,1,1,2,1,1,1,2,1,1,1,1,1,1,1,2,1,1,1,2,1,1,1,1,1,2,1,1,1,1,1,1,1,1,1,2,1,1,1,2,1,1,1,1,1,2,1,1,0,1,1,1,1,1,0,1,1,1,1,1,0,1,1,1,1,1, , , , , , , , , , , , , , , , , , , , , , , , , , , , , , , , , , , , , , , , , , , , , , , , , , , , , , , , ,3, ,2, , ,7,4,12,2,2,2,2,2,2,1,1,1,1,1,1,1,1,1,1,1,1,2,2,2,2,2,2,10,2,2,2,2,2,1,1,1,1,1,1,1,1,1,1,1,1,1,1,2,2,2,2,2,2,4, ,29, ,49,"3,8","3,76923076923077",3,7,6,4,6,94,943,140,4,2,8500,35,2014,"13,02",6,25000,6000,2000, , , , , , ,2000, , , , , , ,4000, ,0, , ,2,2,2,2,2,2,2,1,2,2,1,1,1,2,,28
4208,1,7,7,"4,68",4,25,13000,2293,0,1,858, ,1,3402, ,2,1,3, ,14,6, , , ,4,4, ,2,1983,   28844,7, ,1,1,1,1,1,1,1,1,2,1,1,1, ,4, ,5100,132,3, ,1,1,2601, , , , ,1,2601, , , , ,1,0, , , , , , , ,1,2,1,1,1,1,1,2,1,1,1,1,1,2,1,1,1,1,1,2,1,1,1,1,0,1,1,1,1,1,1,2,1,1,1,1,1,2,1,1,1,1,1,2,1,1,1,1,0,1,1,1,1,1,0,1,1,1,1,1,1,2,1,1,1,1,0,1,1,1,1,1,0,1,1,1,1,1,0,1,1,1,1,1, , , , , , , , , , , , , , , , , , , , , , , , , , , , , , , , , , , , , , , , , , , , , , , , , , , , , , , , ,3, ,2, , ,7,3,2,1,1,1,1,1,1,1,1,2,1,1,1,1,1,1,1,2,1,1,1,1,1,1,1,2,1,1,1,1,1,1,1,2,1,1,1,1,1,1,1,1,1,2,1,1,1,1,1,1,1,2,57,26,50,40,"4,2","4,07692307692308","4,5",6,4,5,7,28,288,132,3,1,5100,44,2023,"8,2","4,68",13000,2293,858, ,0,0, ,3402, ,858,0, , ,3402, ,3402,1435,0,0, , ,2,2,2,1,2,2,2,1,1,2,1,1,1,2,,25
4250,1,10,8, ,4,22,23000,1600, ,2, ,300,2, ,1500,2,2,2, ,5,21, , , ,2, , ,2,1990,   74321,4, ,1,1,1,1,1,1,1,1,1,1,2,1, ,4, , ,220,4, ,2,2, ,1200, , , , , , ,2, ,1500,-9, , , , , , , , ,1,1,2,1,1,1,1,1,1,1,2,1,1,1,1,2,1,1,1,1,2,1,1,1,1,1,2,1,1,1,1,1,1,1,1,2,1,2,1,1,1,1,1,1,2,1,1,1,1,1,1,1,2,1,1,1,1,1,1,2,1,1,2,1,1,1,1,1,2,1,1,1,1,1,2,1,1,1,1,1,2,1,1,1, , , , , , , , , , , , , , , , , , , , , , , , , , , , , , , , , , , , , , , , , , , , , , , , , , , , , , , , ,2,1,1, , ,8,4,2,1,1,1,1,1,1,1,1,2,1,1,1,1,1,1,1,1,2,1,1,1,1,1,1,2,1,1,1,1,1,1,1,1,2,1,1,1,1,1,1,1,1,1,2,1,1,1,1,1,2,2, ,75, ,33,"2,7","2,46153846153846",3,7, ,2,2,74,743,220,4,2, ,55,2020,"9,1", ,23000,1600, ,300, , , , ,1500,"3296,7032967033", , , ,"3241,84136589583", ,"3241,84136589583","-1696,7032967033", ,0, , ,1,2,2,2,1,2,2,1,1,2,2,2,2,2,,74
4253,1,9,9,10,4,24,25000,10000, ,1,2000, ,1,0, ,1,2,3,10,15,1,5,14,1500,3, ,1,2,1976,   60322,7, ,1,1,1,1,1,1,1,1,2,1,1,1, ,4, ,20000,220,4, ,2,1,8000, , , , , , , ,1,0, ,1,0, , , , , , , ,1,2,1,1,1,1,1,2,1,1,1,1,1,2,1,1,1,1,1,2,1,1,1,1,0,1,1,1,1,1,1,2,1,1,1,1,1,2,1,1,1,1,1,2,1,1,1,1,0,1,1,1,1,1,1,2,1,1,1,1,1,2,1,1,1,1,0,1,1,1,1,1,0,1,1,1,1,1,0,1,1,1,1,1, , , , , , , , , , , , , , , , , , , , , , , , , , , , , , , , , , , , , , , , , , , , , , , , , , , , , , , , ,2,1,1, , ,6,1,11,2,2,2,2,2,2,1,1,1,1,1,1,1,1,1,1,1,1,1,2,2,2,2,2,10,2,2,2,2,2,2,1,1,1,1,1,1,1,1,1,1,1,1,1,1,2,2,2,2,1,1,92,101,20,47,"4,1","4,30769230769231",5,4,10,5,7,60,603,220,4,2,20000,55,2022,"7,23",10,25000,10000,2000, , , , ,0, ,2000, , , ,0, ,0,8000, ,0, , ,2,2,2,1,2,2,2,1,2,2,1,1,1,2,,100
4265,1,11,10, ,5,24,3333, , ,2, ,555,2, ,555,1,1,1,2,2,3, ,14,2222,5,5,1,2,1994,   93047,3, ,1,1,2,1,1,1,1,1,1,1,1,1, ,4, ,99999,166,1, ,0,2, ,666, , , ,2, ,888,2, ,888,2, ,666, , , ,2, ,888,1,2,1,1,1,1,1,1,2,1,1,1,1,2,1,1,1,1,1,2,1,1,1,1,1,2,1,1,1,1,1,2,1,1,1,1,1,1,2,1,1,1,2,2,2,1,1,1,2,2,2,1,1,1,1,1,2,1,1,1,1,2,1,1,1,1,1,2,1,1,1,1,1,1,2,1,1,1,1,1,2,1,1,1, , , , , , , , , , , , , , , , , , , , , , , , , , , , , , , , , , , , , , , , , , , , , , , , , , , , , , , , ,2,1,1, ,1,10,24,5,1,1,1,1,2,1,1,1,1,1,2,1,1,1,1,1,2,1,1,1,2,1,2,1,7,1,1,1,1,1,2,1,1,2,1,1,2,1,2,1,1,2,1,1,1,2,1,1,2, ,22, ,97,77,29,"2,8","2,53846153846154","3,5",2, ,1,2,93,930,166,1, ,99999,166,2022,"7,23", ,3333, , ,555, , ,777, ,555,"7676,34854771784","10746,887966805", , ,"1199,48130538146", ,"1199,48130538146", , ,0, , ,2,2,2,2,2,2,2,2,2,2,2,2,2,2,,96
4346,1,8,8,800,3,25,350,0, ,1,0, ,1,2100, ,2,2,3, ,1,12, , , ,3, , ,2,1985,   64521,4, ,1,1,1,2,1,1,1,1,1,1,1,1, ,4, ,2500,75,1, ,0,1,0, , , , , , , , , , ,1,12000, , , , , , , ,1,2,1,1,1,1,1,2,1,1,1,1,1,2,1,1,1,1,1,2,1,1,1,1,1,1,1,1,2,1,1,2,1,1,1,1,1,2,1,1,1,1,1,1,1,1,2,1,1,2,1,1,1,1,1,2,1,1,1,1,1,1,1,2,1,1,1,1,1,2,1,1,0,1,1,1,1,1,0,1,1,1,1,1, , , , , , , , , , , , , , , , , , , , , , , , , , , , , , , , , , , , , , , , , , , , , , , , , , , , , , , , ,3, ,2, , ,6,23,2,1,1,1,1,1,1,1,2,1,1,1,1,1,1,1,1,1,1,1,1,2,1,1,1,2,1,1,1,1,1,1,2,1,1,1,1,1,1,1,1,1,1,2,1,1,1,1,1,1,1,5, ,21,20,38,"3,5","3,15384615384615","2,5",1,800,2,3,64,645,75,1, ,2500,75,2023,"8,2",",8",350,0,0, , , , ,2100, ,0, , , ,2100, ,2100,0, ,0, , ,2,2,2,1,2,2,1,2,2,2,2,1,1,2,,20
4359,1,3,5,10,3,23,22000,7600, ,2, ,",07",1,1800, ,1,2,3,8,10,7,12,7,3500,3, ,1,2,1975,     778,4, ,1,1,1,1,2,1,1,1,1,1,1,1, ,4, ,4000,168,5, ,3,1,3800, , , , , , , ,1,800, ,1,2500, , , , , , , ,1,2,1,1,1,1,1,2,1,1,1,1,1,2,1,1,1,1,1,2,1,1,1,1,1,2,1,1,1,1,1,2,1,1,1,1,1,2,1,1,1,1,1,2,1,1,1,1,1,2,1,1,1,1,1,2,1,1,1,1,1,1,2,1,1,1,0,1,1,1,1,1,0,1,1,1,1,1,0,1,1,1,1,1, , , , , , , , , , , , , , , , , , , , , , , , , , , , , , , , , , , , , , , , , , , , , , , , , , , , , , , , ,2,1,1, , ,7,1,3,1,1,1,1,1,1,1,1,1,1,1,1,1,2,2,2,1,1,1,1,1,1,1,1,4,1,1,1,1,1,1,1,1,1,2,2,2,2,1,1,1,1,1,1,1,1,1,1,1,2,2,10,43,10,48,"2,9","2,84615384615385","3,5",4,10,2,4,77,778,168,5,3,4000,"33,6",2021,"7,53",10,22000,7600, , , , , ,1800, , , , , ,1800, ,1800, , ,0, , ,2,2,2,2,2,2,2,2,2,2,1,1,1,2,,42
4400,1,9,8, ,4,21,5000,1400,1600,1,1500, ,1,1200, ,1,1,3,3,3,3,"1,9",11,1000,4,4,1,2,2003,   92729,4, ,1,1,1,2,1,1,1,1,1,1,1,1, ,4, ,2400,70,3, ,1,1,2000, , , , ,1,2100, ,1,1200, ,1,1200, , , , ,1,2300, ,1,2,1,1,1,1,1,2,1,1,1,1,1,2,1,1,1,1,1,2,1,1,1,1,1,2,1,1,1,1,1,1,2,1,1,1,1,1,2,1,1,1,1,2,1,1,1,1,1,1,2,1,1,1,1,2,1,1,1,1,1,2,1,1,1,1,1,2,1,1,1,1,0,1,1,1,1,1,0,1,1,1,1,1, , , , , , , , , , , , , , , , , , , , , , , , , , , , , , , , , , , , , , , , , , , , , , , , , , , , , , , , ,2,1,1, ,1,5,3,5,1,1,1,1,2,2,1,2,1,1,1,1,1,1,1,1,1,2,1,1,1,2,1,1,4,1,1,1,1,1,2,1,1,1,2,1,1,1,1,1,1,1,2,1,1,2,1,1,1,"1,2",1,60,58,3,20,"2,9","2,76923076923077","2,5",6, ,2,3,92,927,70,3,1,2400,"23,3333333333333",2019,"10,72", ,5000,1400,1500, ,1600,2000, ,1200, ,1500,2000, , ,1200, ,1200,-100,-400,0, , ,2,2,2,2,2,2,2,2,2,2,2,1,1,2,,57
4502,1,7,5, ,3,16, ,4002, ,2, ,604,1,2500, ,2,2,2, ,5,6, , , ,2, , ,1,1971,   45701,10, ,1,1,1,2,1,1,1,1,1,1,1,1, ,8, ,2100,140,3, ,0,2, ,4500, , , , , , , , , ,1,3500, , , , , , , ,1,1,1,2,1,1,1,1,1,2,1,1,1,1,1,2,1,1,1,1,1,2,1,1,1,1,1,1,2,1,1,1,2,1,1,1,1,1,1,2,1,1,1,2,1,1,1,1,1,1,1,1,2,1,1,1,1,1,1,2,1,1,1,2,1,1,1,2,1,1,1,1,1,1,1,1,1,2,1,1,1,1,1,2, , , , , , , , , , , , , , , , , , , , , , , , , , , , , , , , , , , , , , , , , , , , , , , , , , , , , , , , ,3, ,-8, , ,7,24,2,1,1,1,1,1,1,2,1,1,1,1,1,2,1,1,1,1,1,1,1,1,1,1,1,2,1,1,1,1,1,1,1,1,2,1,1,1,1,2,1,1,1,1,1,1,1,1,1,1,2,6,45,35,20,52,"2,9","2,92307692307692",2,2, , ,3,45,457,140,3, ,2100,"46,6666666666667",2014,"13,02", , ,4002, ,604, , , ,2500, ,"4639,01689708141", , , ,2500, ,2500,"-637,016897081414", ,0, , ,2,2,2,1,2,2,2,1,1,2,2,1,1,2,,34
4551,1,4,8,"3,6",4,19,12500,3900, ,2, ,400,2, ,1800,1,2,3,14,14,6,3,9,5000,3, ,1,2,1985,   86462,7, ,2,1,1,1,1,1,2,1,2,1,1,1, ,5, ,5400,133,4, ,2,2, ,2000, , , , , , , , , ,2, ,0, , , , , , ,1,2,1,1,1,1,1,2,1,1,1,1,1,2,1,1,1,1,1,2,1,1,1,1,1,2,1,1,1,1,1,2,1,1,1,1,1,2,1,1,1,1,1,2,1,1,1,1,1,2,1,1,1,1,1,1,1,2,1,1,1,1,1,2,1,1,1,1,1,1,2,1,1,1,1,1,2,1,1,1,1,1,2,1, , , , , , , , , , , , , , , , , , , , , , , , , , , , , , , , , , , , , , , , , , , , , , , , , , , , , , , , ,3, ,2, , ,5,5,4,1,1,1,1,1,1,1,1,1,1,1,1,1,2,2,2,2,1,1,1,1,1,1,1,10,2,2,2,2,2,2,2,1,1,1,1,1,1,1,1,1,1,1,1,1,1,2,2,2,1,4,36,26,30,38,"4,4","4,38461538461539","4,5",8,3,5,7,86,864,133,4,2,5400,"33,25",2017,"12,2","3,6",12500,3900, ,400, , , , ,1800,"3278,68852459016", , , ,"3890,20963907499", ,"3890,20963907499","621,311475409836", ,0, , ,2,2,2,2,2,2,2,2,2,2,1,1,1,2,,25
4559,1,11,11,1000,5,23,2000,1500, ,1,2000, ,1,1000, ,1,2,2,3,4,4,2000,12,3000,5, ,1,2,1993,   54587,7, ,1,1,1,1,1,1,1,1,2,1,1,1, ,5, ,6000,150,4, ,2,1,1500, , , , , , , ,1,2000, ,1,1000, , , , , , , ,1,1,2,1,1,1,1,1,2,1,1,1,1,2,1,1,1,1,1,2,1,1,1,1,1,1,2,1,1,1,1,1,2,1,1,1,1,2,1,1,1,1,1,2,1,1,1,1,1,1,2,1,1,1,1,1,2,1,1,1,1,2,1,1,1,1,1,1,2,1,1,1,1,2,1,1,1,1,1,2,1,1,1,1, , , , , , , , , , , , , , , , , , , , , , , , , , , , , , , , , , , , , , , , , , , , , , , , , , , , , , , , ,2,1,1, , ,11,24,3,1,1,1,1,1,1,1,1,2,1,1,1,1,1,1,1,2,1,1,1,2,1,1,1,3,1,1,1,1,2,1,1,1,1,1,1,1,1,1,1,1,1,2,1,2,1,1,1,1,8,2,10000,101,10,30,3,"2,53846153846154",3,2,1000,5,7,54,545,150,4,2,6000,"37,5",2021,"7,53",1,2000,1500,2000, , , , ,1000, ,2000, , , ,1000, ,1000,-500, ,0, , ,2,2,2,2,2,2,2,2,2,2,2,2,2,2,,100
4564,1,7,3,0,5,25,5000,0, ,1,0, ,1,0, ,1,2,3,2,2,1,0,15,5000,1, ,2,1,1989,   53359,4, ,2,1,1,2,2,1,1,1,1,1,1,1, ,4, ,3500,140,4, ,2,1,0, , , , , , , , , , ,1,0, , , , , , , ,1,2,1,1,1,1,1,2,1,1,1,1,1,2,1,1,1,1,1,2,1,1,1,1,1,2,1,1,1,1,1,2,1,1,1,1,1,2,1,1,1,1,1,2,1,1,1,1,1,2,1,1,1,1,1,2,1,1,1,1,1,2,1,1,1,1,1,1,2,1,1,1,1,2,1,1,1,1,1,2,1,1,1,1, , , , , , , , , , , , , , , , , , , , , , , , , , , , , , , , , , , , , , , , , , , , , , , , , , , , , , , , ,3, ,1, , ,6,23,2,2,1,1,1,1,1,1,1,1,1,1,1,2,1,1,1,1,1,1,1,1,1,1,1,2,2,1,1,1,1,1,1,1,1,1,1,1,2,1,1,1,1,1,1,1,1,1,1,1,0,0,0,34,0,34,"3,1","2,84615384615385",3,1,0,2,4,53,533,140,4,2,3500,35,2023,"8,2",0,5000,0,0, , , , ,0, ,0, , , ,0, ,0,0, ,0, , ,2,2,2,2,2,2,2,2,2,2,2,2,2,2,,33
4743,1,2,2,"8,8",4,15,16000,9400,10200,1,8300, ,1,1600, ,2,1,3, ,10,3, , , ,4,4, ,1,1969,   97268,3, ,1,1,1,2,1,1,1,1,1,1,1,1, ,4, ,3800,140,4, ,0,1,2650, , , , ,1,1550, ,1,4960, ,1,5000, , , , ,1,5750, ,2,2,1,1,1,2,1,2,1,1,1,1,1,2,1,1,1,1,1,2,1,1,1,1,1,2,1,1,1,1,1,2,1,1,1,1,1,2,1,1,1,1,1,2,1,1,1,1,1,2,1,1,1,1,1,2,1,1,1,1,1,2,1,1,1,1,1,2,1,1,1,1,1,1,1,2,1,1,1,2,1,1,1,1, , , , , , , , , , , , , , , , , , , , , , , , , , , , , , , , , , , , , , , , , , , , , , , , , , , , , , , , ,2,2,2, ,2,8,24,1,1,1,1,2,1,1,1,1,1,1,1,1,1,1,1,1,1,1,1,1,1,1,1,1,1,1,1,1,1,1,1,1,1,2,1,1,1,1,1,1,1,1,1,1,1,1,1,1,1,1,1,25,1,15,54,"1,2","1,30769230769231",1,2,8,1,3,97,972,140,4, ,3800,35,2013,"15,29","8,8",16000,9400,8300, ,10200,9060, ,1600, ,8300,9060, , ,1600, ,1600,1100,1140,0, , ,2,2,2,2,2,2,2,2,2,2,2,2,2,2,,0
4780,1,7,6,",75",3,25,1500,750, ,1,10, ,2, ,1000,2,2,3, ,3,1, , , ,3, , ,2,1963,   19300,6, ,1,1,1,2,1,1,1,1,1,1,1,1, ,6, ,4999,149,3, ,0,2, ,1000, , , , , , , , , ,2, ,1200, , , , , , ,2,2,1,1,2,1,0,1,1,1,1,1,2,2,1,1,2,1,2,2,1,1,2,1,0,1,1,1,1,1,1,2,1,1,1,1,1,2,1,1,1,1,2,2,1,1,2,1,0,1,1,1,1,1,1,1,2,1,1,1,2,2,1,1,2,1,0,1,1,1,1,1,0,1,1,1,1,1,0,1,1,1,1,1, , , , , , , , , , , , , , , , , , , , , , , , , , , , , , , , , , , , , , , , , , , , , , , , , , , , , , , , ,3, ,2, , ,2,23,1,2,1,1,1,1,1,1,1,1,1,1,1,1,1,1,1,1,1,1,1,1,1,1,1,1,2,1,1,1,1,1,1,1,1,1,1,1,1,1,1,1,1,1,1,1,1,1,1,1,1,1,56,98,1,60,"4,7","4,69230769230769","4,5",1,0,2,3,19,193,149,3, ,4999,"49,6666666666667",2023,"8,2",",75",1500,750,10, , , , , ,1000,10, , , ,"2161,22757726389", ,"2161,22757726389",740, ,0, , ,1,2,2,1,2,2,2,1,2,2,1,1,1,2,,97
4825,1,1,1,"5,4",3,16,17000,1500, ,1,1400, ,1,4000, ,2,2,2, ,10,6, , , ,3, , ,2, ,   78244,4, ,1,1,1,2,1,1,1,1,1,1,1,1, ,8, ,600,75,2, ,0,1,4000, , , , , , , , , , ,1,1000, , , , , , , ,1,1,1,2,1,1,1,1,1,2,1,1,1,1,1,2,1,1,1,1,1,2,1,1,1,1,1,2,1,1,1,1,1,2,1,1,1,1,1,2,1,1,1,1,1,2,1,1,1,1,1,2,1,1,2,1,1,2,1,2,1,1,1,2,1,1,1,1,1,2,1,1,1,1,1,1,1,2,1,1,1,1,1,2, , , , , , , , , , , , , , , , , , , , , , , , , , , , , , , , , , , , , , , , , , , , , , , , , , , , , , , , ,3, ,1, , ,6,23,1,1,1,1,1,1,1,1,1,1,1,2,1,1,1,1,1,1,1,1,1,1,1,1,1,1,1,1,1,1,1,1,1,1,1,1,1,1,1,2,1,1,1,1,1,1,1,1,1,1,1,1,64,81,50, ,"3,6","3,38461538461538","3,5",1,5,2,3,78,782,75,2, ,600,"37,5",2014,"13,02","5,4",17000,1500,1400, , , , ,4000, ,1400, , , ,4000, ,4000,100, ,0, , ,2,2,2,2,2,2,2,2,2,2,2,1,1,2,,80
4838,1,6,6,"7,5",5,25,23000,2174, ,1,734, ,1,633, ,1,2,2,10,20,7,10,15,5600,5, ,1,2,1975,   56218,7, ,1,1,1,1,2,1,1,1,1,1,1,1, ,4, ,4500,128,5, ,3,1,2960, , , , , , , , , , ,1,2960, , , , , , , ,1,2,1,1,1,1,1,2,1,1,1,1,1,2,1,1,1,1,1,2,1,1,1,1,1,2,1,1,1,1,1,2,1,1,1,1,1,2,1,1,1,1,1,2,1,1,1,1,1,2,1,1,1,1,1,2,1,1,1,1,1,1,1,2,1,1,0,1,1,1,1,1,0,1,1,1,1,1,1,2,1,1,1,1, , , , , , , , , , , , , , , , , , , , , , , , , , , , , , , , , , , , , , , , , , , , , , , , , , , , , , , , ,3, ,2, , ,6,2,3,1,1,1,1,1,1,1,1,1,1,1,1,1,1,1,1,1,1,1,2,2,2,1,1,2,1,1,1,1,1,1,1,1,1,1,2,2,1,1,1,1,1,1,1,1,1,1,1,1,1,14,6,49,10,48,"3,2","3,07692307692308",3,5,7,3,4,56,562,128,5,3,4500,"25,6",2023,"8,2","7,5",23000,2174,734, , , , ,633, ,734, , , ,633, ,633,1440, ,0, , ,2,2,2,2,2,2,2,2,2,2,1,1,2,2,,48
4873,1,5,6,8000,5,22,20000,8000,8500,1,2650, ,1,2800, ,1,1,3,8,15,6,10,12,8000,3,5,1,1,1962,   53639,4, ,1,1,1,2,1,1,1,1,1,1,1,1, ,4, ,3500,115,3, ,0,1,8000, , , , ,1,3100, , , , ,2, ,0, , , , , , ,1,2,1,1,1,1,3,2,1,2,1,2,1,2,1,1,1,1,1,2,1,1,1,1,1,2,1,1,1,1,1,2,1,1,1,1,1,2,1,1,1,1,3,2,1,2,1,2,0,1,1,1,1,1,1,2,1,1,1,1,3,2,1,2,1,2,1,1,2,1,1,1,0,1,1,1,1,1,0,1,1,1,1,1, , , , , , , , , , , , , , , , , , , , , , , , , , , , , , , , , , , , , , , , , , , , , , , , , , , , , , , , ,3, ,-8, , ,5,-9,0,1,1,1,1,1,1,1,1,1,1,1,1,1,1,1,1,1,1,1,1,1,1,1,1,0,1,1,1,1,1,1,1,1,1,1,1,1,1,1,1,1,1,1,1,1,1,1,1,1, , , ,-9, ,61,"2,8","2,76923076923077",2,-9,8000,2,3,53,536,115,3, ,3500,"38,3333333333333",2020,"9,1",8,20000,8000,2650, ,8500,3100, ,2800, ,2650,3100, , ,2800, ,2800,5350,5400,0, , ,2,2,2,2,2,2,2,1,2,2,2,1,1,2,,
4951,1,6,8,"8,51",3,23,21000,7000,8000,2, ,350,1,150, ,1,1,3,15,13,6,"7,51",13,5000,4,4,1,2,1977,   80331,7, ,1,1,1,1,1,1,1,1,2,1,1,1, ,5, ,4000,150,4, ,2,1,1400, , , , ,1,100, ,1,6200, ,1,8000, , , , ,1,8000, ,1,2,1,1,1,1,1,2,1,1,1,1,1,2,1,1,1,1,1,2,1,1,1,1,1,2,1,1,1,1,1,2,1,1,1,1,1,2,1,1,1,1,1,2,1,1,1,1,1,2,1,1,1,1,1,1,1,2,1,1,1,2,1,1,1,1,1,2,1,1,1,1,1,2,1,1,1,1,1,2,1,1,1,1, , , , , , , , , , , , , , , , , , , , , , , , , , , , , , , , , , , , , , , , , , , , , , , , , , , , , , , , ,2,2,2, ,2,7,8,10,2,2,2,2,2,1,1,1,1,1,1,1,1,1,1,1,1,1,1,2,2,2,2,2,11,2,2,2,2,2,2,1,1,1,1,1,1,1,1,1,1,1,1,1,2,2,2,2,2,2,8,48,11,15,46,"1,6","1,53846153846154","1,5",11,8,5,7,80,803,150,4,2,4000,"37,5",2021,"7,53","8,51",21000,7000, ,350,8000,6500, ,150, ,"4648,07436918991",6500, , ,150, ,150,"2351,92563081009",1500,0, , ,2,2,2,2,2,2,2,2,2,2,2,2,2,2,,10
4966,1,9,9,1200,4,23,14000,2300, ,2, ,230,2, ,700,2,2,2, ,5,3, , , ,3, , ,1,1989,   63839,7, ,1,1,1,1,2,1,1,1,1,1,1,1, ,4, ,70000,160,4, ,2,2, ,450, , , , , , ,2, ,400,2, ,450, , , , , , ,1,1,1,2,1,1,1,1,1,1,2,1,1,1,2,1,1,1,1,2,1,1,1,1,1,2,1,1,1,1,1,2,1,1,1,1,1,1,2,1,1,1,1,2,1,1,1,1,1,1,1,2,1,1,1,1,2,1,1,1,1,1,2,1,1,1,1,1,2,1,1,1,1,1,1,1,2,1,1,1,1,1,2,1, , , , , , , , , , , , , , , , , , , , , , , , , , , , , , , , , , , , , , , , , , , , , , , , , , , , , , , , ,2,1,1, , ,9,25,3,1,1,1,1,1,1,1,1,1,1,2,1,1,1,1,1,1,1,2,1,1,2,1,1,2,1,1,1,1,1,1,1,1,1,2,1,1,1,1,1,1,1,1,1,1,2,1,1,1,3,4,250,45,340,34,"3,2","2,84615384615385",3,3,1200,3,4,63,638,160,4,2,70000,40,2021,"7,53","1,2",14000,2300, ,230, , , , ,700,"3054,44887118194", , , ,"1512,85930408472", ,"1512,85930408472","-754,448871181939", ,0, , ,1,2,2,2,2,2,2,2,2,2,2,1,1,2,,44
5015,1,9,10,22,4,23,3000,22, ,1,22, ,1,220, ,1,2,1,8,8,10,220,13,2200,4, ,1,1,1979,   80992,7, ,1,1,1,1,1,1,1,1,2,1,1,1, ,4, ,87000,225,5, ,3,1,22, , , , , , , ,1,22, ,1,22, , , , , , , ,1,2,1,1,1,1,1,1,1,1,2,1,1,1,1,2,1,1,1,1,2,1,1,1,1,1,2,1,1,1,1,2,1,1,1,1,1,1,1,2,1,1,1,1,2,1,1,1,1,2,1,1,1,1,1,1,1,2,1,1,1,1,2,1,1,1,1,1,1,1,2,1,1,1,1,2,1,1,1,2,1,1,1,1, , , , , , , , , , , , , , , , , , , , , , , , , , , , , , , , , , , , , , , , , , , , , , , , , , , , , , , , ,2,2,2, , ,8,4,1,1,1,1,1,1,1,1,1,1,1,1,1,1,1,1,1,1,1,2,1,1,1,1,1,1,1,1,1,1,1,1,1,1,1,1,1,1,1,1,1,1,1,1,2,1,1,1,1,1,4,2,22,89,12,44,3,"2,69230769230769","2,5",7,22,5,7,80,809,225,5,3,87000,45,2021,"7,53",22,3000,22,22, , , , ,220, ,22, , , ,220, ,220,0, ,0, , ,1,2,2,2,2,2,2,2,2,2,1,2,2,2,,88
5038,1,5,4,"9,9",5,24,28000,9067,9245,1,5029, ,1,1522, ,1,1,3,6,9,5,"9,9",14,15000,3,5,1,1,1990,   26388,7, ,1,1,1,1,2,1,1,1,1,1,1,1, ,4, ,6500,240,3, ,1,1,3000, , , , ,1,744, , , , ,1,0, , , , , , , ,1,2,1,1,1,1,1,2,1,1,1,1,1,2,1,1,1,1,1,2,1,1,1,1,1,2,1,1,1,1,1,2,1,1,1,1,1,2,1,1,1,1,1,2,1,1,1,1,0,1,1,1,1,1,0,1,1,1,1,1,1,1,1,2,1,1,0,1,1,1,1,1,0,1,1,1,1,1,0,1,1,1,1,1, , , , , , , , , , , , , , , , , , , , , , , , , , , , , , , , , , , , , , , , , , , , , , , , , , , , , , , , ,3, ,2, , ,4,25,2,1,1,1,1,1,1,1,1,2,1,1,2,1,1,1,1,1,1,1,1,1,1,1,1,2,1,1,1,1,1,1,1,1,2,1,1,2,1,1,1,1,1,1,1,1,1,1,1,1,2,2,50,31,20,33,4,"4,15384615384615","4,5",3,9,3,4,26,263,240,3,1,6500,80,2022,"7,23","9,9",28000,9067,5029, ,9245,5796, ,1522, ,5029,5796, , ,1522, ,1522,4038,3449,0, , ,2,2,2,2,2,2,2,1,1,2,1,1,1,2,,30
5157,1,8,10,"1,25",4,22,30000,1200,500,2, ,",09",1,500, ,1,1,2,10,20,8,5000,12,2000,4,4,1,2,1988,   66111,7, ,2,1,2,2,1,1,1,1,1,1,1,1, ,4, ,9000,140,3, ,1,1,5000, , , , ,1,500, ,1,500, ,1,4000, , , , ,1,1000, ,1,2,1,1,1,1,1,1,1,2,1,1,1,1,2,1,1,1,1,1,1,1,2,1,1,1,1,2,1,1,1,1,2,1,1,1,1,2,1,1,1,1,1,1,1,2,1,1,1,1,2,1,1,1,1,1,1,1,2,1,1,1,1,2,1,1,1,2,1,1,1,1,1,1,2,1,1,1,1,1,1,2,1,1, , , , , , , , , , , , , , , , , , , , , , , , , , , , , , , , , , , , , , , , , , , , , , , , , , , , , , , , ,2,1,1, ,1,8,1,2,1,1,1,1,1,1,2,1,1,1,2,1,1,1,1,1,1,1,1,1,1,1,1,1,1,1,1,1,1,1,1,1,1,2,1,1,1,1,1,1,1,1,1,1,1,1,1,1,1,2,2,5000,49,10,35,3,3,"2,5",4,1,3,3,66,661,140,3,1,9000,"46,6666666666667",2020,"9,1","1,25",30000,1200, , ,500,1000, ,500, , ,1000, , ,500, ,500, ,-500,0, , ,2,2,1,2,2,2,2,2,1,2,2,2,2,2,,48
5288,1,7,7,5200,3,15,9000,4800, ,2, ,550,1,5500, ,2,2,3, ,8,2, , , ,3, , ,2,1964,   89346,4, ,1,1,1,2,1,1,1,1,1,1,1,1, ,6, ,7500,130,2, ,0,1,4500, , , , , , , , , , ,1,0, , , , , , , ,1,2,1,1,1,1,1,2,1,1,1,1,1,2,1,1,1,1,1,2,1,1,1,1,1,2,1,1,1,1,1,2,1,1,1,1,1,2,1,1,1,1,1,2,1,1,1,1,0,1,1,1,1,1,0,1,1,1,1,1,1,1,1,2,1,1,0,1,1,1,1,1,0,1,1,1,1,1,0,1,1,1,1,1, , , , , , , , , , , , , , , , , , , , , , , , , , , , , , , , , , , , , , , , , , , , , , , , , , , , , , , , ,3, ,2, , ,10,22,12,2,2,2,2,2,2,2,1,1,1,1,1,1,1,1,1,1,1,1,2,2,2,2,2,5,1,1,1,1,1,1,1,1,1,1,1,1,1,1,1,1,1,1,1,2,2,2,2,2,2,5,20,13,50,59,"1,8","1,84615384615385","2,5",18,5200,2,3,89,893,130,2, ,7500,65,2013,"15,29","5,2",9000,4800, ,550, , , ,5500, ,"3597,12230215827", , , ,5500, ,5500,"1202,87769784173", ,0, , ,2,2,2,2,2,2,2,1,1,2,1,1,1,2,,12
5321,1,9,6,6,5,25,25000,4725, ,1,2880, ,1,810, ,1,2,3,20,20,12,6,15,8000,4, ,1,2,1962,   63857,7, ,3,1,1,2,2,1,1,2,1,1,1,1, ,4, ,5000,145,2, ,0,1,2200, , , , , , , , , , ,1,0, , , , , , , ,1,2,1,1,1,1,1,2,1,1,1,1,1,2,1,1,1,1,1,2,1,1,1,1,1,2,1,1,1,1,1,2,1,1,1,1,1,2,1,1,1,1,1,2,1,1,1,1,0,1,1,1,1,1,1,2,1,1,1,1,1,1,1,2,1,1,0,1,1,1,1,1,0,1,1,1,1,1,0,1,1,1,1,1, , , , , , , , , , , , , , , , , , , , , , , , , , , , , , , , , , , , , , , , , , , , , , , , , , , , , , , , ,3, ,2, , ,6,3,2,1,1,1,1,1,1,1,2,1,1,1,1,1,2,1,1,1,1,1,1,1,1,1,1,2,1,1,1,1,1,1,1,1,1,1,1,1,1,1,1,1,1,2,1,1,1,1,1,2,2,8,56,41,0,61,"4,3","4,23076923076923",5,6,6,4,6,63,638,145,2, ,5000,"72,5",2023,"8,2",6,25000,4725,2880, , , , ,810, ,2880, , , ,810, ,810,1845, ,0, , ,2,2,2,2,2,2,2,1,2,2,1,1,1,2,,40
5358,1,9,10,50,4,23,500,50,500,1,500, ,1,500, ,1,1,3,8,10,16,100,10,50,2,4,1,1,1988,   39114,7, ,1,1,1,1,1,1,1,1,2,1,1,1, ,6, ,150000,80,2, ,0,1,250, , , , ,1,500, ,1,500, ,1,100, , , , ,1,500, ,1,2,1,1,1,1,1,2,1,1,1,1,1,2,1,1,1,1,1,1,2,1,1,1,1,1,2,1,1,1,1,1,2,1,1,1,1,1,2,1,1,1,1,1,2,1,1,1,1,1,2,1,1,1,1,1,1,2,1,1,1,1,1,2,1,1,1,1,1,2,1,1,1,1,1,1,2,1,1,1,1,1,2,1, , , , , , , , , , , , , , , , , , , , , , , , , , , , , , , , , , , , , , , , , , , , , , , , , , , , , , , , ,2,1,1, ,1,8,24,1,1,1,1,1,1,1,1,1,1,1,1,1,1,1,1,2,1,1,1,1,1,1,1,1,1,1,1,1,1,1,1,1,1,1,2,1,1,1,1,1,1,1,1,1,1,1,1,1,1,4,4,50,39,10,35,"2,9","2,84615384615385",3,2,50,5,7,39,391,80,2, ,150000,40,2021,"7,53",50,500,50,500, ,500,500, ,500, ,500,500, , ,500, ,500,-450,0,0, , ,2,2,2,2,2,2,2,2,2,2,2,1,1,2,,38
5385,1,6,6,24,3,25,60000,4000, ,1,2000, ,1,5000, ,1,2,2,9,14,6,11,15,20000,3, ,1,1,1993,   37412,7, ,2,1,1,2,1,1,1,1,2,1,1,1, ,4, ,4500,200,2, ,0,1,2000, , , , , , , ,1,2500, ,1,0, , , , , , , ,1,2,1,1,1,1,1,2,1,1,1,1,1,2,1,1,1,1,1,2,1,1,1,1,0,1,1,1,1,1,1,2,1,1,1,1,1,2,1,1,1,1,0,1,1,1,1,1,0,1,1,1,1,1,0,1,1,1,1,1,1,2,1,1,1,1,0,1,1,1,1,1,0,1,1,1,1,1,0,1,1,1,1,1, , , , , , , , , , , , , , , , , , , , , , , , , , , , , , , , , , , , , , , , , , , , , , , , , , , , , , , , ,2,1,2, , ,6,2,2,1,1,1,1,2,1,1,1,1,1,1,1,1,1,1,1,1,1,1,1,1,1,2,1,2,1,1,1,1,1,1,1,1,1,2,1,1,1,1,2,1,1,1,1,1,1,1,1,1,1,1,20,1,0,30,"3,1","3,07692307692308",3,5,24,5,7,37,374,200,2, ,4500,100,2023,"8,2",24,60000,4000,2000, , , , ,5000, ,2000, , , ,5000, ,5000,2000, ,0, , ,2,2,2,1,2,2,1,1,1,2,1,1,1,2,,0
5429,1,7,7,750,3,25,3300,1200, ,1,1200, ,1,3000, ,1,2,3,10,10,5,"2,1",15,2000,3, ,1,2,1958,   51647,7, ,1,1,1,1,1,1,1,1,2,1,1,1, ,4, ,4500,150,2, ,0,1,3500, , , , , , , , , , ,1,500, , , , , , , ,1,2,1,1,1,1,1,2,1,1,1,1,1,2,1,1,1,1,1,2,1,1,1,1,0,1,1,1,1,1,1,2,1,1,1,1,1,2,1,1,1,1,1,2,1,1,1,1,0,1,1,1,1,1,0,1,1,1,1,1,1,1,1,2,1,1,0,1,1,1,1,1,1,2,1,1,1,1,0,1,1,1,1,1, , , , , , , , , , , , , , , , , , , , , , , , , , , , , , , , , , , , , , , , , , , , , , , , , , , , , , , , ,3, ,1, , ,9,23,2,1,1,1,1,1,1,1,1,1,1,1,1,1,1,1,1,1,2,1,1,2,1,1,1,2,1,1,1,1,1,1,1,1,1,2,1,1,1,2,1,1,1,1,1,1,1,1,1,1,1,2,50,51,25,65,"2,1","1,92307692307692","1,5",1,750,5,7,51,516,150,2, ,4500,75,2023,"8,2",",75",3300,1200,1200, , , , ,3000, ,1200, , , ,3000, ,3000,0, ,0, , ,2,2,2,1,2,2,2,1,1,2,1,2,1,2,,50
5453,1,4,3,"15,2",5,24,30000,16886, ,1,11883, ,1,809, ,1,2,3,10,10,2,10,14,0,4, ,1,2,1978,     851,7, ,1,1,1,1,1,1,1,1,2,1,1,1, ,4, ,6500,150,4, ,2,1,4500, , , , , , , , , , ,1,0, , , , , , , ,1,2,1,1,1,1,1,2,1,1,1,1,1,2,1,1,1,1,1,2,1,1,1,1,1,2,1,1,1,1,1,2,1,1,1,1,1,2,1,1,1,1,1,2,1,1,1,1,0,1,1,1,1,1,1,2,1,1,1,1,1,1,1,2,1,1,0,1,1,1,1,1,0,1,1,1,1,1,0,1,1,1,1,1, , , , , , , , , , , , , , , , , , , , , , , , , , , , , , , , , , , , , , , , , , , , , , , , , , , , , , , , ,3, ,1, , ,6,1,5,1,1,1,1,1,1,1,1,1,1,1,2,2,2,2,2,1,1,1,1,1,1,1,1,3,1,1,1,1,1,1,1,1,1,1,1,1,1,1,1,1,2,2,2,1,1,1,1,1,1,",5",14,51,50,45,"3,3","3,15384615384615",3,4,15,5,7,85,851,150,4,2,6500,"37,5",2022,"7,23","15,2",30000,16886,11883, , , , ,809, ,11883, , , ,809, ,809,5003, ,0, , ,2,2,2,2,2,2,2,1,2,2,1,1,1,2,,50
5456,1,7,4,"12,45",5,25,30000,5360, ,1,2470, ,1,1090, ,1,2,3,21,22,6,15,15,12000,5, ,1,2,1980,   88719,7, ,1,1,1,1,1,1,1,1,2,1,1,1, ,4, ,120000,220,3, ,0,1,8000, , , , , , , , , , ,1,0, , , , , , , ,1,2,1,1,1,1,1,2,1,1,1,1,1,2,1,1,1,1,1,2,1,1,1,1,1,2,1,1,1,1,1,2,1,1,1,1,1,2,1,1,1,1,1,2,1,1,1,1,0,1,1,1,1,1,1,2,1,1,1,1,1,2,1,1,1,1,0,1,1,1,1,1,0,1,1,1,1,1,0,1,1,1,1,1, , , , , , , , , , , , , , , , , , , , , , , , , , , , , , , , , , , , , , , , , , , , , , , , , , , , , , , , ,3, ,2, , ,6,5,4,1,1,1,1,1,1,1,1,1,1,1,1,1,1,2,2,2,2,1,1,1,1,1,1,2,1,1,1,1,1,1,1,1,1,1,1,1,2,2,1,1,1,1,1,1,1,1,1,1,2,22,12,51,0,43,"2,4","2,30769230769231","2,5",8,12,5,7,88,887,220,3, ,120000,"73,3333333333333",2023,"8,2","12,45",30000,5360,2470, , , , ,1090, ,2470, , , ,1090, ,1090,2890, ,0, , ,2,2,2,2,2,2,2,1,2,2,1,1,1,2,,50
5528,1,6,6,"7,7",4,25,21000,1780, ,1,707, ,1,3015, ,1,2,3,14,2,15,5,15,7000,4, ,1,2,1969,   19077,5, ,1,1,1,2,1,1,1,1,1,1,1,1, ,4, ,4400,105,2, ,0,1,2400, , , , , , , , , , ,1,0, , , , , , , ,1,2,1,1,1,1,1,2,1,1,1,1,1,2,1,1,1,1,1,2,1,1,1,1,1,2,1,1,1,1,1,2,1,1,1,1,1,2,1,1,1,1,1,2,1,1,1,1,0,1,1,1,1,1,0,1,1,1,1,1,1,2,1,1,1,1,0,1,1,1,1,1,0,1,1,1,1,1,0,1,1,1,1,1, , , , , , , , , , , , , , , , , , , , , , , , , , , , , , , , , , , , , , , , , , , , , , , , , , , , , , , , ,3, ,2, , ,2,3,8,1,1,1,1,1,1,1,1,1,2,2,2,2,2,2,2,2,1,1,1,1,1,1,1,8,1,1,1,1,1,1,1,1,1,2,2,2,2,2,2,2,2,1,1,1,1,1,1,1,4,8,71,41,10,54,4,"4,15384615384615","3,5",6,7,2,3,19,190,105,2, ,4400,"52,5",2023,"8,2","7,7",21000,1780,707, , , , ,3015, ,707, , , ,3015, ,3015,1073, ,0, , ,2,2,2,2,2,2,2,1,1,2,1,1,1,2,,40
5600,1,7,11,5,3,22,1250,4689, ,1,2689, ,1,3000, ,1,2,2,5,5,2,15,14,5000,3, ,2,2,1999,   92318,7, ,1,1,1,1,1,1,1,1,2,1,1,1, ,6, ,8000,250,4, ,2,1,4680, , , , , , , ,1,6710, ,1,3670, , , , , , , ,1,2,1,1,1,1,1,2,1,1,1,1,2,2,2,1,1,1,1,1,2,1,1,1,1,1,2,1,1,1,1,2,1,1,1,1,1,1,2,1,1,1,1,1,1,2,1,1,1,1,2,1,1,1,1,2,1,1,1,1,1,1,2,1,1,1,1,1,2,1,1,1,2,1,2,1,2,1,1,1,2,1,1,1, , , , , , , , , , , , , , , , , , , , , , , , , , , , , , , , , , , , , , , , , , , , , , , , , , , , , , , , ,2,1,2, , ,10,6,6,2,2,2,2,2,2,1,1,1,1,1,1,1,1,1,1,1,1,1,1,1,1,1,1,6,1,1,2,2,2,2,2,2,1,1,1,1,1,1,1,1,1,1,1,1,1,1,1,1,2,6,70,36,70,24,3,"2,92307692307692","2,5",9,5,5,7,92,923,250,4,2,8000,"62,5",2020,"9,1",5,1250,4689,2689, , , , ,3000, ,2689, , , ,3000, ,3000,2000, ,0, , ,2,2,2,2,2,2,2,2,2,2,2,2,2,2,,35
5603,1,11,11,",6",3,25,500,199, ,1,90, ,1,1000, ,2,2,3, ,10,1, , , ,3, , ,2,1991,   67549,7, ,1,1,1,1,1,1,1,2,1,1,1,1, ,4, ,4500,85,3, ,1,1,1250, , , , , , , , , , ,1,0, , , , , , , ,1,2,1,1,1,1,1,2,1,1,1,1,1,2,1,1,1,1,1,2,1,1,1,1,1,2,1,1,1,1,1,2,1,1,1,1,1,2,1,1,1,1,1,2,1,1,1,1,1,2,1,1,1,1,1,2,1,1,1,1,1,2,1,1,1,1,1,2,1,1,1,1,1,2,1,1,1,1,1,2,1,1,1,1, , , , , , , , , , , , , , , , , , , , , , , , , , , , , , , , , , , , , , , , , , , , , , , , , , , , , , , , ,3, ,1, , ,6,23,8,2,2,2,2,2,2,1,1,1,1,1,1,1,1,1,1,1,1,1,1,1,1,2,2,8,2,2,2,2,2,2,1,1,1,1,1,1,1,1,1,1,1,1,1,1,1,1,2,2,2,10,100,31,30,32,"2,8","2,61538461538462",2,1,0,4,6,67,675,85,3,1,4500,"28,3333333333333",2023,"8,2",",6",500,199,90, , , , ,1000, ,90, , , ,1000, ,1000,109, ,0, , ,2,2,2,2,2,2,2,2,2,2,2,2,2,2,,30
5606,1,3,4,16,4,24,25000,9500, ,1,8500, ,1,1000, ,1,2,3,15,14,4,10,14,9000,4, ,1,2,1969,   74423,4, ,1,1,1,1,2,1,1,1,1,1,1,1, ,4, ,70000,200,3, ,0,1,4500, , , , , , , , , , ,2, ,0, , , , , , ,2,2,1,2,1,1,2,2,1,2,1,1,2,2,1,2,1,1,2,2,1,2,1,1,2,2,1,2,1,1,2,2,1,2,1,1,2,2,1,2,1,1,2,2,1,2,1,1,0,1,1,1,1,1,0,1,1,1,1,1,2,2,1,2,1,1,0,1,1,1,1,1,2,2,1,2,1,1,0,1,1,1,1,1, , , , , , , , , , , , , , , , , , , , , , , , , , , , , , , , , , , , , , , , , , , , , , , , , , , , , , , , ,3, ,2, , ,7,2,2,1,1,1,1,1,1,1,1,1,2,1,1,1,1,1,2,1,1,1,1,1,1,1,1,2,1,1,1,1,1,1,1,1,1,2,1,1,1,1,1,2,1,1,1,1,1,1,1,1,1,2,32,1,150,54,"2,9","2,84615384615385",2,5,16,2,4,74,744,200,3, ,70000,"66,6666666666667",2022,"7,23",16,25000,9500,8500, , , , ,1000, ,8500, , , ,1000, ,1000,1000, ,0, , ,2,2,2,2,2,2,2,1,1,2,1,2,1,2,,0
5670,1,4,2,"17,8",4,16,32000,11500, ,2, ,",14",1,130, ,1,2,2,16,18,4,5,6,8700,2, ,1,2,1983,   41334,7, ,1,1,1,1,1,1,1,2,1,1,1,1, ,4, ,3680,152,2, ,0,1,2800, , , , , , , ,1,3240, ,1,2900, , , , , , , ,1,2,1,1,1,1,1,1,1,2,1,1,1,2,1,1,1,1,1,2,1,1,1,1,1,2,1,1,1,1,1,1,1,2,1,1,1,2,1,1,1,1,1,1,1,2,1,1,0,1,1,1,1,1,0,1,1,1,1,1,1,1,1,2,1,1,0,1,1,1,1,1,0,1,1,1,1,1,0,1,1,1,1,1, , , , , , , , , , , , , , , , , , , , , , , , , , , , , , , , , , , , , , , , , , , , , , , , , , , , , , , , ,2,2,2, , ,7,1,7,1,1,1,1,1,1,1,1,1,1,1,1,2,2,2,2,2,2,2,1,1,1,1,1,6,1,1,1,1,1,1,1,1,1,1,1,1,1,1,2,2,2,2,2,2,1,1,1,1,1,3,100,21,60,40,"2,5","2,46153846153846","1,5",4,17,4,6,41,413,152,2, ,3680,76,2014,"13,02","17,8",32000,11500, , , , , ,130, , , , , ,130, ,130, , ,0, , ,2,2,2,2,2,2,2,1,1,2,1,1,1,2,,20
5706,1,9,9,10,3,24,14500,3150, ,1,0, ,1,1450, ,1,2,3,6,7,3,25,14,4500,3, ,1,2,1979,   25588,6, ,1,1,1,1,1,1,1,1,2,1,1,1, ,4, ,4500,115,4, ,1,1,1850, , , , , , , ,1,1560, ,1,1450, , , , , , , ,1,2,1,1,1,1,1,2,1,1,1,1,1,2,1,1,1,1,1,2,1,1,1,1,1,2,1,1,1,1,1,2,1,1,1,1,1,2,1,1,1,1,1,2,1,1,1,1,1,2,1,1,1,1,1,2,1,1,1,1,2,2,2,1,1,1,1,1,2,1,1,1,0,1,1,1,1,1,1,2,1,1,1,1, , , , , , , , , , , , , , , , , , , , , , , , , , , , , , , , , , , , , , , , , , , , , , , , , , , , , , , , ,2,1,2, , ,9,22,3,1,1,1,1,1,2,1,1,1,1,1,1,1,1,1,1,1,2,1,2,1,1,1,1,4,1,1,1,1,1,1,1,1,1,2,1,1,1,1,2,2,1,2,1,1,1,1,1,1,1,0,74,81,25,44,"2,7","2,76923076923077",2,18,10,5,7,25,255,115,4,1,4500,"28,75",2022,"7,23",10,14500,3150,0, , , , ,1450, ,0, , , ,1450, ,1450,3150, ,0, , ,2,2,2,2,2,2,2,2,2,2,2,1,2,2,,80
5725,1,6,4,",6",4,24,1100,555, ,2, ,0,1,3800, ,2,2,3, ,4,3, , , ,4, , ,2,1971,   24980,6, ,1,1,1,2,1,1,1,1,1,1,1,1, ,4, ,3600,110,2, ,0,1,4500, , , , , , , , , , ,1,0, , , , , , , ,2,2,1,2,1,1,2,2,1,2,1,1,2,2,1,2,1,1,2,2,1,2,1,1,2,2,1,2,1,1,2,2,1,2,1,1,2,2,1,2,1,1,2,2,1,2,1,1,0,1,1,1,1,1,2,2,1,2,1,1,1,1,1,2,1,1,0,1,1,1,1,1,0,1,1,1,1,1,0,1,1,1,1,1, , , , , , , , , , , , , , , , , , , , , , , , , , , , , , , , , , , , , , , , , , , , , , , , , , , , , , , , ,3, ,1, , ,4,4,14,2,2,2,2,2,2,1,1,1,1,1,1,1,1,1,1,2,2,2,2,2,2,2,2,24,2,2,2,2,2,2,2,2,2,2,2,2,2,2,2,2,2,2,2,2,2,2,2,2,"1,1",2,58,55,10,52,4,"4,07692307692308",5,7,0,2,3,24,249,110,2, ,3600,55,2022,"7,23",",6",1100,555, ,0, , , ,3800, ,0, , , ,3800, ,3800,555, ,0, , ,2,2,2,2,2,2,2,1,2,2,1,1,1,2,,54
5749,1,11,11, ,5,23,300,500,1500,1,800, ,1,1000, ,1,1,1,3,3,1,"2,3",13,800,5,5,1,2,1993,   54587,7, ,1,1,1,1,1,1,1,1,2,1,1,1, ,5, ,6000,150,4, ,2,1,1000, , , , ,1,500, ,1,1000, ,1,500, , , , ,1,500, ,1,1,2,1,1,1,1,2,1,1,1,1,1,1,2,1,1,1,1,1,1,2,1,1,1,2,1,1,1,1,1,2,1,1,1,1,1,1,2,1,1,1,1,1,2,1,1,1,1,1,2,1,1,1,1,2,1,1,1,1,1,2,1,1,1,1,1,2,1,1,1,1,1,1,2,1,1,1,1,1,2,1,1,1, , , , , , , , , , , , , , , , , , , , , , , , , , , , , , , , , , , , , , , , , , , , , , , , , , , , , , , , ,2,1,1, ,1,11,1,2,1,1,1,1,1,1,1,1,1,1,2,1,1,1,1,1,1,1,1,2,1,1,1,1,2,1,1,1,1,1,2,1,1,1,1,1,1,1,1,1,1,1,1,1,1,2,1,1,1,8,2,60,101,100,30,3,"2,53846153846154",3,4, ,5,7,54,545,150,4,2,6000,"37,5",2021,"7,53", ,300,500,800, ,1500,2000, ,1000, ,800,2000, , ,1000, ,1000,-300,-500,0, , ,2,2,2,2,2,2,2,2,2,2,2,2,2,2,,100
5810,1,5,2,"17,1",3,21,40000,16000,12000,1,10000, ,1,855, ,1,1,3,6,8,5,"12,2",12,11000,3,3,1,2,1978,   15537,4, ,2,1,1,2,1,1,1,1,2,1,1,1, ,6, ,3000,145,4, ,2,1,3500, , , , ,1,1300, , , , ,1,500, , , , , , , ,1,1,1,1,1,2,1,1,1,1,1,2,1,2,1,1,1,1,1,2,1,1,1,1,1,2,1,1,1,1,1,2,1,1,1,1,1,2,1,1,1,1,1,2,1,1,1,1,1,1,1,1,2,1,1,1,1,2,1,1,1,1,1,2,1,1,1,1,1,2,1,1,1,1,1,1,2,1,1,1,1,1,2,1, , , , , , , , , , , , , , , , , , , , , , , , , , , , , , , , , , , , , , , , , , , , , , , , , , , , , , , , ,3, ,1, , ,6,23,4,1,1,1,1,1,1,1,1,1,1,1,1,1,1,1,2,2,2,2,1,1,1,1,1,10,1,1,1,1,1,1,2,2,2,2,2,2,2,2,2,2,1,1,1,1,1,1,1,1,"1,5",4,58,33,0,45,3,"2,84615384615385","2,5",1,17,5,7,15,155,145,4,2,3000,"36,25",2019,"10,72","17,1",40000,16000,10000, ,12000,9000, ,855, ,10000,9000, , ,855, ,855,6000,3000,0, , ,1,2,2,2,2,2,2,1,2,2,2,1,1,1,,32
5816,1,7,5,"1,4",4,24,20000,10630,9360,1,7150, ,1,"436,35", ,1,1,1,10,15,6,"1,4",14,6000,4,4,1,2,1985,   78554,7, ,1,1,1,1,1,1,1,1,2,1,1,1, ,4, ,5000,170,4, ,2,1,5000, , , , ,1,"456,66", , , , ,1,1500, , , , , , , ,1,2,1,1,1,1,1,2,1,1,1,1,1,2,1,1,1,1,1,2,1,1,1,1,1,2,1,1,1,1,1,2,1,1,1,1,1,2,1,1,1,1,0,1,1,1,1,1,1,2,1,1,1,1,1,2,1,1,1,1,1,1,1,2,1,1,0,1,1,1,1,1,0,1,1,1,1,1,0,1,1,1,1,1, , , , , , , , , , , , , , , , , , , , , , , , , , , , , , , , , , , , , , , , , , , , , , , , , , , , , , , , ,3, ,1, , ,8,25,4,1,1,1,1,1,1,1,1,1,1,1,1,1,1,1,1,1,1,2,2,2,2,1,1,4,1,1,1,1,1,1,1,1,1,1,2,2,2,2,1,1,1,1,1,1,1,1,1,1,",5",",5",32,11,50,38,2,"2,07692307692308",2,3,1,5,7,78,785,170,4,2,5000,"42,5",2022,"7,23","1,4",20000,10630,7150, ,9360,733, ,"436,35", ,7150,733, , ,"436,35", ,"436,35",3480,8627,0, , ,2,2,2,2,2,2,1,2,2,2,1,1,1,2,,10
5886,1,7,7,1200,4,25,200,1000, ,1,1000, ,1,1800, ,2,2,3, ,5,1, , , ,4, , ,1, ,   32657,6, ,1,1,1,1,2,1,1,1,1,1,1,1, ,4, ,3500,270,2, ,0,1,2400, , , , , , , , , , ,1,0, , , , , , , ,1,2,1,1,1,1,1,2,1,1,1,1,1,2,1,1,1,1,1,2,1,1,1,1,1,2,1,1,1,1,1,1,1,1,2,1,1,2,1,1,1,1,1,2,1,1,1,1,1,2,1,1,1,1,1,1,1,1,2,1,1,1,1,2,1,1,0,1,1,1,1,1,0,1,1,1,1,1,0,1,1,1,1,1, , , , , , , , , , , , , , , , , , , , , , , , , , , , , , , , , , , , , , , , , , , , , , , , , , , , , , , , ,3, ,2, , ,9,5,2,1,1,1,1,1,2,1,2,1,1,1,1,1,1,1,1,1,1,1,1,1,1,1,1,1,1,1,1,1,1,1,1,1,1,1,1,1,1,1,1,1,1,1,1,1,1,1,1,2,1,2,40,-1,0, ,"1,4","1,30769230769231",1,8,1200,2,4,32,326,270,2, ,3500,135,2023,"8,2","1,22",200,1000,1000, , , , ,1800, ,1000, , , ,1800, ,1800,0, ,0, , ,2,2,2,2,1,2,2,2,1,2,1,1,1,2,,
5982,1,9,8,"3,68",5,11,17000,3486,3901,1,3486, ,1,2481, ,2,1,3, ,10,2, , , ,5,5, ,2,1966,   64589,7, ,1,1,1,1,1,1,1,2,1,1,1,1, ,6, ,3000,140,4, ,2,1,2947, , , , ,1,2422, ,1,0, ,1,0, , , , ,1,0, ,1,2,1,1,1,1,1,2,1,1,1,1,0,1,1,1,1,1,1,2,1,1,1,1,0,1,1,1,1,1,2,2,1,2,1,1,1,2,1,1,1,1,1,2,1,1,1,1,0,1,1,1,1,1,1,1,1,2,1,1,1,1,1,2,1,1,0,1,1,1,1,1,0,1,1,1,1,1,0,1,1,1,1,1, , , , , , , , , , , , , , , , , , , , , , , , , , , , , , , , , , , , , , , , , , , , , , , , , , , , , , , , ,2,2,2, ,2,3,-9,0,1,1,1,1,1,1,1,1,1,1,1,1,1,1,1,1,1,1,1,1,1,1,1,1,0,1,1,1,1,1,1,1,1,1,1,1,1,1,1,1,1,1,1,1,1,1,1,1,1,1, , ,-1, ,57,5,5,5,-9,3,4,6,64,645,140,4,2,3000,35,2009,"43,01","3,68",17000,3486,3486, ,3901,3901, ,2481, ,3486,3901, , ,2481, ,2481,0,0,0, , ,2,1,2,1,2,2,2,1,2,2,1,1,1,2,,
6128,1,8,8,",5",3,25,820,300, ,1,300, ,1,6000, ,2,2,3, ,6,1, , , ,3, , ,2,1968,     715,7, ,1,1,1,2,1,1,1,1,1,1,1,1, ,4, ,5500,180,2, ,0,1,6000, , , , , , , ,1,1500, ,1,6000, , , , , , , ,1,2,1,1,1,1,1,2,1,1,1,1,1,2,1,1,1,1,1,2,1,1,1,1,1,2,1,1,1,1,1,2,1,1,1,1,1,2,1,1,1,1,1,2,1,1,1,1,0,1,1,1,1,1,1,2,1,1,1,1,1,2,1,1,1,1,0,1,1,1,1,1,0,1,1,1,1,1,1,2,1,1,1,1, , , , , , , , , , , , , , , , , , , , , , , , , , , , , , , , , , , , , , , , , , , , , , , , , , , , , , , , ,2,1,1, , ,7,1,2,1,1,1,1,2,1,1,1,1,1,1,1,1,1,1,1,1,1,1,1,2,1,1,1,2,1,1,1,1,1,1,1,1,1,1,1,1,1,1,1,1,1,1,2,1,1,1,2,1,3,",2",33,51,30,55,"2,3","2,23076923076923",1,4,0,3,3,71,715,180,2, ,5500,90,2023,"8,2",",5",820,300,300, , , , ,6000, ,300, , , ,6000, ,6000,0, ,0, , ,2,2,2,2,2,2,2,1,2,2,1,1,2,2,,50
6189,1,4,5,",8",4,25,800,400,0,2, ,0,2, ,1000,2,1,3, ,6,2, , , ,4,4, ,2,1980,   18258,7, ,1,1,1,1,1,1,1,1,2,1,1,1, ,4, ,8500,140,2, ,0,2, ,1400, , , ,2, ,1400, , , ,1,0, , , , , , , ,1,2,1,1,1,1,1,2,1,1,1,1,1,2,1,1,1,1,1,2,1,1,1,1,0,1,1,1,1,1,1,2,1,1,1,1,1,2,1,1,1,1,1,2,1,1,1,1,0,1,1,1,1,1,0,1,1,1,1,1,1,2,1,1,1,1,0,1,1,1,1,1,1,1,1,2,1,1,0,1,1,1,1,1, , , , , , , , , , , , , , , , , , , , , , , , , , , , , , , , , , , , , , , , , , , , , , , , , , , , , , , , ,3, ,2, , ,5,5,4,1,1,1,1,1,1,1,2,2,2,2,1,1,1,1,1,1,1,1,1,1,1,1,1,4,1,1,1,1,1,1,1,1,1,1,1,1,1,1,1,1,1,1,2,2,2,2,1,1,",25",3,18,30,10,43,"3,2","3,15384615384615",3,8,0,5,7,18,182,140,2, ,8500,70,2023,"8,2",",8",800,400, ,0,0, ,0, ,1000,0,0, , ,"2161,22757726389", ,"2161,22757726389",400,0,0, , ,2,2,2,1,2,2,2,1,1,2,1,2,1,2,,29
6226,1,9,7,"1,2",4,19,40000,1450,1238,2, ,400,1,2800, ,1,1,2,6,6,6,35000,9,40000,4,3,1,1,1993,   33790,7, ,1,1,1,2,1,1,1,1,1,1,1,1, ,4, ,60000,150,3, ,1,2, ,320, , , ,2, ,250,1,800, ,2, ,200, , , ,2, ,99,2,1,2,1,1,2,1,1,2,1,1,1,1,1,1,2,1,1,1,2,1,1,1,1,1,2,1,1,1,1,1,1,1,2,1,1,1,1,1,1,2,1,1,1,1,1,2,1,1,1,1,2,1,1,1,1,2,1,1,1,1,1,1,2,1,1,1,1,2,1,1,1,1,1,2,1,1,1,1,1,2,1,1,1, , , , , , , , , , , , , , , , , , , , , , , , , , , , , , , , , , , , , , , , , , , , , , , , , , , , , , , , ,2,1,1, ,1,9,3,2,1,1,1,1,1,1,1,1,1,1,2,1,1,1,1,1,1,1,2,1,1,1,1,1,2,1,1,1,1,1,1,1,1,1,2,1,1,1,1,1,1,1,2,1,1,1,1,1,1,"1,2",5,59,68,20,30,"3,3","3,07692307692308",3,6,1,3,3,33,337,150,3,1,60000,50,2017,"12,2","1,2",40000,1450, ,400,1238, ,300,2800, ,"3278,68852459016","2459,01639344262", , ,2800, ,2800,"-1828,68852459016","-1221,01639344262",0, , ,2,2,2,2,2,1,1,2,2,2,2,2,2,2,,67
6242,1,8,7,"1,4",5,24,30000,1500, ,1,1000, ,1,2000, ,1,2,2,7,10,4,2000,14,5000,5, ,1,2,1967,   95336,4, ,1,1,1,2,1,1,1,1,1,1,1,1, ,6, ,1500,250,2, ,0,1,4000, , , , , , , ,1,1400, ,1,3000, , , , , , , ,1,1,2,1,1,1,1,1,2,1,1,1,1,2,1,1,1,1,1,1,2,1,1,1,1,1,1,2,1,1,1,1,2,1,1,1,1,1,2,1,1,1,1,1,1,2,1,1,1,1,1,2,1,1,1,1,1,1,2,1,1,1,1,2,1,1,1,1,1,2,1,1,1,1,2,1,1,1,1,1,1,2,1,1, , , , , , , , , , , , , , , , , , , , , , , , , , , , , , , , , , , , , , , , , , , , , , , , , , , , , , , , ,2,1,1, , ,6,23,3,1,1,1,2,1,2,1,1,1,1,1,1,1,1,1,1,1,2,1,1,1,1,1,1,2,1,1,2,1,1,1,1,1,1,1,1,1,1,1,1,1,1,2,1,1,1,1,1,1,1,2,60,46,30,56,"3,2","3,23076923076923","2,5",1,1,2,3,95,953,250,2, ,1500,125,2022,"7,23","1,4",30000,1500,1000, , , , ,2000, ,1000, , , ,2000, ,2000,500, ,0, , ,2,2,2,2,2,2,2,2,1,2,2,2,2,2,,45
6270,1,2,4,"6,5",3,25,16000,4000, ,1,2000, ,1,3000, ,1,2,3,10,7,8,4,15,8000,3, ,1,2,1977,   53773,7, ,1,1,1,1,1,1,1,1,1,2,1,1, ,4, ,6000,170,6, ,4,1,5500, , , , , , , ,1,1500, ,1,5500, , , , , , , ,3,2,2,2,1,1,3,2,2,2,1,1,3,2,2,2,1,1,3,2,2,2,1,1,3,2,2,2,1,1,3,2,2,2,1,1,3,2,2,2,1,1,0,1,1,1,1,1,0,1,1,1,1,1,0,1,1,1,1,1,1,1,1,2,1,1,0,1,1,1,1,1,0,1,1,1,1,1,1,2,1,1,1,1, , , , , , , , , , , , , , , , , , , , , , , , , , , , , , , , , , , , , , , , , , , , , , , , , , , , , , , , ,2,1,1, , ,7,5,12,2,2,2,2,2,2,1,1,1,1,1,1,1,1,1,1,1,1,2,2,2,2,2,2,12,2,2,2,2,2,2,2,2,2,1,1,1,1,1,1,1,1,1,1,1,1,2,2,2,2,12,40,67,105,46,"2,9","2,84615384615385",5,8,6,6,8,53,537,170,6,4,6000,"28,3333333333333",2023,"8,2","6,5",16000,4000,2000, , , , ,3000, ,2000, , , ,3000, ,3000,2000, ,0, , ,2,2,2,2,2,2,1,1,1,2,1,1,2,2,,66
6271,1,4,5,",6",3,25,700,521, ,1,234, ,1,1200, ,2,2,3, ,7,1, , , ,4, , ,2,1966,   73230,7, ,1,1,1,1,1,1,1,2,1,1,1,1, ,6, ,5000,105,2, ,0,1,1500, , , , , , , ,1,3500, ,1,3500, , , , , , , ,1,2,1,1,1,1,1,2,1,1,1,1,1,2,1,1,1,1,1,2,1,1,1,1,0,1,1,1,1,1,1,2,1,1,1,1,1,2,1,1,1,1,0,1,1,1,1,1,0,1,1,1,1,1,1,2,1,1,1,1,1,1,1,2,1,1,0,1,1,1,1,1,0,1,1,1,1,1,0,1,1,1,1,1, , , , , , , , , , , , , , , , , , , , , , , , , , , , , , , , , , , , , , , , , , , , , , , , , , , , , , , , ,2,2,2, , ,6,23,0,1,1,1,1,1,1,1,1,1,1,1,1,1,1,1,1,1,1,1,1,1,1,1,1,0,1,1,1,1,1,1,1,1,1,1,1,1,1,1,1,1,1,1,1,1,1,1,1,1,1,0,1,53, ,57,"3,6","3,69230769230769","3,5",1,0,4,6,73,732,105,2, ,5000,"52,5",2023,"8,2",",6",700,521,234, , , , ,1200, ,234, , , ,1200, ,1200,287, ,0, , ,2,2,2,1,2,2,1,1,2,2,1,1,1,2,,52
6292,1,5,1,"9,43",5,25,29000,50,0,1,5, ,1,4645, ,1,1,3,21,21,2,"11,52",15,6360,5,5,1,2,1978,   44227,7, ,1,1,1,2,1,1,1,1,1,1,1,1, ,4, ,8000,200,2, ,0,1,5583, , , , ,1,5583, , , , ,1,0, , , , , , , ,1,2,1,1,1,1,1,2,1,1,1,1,1,2,1,1,1,1,1,2,1,1,1,1,1,2,1,1,1,1,1,2,1,1,1,1,1,2,1,1,1,1,1,2,1,1,1,1,0,1,1,1,1,1,0,1,1,1,1,1,1,2,1,1,1,1,1,2,1,1,1,1,0,1,1,1,1,1,0,1,1,1,1,1, , , , , , , , , , , , , , , , , , , , , , , , , , , , , , , , , , , , , , , , , , , , , , , , , , , , , , , , ,3, ,2, , ,9,4,6,1,1,1,1,1,1,1,1,1,1,1,1,1,1,1,1,2,2,2,2,2,2,1,1,6,1,1,1,1,1,1,1,1,1,1,1,1,1,1,1,1,2,2,2,2,2,2,1,1,2,5,17,51,0,45,4,"3,84615384615385","1,5",7,9,3,3,44,442,200,2, ,8000,100,2023,"8,2","9,43",29000,50,5, ,0,0, ,4645, ,5,0, , ,4645, ,4645,45,0,0, , ,2,2,2,2,2,2,2,1,1,2,2,1,1,2,,50
6394,1,2,3,"6,4",4,21,9000,5500, ,1,3300, ,1,3500, ,2,2,3, ,15,4, , , ,4, , ,2,1971,     423,7, ,2,1,1,1,1,1,1,1,2,2,1,1, ,4, ,5000,121,2, ,0,1,2500, , , , , , , ,1,1700, ,2, ,0, , , , , , ,1,2,1,1,1,1,1,1,1,2,1,1,1,2,1,1,1,1,1,2,1,1,1,1,0,1,1,1,1,1,0,1,1,1,1,1,1,1,1,2,1,1,1,2,1,1,1,1,0,1,1,1,1,1,1,2,1,1,1,1,1,1,1,2,1,1,1,1,1,2,1,1,0,1,1,1,1,1,0,1,1,1,1,1, , , , , , , , , , , , , , , , , , , , , , , , , , , , , , , , , , , , , , , , , , , , , , , , , , , , , , , , ,2,1,2, , ,6,7,4,1,1,2,2,1,1,1,1,1,1,1,2,2,1,1,1,1,1,1,1,1,1,1,1,4,1,1,2,2,1,1,1,1,1,1,1,2,2,1,1,1,1,1,1,1,1,1,1,1,"1,5",2,62,76,33,52,5,5,5,10,6,6,8,42,423,121,2, ,5000,"60,5",2019,"10,72","6,4",9000,5500,3300, , , , ,3500, ,3300, , , ,3500, ,3500,2200, ,0, , ,2,2,2,1,1,2,2,1,2,2,2,1,1,2,,75
6525,1,10,10,24,5,24,4500,22,45,1,42, ,1,444, ,1,1,1,10,12,6,22,13,4400,5,5,1,1,1985,   80687,7, ,1,1,1,1,1,1,1,1,2,1,1,1, ,4, ,79000,212,6, ,4,1,355, , , , ,1,552, ,1,244, ,1,355, , , , ,1,255, ,1,1,2,1,1,1,1,2,1,1,1,1,1,1,1,1,2,1,1,1,1,2,1,1,1,1,2,1,1,1,1,1,1,2,1,1,1,2,1,1,1,1,1,1,2,1,1,1,1,1,2,1,1,1,1,1,1,2,1,1,1,1,2,1,1,1,1,1,1,2,1,1,1,1,2,1,1,1,1,2,1,1,1,1, , , , , , , , , , , , , , , , , , , , , , , , , , , , , , , , , , , , , , , , , , , , , , , , , , , , , , , , ,2,1,1, ,1,7,2,5,1,1,1,1,1,1,1,1,1,1,1,1,1,1,1,1,1,1,2,2,2,2,2,1,4,1,1,1,1,1,1,1,1,1,1,1,1,1,1,1,1,1,1,1,2,2,2,2,1,3,4,22,51,12,38,"3,2",3,3,5,24,5,7,80,806,212,6,4,79000,"35,3333333333333",2022,"7,23",24,4500,22,42, ,45,35, ,444, ,42,35, , ,444, ,444,-20,10,0, , ,2,1,2,2,2,2,2,2,2,2,2,2,2,2,,50
6535,1,4,8,"2,7",3,13,12000,3000, ,2, ,850,2, ,600,2,2,2, ,10,6, , , ,1, , ,1,1965,     863,7, ,1,1,1,1,2,1,1,1,1,1,1,1, ,4, ,3200,125,2, ,0,2, , , , , , , , , , , ,-9, , , , , , , , ,1,2,1,1,1,1,1,2,1,1,1,1,1,1,1,2,1,1,1,2,1,1,1,1,1,2,1,1,1,1,1,2,1,1,1,1,1,2,1,1,1,1,1,2,1,1,1,1,1,1,1,2,1,1,1,1,1,2,1,1,1,1,1,2,1,1,0,1,1,1,1,1,0,1,1,1,1,1,0,1,1,1,1,1, , , , , , , , , , , , , , , , , , , , , , , , , , , , , , , , , , , , , , , , , , , , , , , , , , , , , , , , ,3, ,-8, , ,4,3,3,1,1,1,1,1,1,2,2,2,1,1,1,1,1,1,1,1,1,1,1,1,1,1,1,2,1,1,1,1,1,1,1,1,1,1,1,1,1,1,1,2,2,1,1,1,1,1,1,1,"1,5",2,50,42,10,58,"4,8","4,69230769230769",5,6,2,3,4,86,863,125,2, ,3200,"62,5",2011,"28,74","2,7",12000,3000, ,850, , , , ,600,"2957,55045233125", , , ,"1296,73654635833", ,"1296,73654635833","42,4495476687543", ,0, , ,2,2,2,2,2,2,2,2,2,2,1,1,1,2,,41
6590,1,7,4,"8,5",4,25,15000,6500, ,1,2700, ,1,4000, ,1,2,1,12,6,3,14,15,8000,4, ,1,2,1990,   26607,7, ,1,1,1,2,1,1,1,1,1,1,1,1, ,4, ,3200,130,2, ,0,1,3000, , , , , , , ,1,600, ,1, , , , , , , , ,1,2,1,1,1,1,1,2,1,1,1,1,1,2,1,1,1,1,1,2,1,1,1,1,0,1,1,1,1,1,1,2,1,1,1,1,1,2,1,1,1,1,1,2,1,1,1,1,0,1,1,1,1,1,1,1,1,2,1,1,1,2,1,1,1,1,0,1,1,1,1,1,0,1,1,1,1,1,0,1,1,1,1,1, , , , , , , , , , , , , , , , , , , , , , , , , , , , , , , , , , , , , , , , , , , , , , , , , , , , , , , , ,2,1,2, , ,7,23,18,2,2,2,2,2,2,2,2,2,2,2,2,2,2,2,2,2,2,1,1,1,1,1,1,15,2,2,2,2,2,2,2,2,2,2,2,2,2,2,2,1,1,1,1,1,1,1,1,1,"1,5","1,3",58,42,100,33,"2,9",3,"3,5",1,8,3,3,26,266,130,2, ,3200,65,2023,"8,2","8,5",15000,6500,2700, , , , ,4000, ,2700, , , ,4000, ,4000,3800, ,0, , ,2,2,2,1,2,2,2,1,2,2,1,1,1,2,,41
6682,1,7,7,"9,9",3,23,22000,9940,11000,2, ,",07",1,3030, ,1,1,3,6,10,10,12,13,3500,3,3,1,2,1975,     778,4, ,2,1,1,2,2,1,1,1,1,1,1,1, ,4, ,4500,168,5, ,3,1,7500, , , , ,1,2910, ,1,3500, ,1,3500, , , , ,1,3500, ,1,2,1,1,1,1,1,2,1,1,1,1,1,2,1,1,1,1,3,2,1,2,1,2,1,2,1,1,1,1,1,2,1,1,1,1,1,2,1,1,1,1,1,2,1,1,1,1,0,1,1,1,1,1,1,2,1,1,1,1,1,1,1,2,1,1,0,1,1,1,1,1,0,1,1,1,1,1,0,1,1,1,1,1, , , , , , , , , , , , , , , , , , , , , , , , , , , , , , , , , , , , , , , , , , , , , , , , , , , , , , , , ,2,1,1, ,1,6,2,1,1,1,1,1,1,1,1,1,1,1,1,2,1,1,1,1,1,1,1,1,1,1,1,1,5,1,1,1,1,1,1,1,1,1,1,1,2,2,2,2,2,1,1,1,1,1,1,1,1,3,2,10,31,10,48,"3,2","3,15384615384615","3,5",5,9,2,4,77,778,168,5,3,4500,"33,6",2021,"7,53","9,9",22000,9940, , ,11000,6650, ,3030, , ,6650, , ,3030, ,3030, ,4350,0, , ,2,2,2,2,2,2,2,1,2,2,1,1,1,2,,30
6689,1,9,8,"2,5",4,25,18000,15000, ,2, , ,1,5000, ,2,2,2, ,18,9, , , ,4, , ,2,1964,   21035,7, ,2,1,1,1,1,2,1,1,2,1,1,1, ,4, ,5400,90,4, ,1,1,3600, , , , , , , ,2, ,360,2, ,900, , , , , , ,2,2,1,2,1,1,2,2,1,2,1,1,2,2,1,2,1,1,2,2,1,2,1,1,0,1,1,1,1,1,2,2,1,2,1,1,2,2,1,2,1,1,2,2,1,2,1,1,0,1,1,1,1,1,2,2,1,2,1,1,1,1,1,2,1,1,0,1,1,1,1,1,0,1,1,1,1,1,0,1,1,1,1,1, , , , , , , , , , , , , , , , , , , , , , , , , , , , , , , , , , , , , , , , , , , , , , , , , , , , , , , , ,2,1,2, , ,3,4,6,1,1,2,2,2,2,1,1,1,1,1,2,2,1,1,1,1,1,1,1,1,1,1,1,6,2,2,2,2,2,2,1,1,1,1,1,1,1,1,1,1,1,1,1,1,1,1,1,1,2,6,77,34,15,59,"4,2","4,38461538461539",5,7,2,5,7,21,210,90,4,1,5400,"22,5",2023,"8,2","2,5",18000,15000, , , , , ,5000, , , , , ,5000, ,5000, , ,0, , ,2,2,2,1,2,2,2,1,2,2,1,1,1,2,,33
6768,1,8,7,1800,3,18,1200,1250, ,2, ,50,1,1890, ,2,2,1, ,4,4, , , ,2, , ,2,1984,   55130,4, ,3,1,2,1,1,2,1,2,1,1,1,1, ,4, ,2500,92,3, ,1,1,12000, , , , , , , ,2, ,1500,2, ,100, , , , , , ,1,2,1,1,1,1,1,1,1,1,2,1,1,1,1,1,2,1,1,1,1,2,1,1,1,1,1,2,1,1,1,2,1,1,1,1,1,1,1,1,1,2,1,1,1,1,2,1,1,1,1,1,2,1,1,1,1,2,1,1,1,1,2,1,1,1,1,2,1,1,1,1,1,1,2,1,1,1,1,1,1,1,2,1, , , , , , , , , , , , , , , , , , , , , , , , , , , , , , , , , , , , , , , , , , , , , , , , , , , , , , , , ,2,2,2, , ,6,1,2,1,1,1,1,1,1,1,1,1,1,1,1,1,1,1,1,1,1,1,1,1,1,2,2,2,1,1,1,1,1,1,1,1,1,1,1,1,1,1,1,1,1,1,1,1,1,1,2,2,2,2,125,45,15,39,"2,9","2,92307692307692","3,5",4,1800,4,6,55,551,92,3,1,2500,"30,6666666666667",2016,"12,31","1,8",1200,1250, ,50, , , ,1890, ,"406,173842404549", , , ,1890, ,1890,"843,826157595451", ,0, , ,1,1,2,2,2,1,1,1,2,2,2,2,1,2,,44
6876,1,9,9,7,4,2,35000,5000,5500,2, ,2500,1,2000, ,2,1,3, ,10,5, , , ,4,4, ,2,1972,   26849,4, ,1,1,1,2,1,1,1,1,1,1,1,1, ,4, ,4000,120,3, ,1,1,2000, , , , ,1,2000, , , , ,2, ,0, , , , , , ,1,2,1,1,1,1,1,2,1,1,1,1,1,2,1,1,1,1,1,2,1,1,1,1,1,2,1,1,1,1,1,2,1,1,1,1,1,2,1,1,1,1,1,2,1,1,1,1,1,2,1,1,1,1,1,2,1,1,1,1,1,2,1,1,1,1,1,2,1,1,1,1,0,1,1,1,1,1,0,1,1,1,1,1, , , , , , , , , , , , , , , , , , , , , , , , , , , , , , , , , , , , , , , , , , , , , , , , , , , , , , , , ,3, ,2, , ,9,23,1,2,1,1,1,1,1,1,1,1,1,1,1,1,1,1,1,1,1,1,1,1,1,1,1,1,2,1,1,1,1,1,1,1,1,1,1,1,1,1,1,1,1,1,1,1,1,1,1,1,1,1,1,30,10,51,"2,9","2,84615384615385","3,5",1,7,2,3,26,268,120,3,1,4000,40,2000,"50,62",7,35000,5000, ,2500,5500,5500, ,2000, ,"4938,75938364283",5500, , ,2000, ,2000,"61,2406163571713",0,0, , ,2,2,2,2,2,2,2,2,2,2,2,1,1,2,,29
6887,1,3,2,"4,81",4,25,"14215,74",3470, ,1,1160, ,1,1880, ,1,2,5,10,13,21,5,15,"5057,5",4, ,2,1,1967,   57580,4, ,1,1,1,2,1,1,1,1,1,1,1,1, ,9, ,2000,119,2, ,0,1,4610, , , , , , , , , , ,2, ,0, , , , , , ,1,2,1,1,1,1,1,2,1,1,1,1,1,2,1,1,1,1,1,2,1,1,1,1,1,2,1,1,1,1,1,2,1,1,1,1,1,2,1,1,1,1,1,2,1,1,1,1,0,1,1,1,1,1,0,1,1,1,1,1,1,1,2,1,1,1,0,1,1,1,1,1,0,1,1,1,1,1,0,1,1,1,1,1, , , , , , , , , , , , , , , , , , , , , , , , , , , , , , , , , , , , , , , , , , , , , , , , , , , , , , , , ,3, ,2, , ,6,1,1,1,1,1,1,1,1,1,1,1,1,1,1,1,2,1,1,1,1,1,1,1,1,1,1,1,1,1,1,1,1,1,1,1,1,1,1,1,1,2,1,1,1,1,1,1,1,1,1,1,",5",",5",11,1,100,56,"3,5","3,23076923076923",5,4,4,2,3,57,575,119,2, ,2000,"59,5",2023,"8,2","4,81","14215,74",3470,1160, , , , ,1880, ,1160, , , ,1880, ,1880,2310, ,0, , ,2,2,2,2,2,2,2,1,1,2,1,1,1,2,,0
6927,1,2,6,"5,13",3,21,20000,4750, ,1,1160, ,1,3000, ,2,2,3, ,10,5, , , ,4, , ,2,1960,   30880,7, ,2,1,1,2,1,1,1,1,2,1,1,1, ,4, ,4000,170,3, ,0,1,6500, , , , , , , , , , ,1,0, , , , , , , ,1,2,1,1,1,1,1,2,1,1,1,1,2,2,1,1,1,2,1,2,1,1,1,1,1,2,1,1,1,1,2,2,1,1,1,2,1,2,1,1,1,1,1,2,1,1,1,1,0,1,1,1,1,1,1,2,1,1,1,1,1,1,1,2,1,1,0,1,1,1,1,1,0,1,1,1,1,1,0,1,1,1,1,1, , , , , , , , , , , , , , , , , , , , , , , , , , , , , , , , , , , , , , , , , , , , , , , , , , , , , , , , ,3, ,2, , ,7,1,17,2,2,2,2,2,2,2,1,1,1,1,1,1,1,2,2,2,2,2,2,2,2,2,2,11,1,1,1,1,1,1,1,1,1,2,2,2,2,2,2,2,2,2,2,2,1,1,1,1,",5",10,18,51,25,63,"3,4","3,07692307692308",2,4,5,5,7,30,308,170,3, ,4000,"56,6666666666667",2019,"10,72","5,13",20000,4750,1160, , , , ,3000, ,1160, , , ,3000, ,3000,3590, ,0, , ,2,2,2,2,2,2,2,1,2,2,1,1,1,2,,50
6948,1,11,10,150,4,24,3000,200,250,1,250, ,1,300, ,1,1,1,11,8,12,250,14,2500,4,4,1,2,1988,   70469,6, ,1,1,1,1,1,1,1,1,2,1,1,1, ,4, ,6500,500,3, ,1,1,300, , , , ,1,250, ,1,250, ,1,250, , , , ,1,300, ,1,2,1,1,1,1,2,1,2,1,2,1,2,2,1,2,1,1,1,1,1,1,2,1,2,1,2,2,1,1,1,2,1,1,1,1,2,2,2,1,1,1,1,1,1,1,2,1,2,2,1,2,1,1,1,1,1,1,2,1,1,1,2,1,1,1,2,2,1,1,2,1,1,1,2,1,1,1,0,1,1,1,1,1, , , , , , , , , , , , , , , , , , , , , , , , , , , , , , , , , , , , , , , , , , , , , , , , , , , , , , , , ,2,1,1, ,1,10,8,2,1,1,1,1,2,1,1,1,1,1,1,1,1,1,1,1,1,1,2,1,1,1,1,1,2,1,1,1,1,2,1,1,1,1,1,1,1,1,1,1,1,1,2,1,1,1,1,1,1,8,6,250,70,70,35,"3,2","2,76923076923077",3,11,150,5,7,70,704,500,3,1,6500,"166,666666666667",2022,"7,23",",15",3000,200,250, ,250,300, ,300, ,250,300, , ,300, ,300,-50,-50,0, , ,2,2,1,2,2,2,1,2,1,2,2,2,1,2,,69
7016,1,6,6,8000,3,20,31000,3600,4000,2, ,600,1,5000, ,1,1,1,10,21,6,8000,10,16000,3,3,1,1,1966,   18528,5, ,1,1,1,2,1,1,1,1,1,1,1,1, ,8, ,2900,150,2, ,0,1,2250, , , , ,1,3000, ,1,3000, ,1,2390, , , , ,1,2100, ,1,2,1,1,1,1,1,2,1,1,1,1,1,1,1,1,2,1,1,2,1,1,1,1,1,2,1,1,1,1,1,2,1,1,1,1,1,2,1,1,1,1,1,2,1,1,1,1,1,2,1,1,1,1,1,2,1,1,1,1,1,2,1,1,1,1,1,2,1,1,1,1,1,2,1,1,1,1,1,2,1,1,1,1, , , , , , , , , , , , , , , , , , , , , , , , , , , , , , , , , , , , , , , , , , , , , , , , , , , , , , , , ,2,1,1, ,1,6,23,2,2,1,1,1,1,1,1,1,2,1,1,1,1,1,1,1,1,1,1,1,1,1,1,1,2,1,1,1,1,1,1,1,1,1,1,2,1,1,1,1,1,1,2,1,1,1,1,1,1,1,1,45,57,39,57,3,3,3,1,8000,2,3,18,185,150,2, ,2900,75,2018,"12,05",8,31000,3600, ,600,4000,2000, ,5000, ,"4979,2531120332",2000, , ,5000, ,5000,"-1379,2531120332",2000,0, , ,2,1,2,2,2,2,2,2,2,2,2,2,2,2,,56
7042,1,11,10,10,5,25,26000,10,60,1,5, ,1,4500, ,1,1,1,1,1,6,10,15,15000,4,4,1,2,1986,   86473,6, ,1,1,1,1,1,2,1,1,1,1,1,1, ,-9, ,5000,140,2, , ,1,40, , , , ,1,10, ,1,2000, ,1,1500, , , , ,1,1000, ,1,2,1,1,1,1,1,2,1,1,1,1,1,2,1,1,1,1,1,2,1,1,1,1,1,2,1,1,1,1,1,2,1,1,1,1,1,2,1,1,1,1,1,2,1,1,1,1,1,2,1,1,1,1,1,1,2,1,1,1,1,1,2,1,1,1,1,2,1,1,1,1,1,1,2,1,1,1,1,2,1,1,1,1, , , , , , , , , , , , , , , , , , , , , , , , , , , , , , , , , , , , , , , , , , , , , , , , , , , , , , , , ,2,1,1, ,1,9,4,4,1,1,1,1,1,1,1,1,1,1,1,1,2,2,2,2,1,1,1,1,1,1,1,1,5,1,1,1,1,1,1,1,1,1,1,1,1,2,2,2,2,2,1,1,1,1,1,1,1,4,3,4000,75,70,37,3,"2,53846153846154",3,7,10,2,6,86,864,140,2, ,5000,70,2023,"8,2",10,26000,10,5, ,60,40, ,4500, ,5,40, , ,4500, ,4500,5,20,0, , ,2,2,2,2,2,2,2,2,2,2,2,2,2,2,,74
7059,1,8,6, ,4,20,40000,45,40,1,33, ,2, ,400,1,1,1,5,4,3,2,11,2000,4,4,1,2,1985,   40699,4, ,1,1,1,1,1,1,1,2,1,1,1,1, ,6, ,40000,100,1, ,0,2, ,300, , , ,2, ,390,2, ,300,2, ,400, , , ,2, ,300,1,1,1,2,1,1,1,1,1,2,1,1,1,1,1,2,1,1,1,1,1,1,2,1,1,1,1,2,1,1,1,1,2,1,1,1,1,1,1,2,1,1,1,1,2,1,1,1,0,1,1,1,1,1,1,1,1,1,1,2,1,1,1,2,1,1,1,1,2,1,1,1,1,1,1,1,2,1,1,1,2,1,1,1, , , , , , , , , , , , , , , , , , , , , , , , , , , , , , , , , , , , , , , , , , , , , , , , , , , , , , , , ,2,1,2, ,1,7,22,3,1,1,1,1,1,1,1,2,1,2,1,1,1,1,1,1,1,2,1,1,1,1,1,1,3,1,1,1,1,1,2,1,1,1,2,1,1,1,1,1,1,1,2,1,1,1,1,1,1,4,4,34,47,4,38,"2,7","2,69230769230769",3,18, ,4,6,40,406,100,1, ,40000,100,2018,"12,05", ,40000,45,33, ,40, ,400, ,400,33,"3319,5020746888", , ,"864,491030905554", ,"864,491030905554",12,"-3279,5020746888",0, , ,2,2,1,2,2,2,2,1,1,2,2,1,2,2,,46
